ID,av_rad2019,av_rad2018,av_rad2017,av_rad2016
BG314,0.3589488625526428,0.3196693122386932,0.37560967206954954,0.37610343
BG315,0.23872560858726502,0.20395145416259766,0.26937065124511717,0.24640287
BG321,0.4527044057846069,0.4142074346542358,0.5269258379936218,0.44763726
BG322,0.41892818212509153,0.36724487543106077,0.47938612699508665,0.4045882
BG323,0.42661545276641843,0.41922072172164915,0.45501134395599363,0.42192316
BG324,0.2330694854259491,0.21694476008415223,0.27174503207206724,0.21564238
BG325,0.2190931797027588,0.20627514123916627,0.2503614783287048,0.1852282
BG331,0.8231905460357666,0.7460058689117431,0.8647299766540527,0.7807443
BG332,0.25543121099472044,0.23378927111625672,0.2858668327331543,0.24354278
BG333,0.3044764161109924,0.28050912022590635,0.340561842918396,0.2548691
BG334,0.2783717572689056,0.2653330326080322,0.3394583225250244,0.2675139
BG341,0.4178422451019287,0.3448245882987976,0.4227381706237793,0.37751177
BG342,0.3569915652275085,0.316898113489151,0.38649759292602537,0.33839643
BG343,0.270132040977478,0.2336522102355957,0.3200505137443542,0.2617117
BG344,0.4851150274276733,0.4669408559799194,0.5308577179908752,0.4401838
BG411,5.155758953094482,5.022241687774658,5.490643119812011,4.8048806
BG412,0.3505396008491516,0.32596380114555357,0.4031623363494873,0.35532683
BG413,0.3031511068344116,0.2651315093040466,0.3066720128059387,0.27541167
BG414,0.3412922978401184,0.34384522438049314,0.4003883361816406,0.36320764
BG415,0.20431763529777527,0.19499162435531617,0.24206898212432862,0.22316895
BG421,0.7145218014717102,0.6395283102989197,0.7604686975479126,0.66699034
BG422,0.3408988773822784,0.3066933214664459,0.4039175271987915,0.34275323
BG423,0.348768538236618,0.31492522954940794,0.3958977222442627,0.34905824
BG424,0.17605966925621033,0.12867895364761353,0.18354401588439942,0.15139371
BG425,0.21048269271850586,0.15790582299232483,0.22121856212615967,0.17558956
CH011,1.2177520751953126,1.0111093282699586,1.266058659553528,1.3014802
CH012,0.5196469187736511,0.44246450662612913,0.5527578353881836,0.55380654
CH013,7.014075851440429,5.8204093933105465,7.194237804412841,7.4013104
CH021,0.618438994884491,0.5100977182388305,0.6552401542663574,0.67862284
CH022,0.8340654730796814,0.6156149268150329,0.8644258737564087,0.9343883
CH023,1.7055468320846559,1.4507057428359986,1.7082048416137696,1.5949484
CH024,1.212595319747925,0.976630425453186,1.2844745874404908,1.3716611
CH025,0.7948121190071106,0.6826663970947265,0.7994404196739197,0.84304845
CH031,18.593139266967775,18.514785385131837,16.83813056945801,18.47269
CH032,2.086555337905884,1.913274383544922,2.001763677597046,1.9083855
CH033,1.671308732032776,1.487938141822815,1.7097812652587892,1.638999
CH040,2.3644128799438477,2.0496095180511475,2.0348456859588624,2.1751595
CH051,0.3848057150840759,0.32014495730400083,0.4032470941543579,0.3702158
CH052,0.6042605996131897,0.6227016806602478,0.6849825143814087,0.6674222
CH053,0.598967170715332,0.4675289154052734,0.47380480766296384,0.4810091
CH054,0.34983465671539304,0.2706797182559967,0.31238976716995237,0.3226311
CH055,0.8300488948822021,0.7332730054855346,0.719834303855896,0.7536952
CH056,0.23159605860710145,0.18433869481086732,0.2364288628101349,0.25208288
CH057,0.6478118658065796,0.6140581130981445,0.591077721118927,0.62962705
CH061,0.9831019401550293,0.8164158225059509,0.9989427089691162,0.877434
CH062,0.25397384762763975,0.18586111664772034,0.22875977158546448,0.24886996
AL013,0.1560705065727234,0.13396287560462952,0.16860566139221192,0.17939955
AL015,0.32358909249305723,0.2833010613918304,0.29221138954162595,0.28070334
AL014,0.34222078919410703,0.2903988420963287,0.33271843791007993,0.3093269
AL011,0.1456305742263794,0.12730390429496766,0.16586503982543946,0.15132643
AL012,2.016317939758301,1.7492161750793458,1.7502095460891725,1.6728166
AL021,0.30385870337486265,0.26858395934104917,0.2974164247512817,0.25769332
AL022,2.2986441612243653,1.967219924926758,1.9227264881134034,1.6686257
AL034,0.25538778901100156,0.20729578137397767,0.26221699118614195,0.19181222
AL031,0.32596988081932066,0.2923139691352844,0.3406962513923645,0.26798907
AL032,0.7959633231163025,0.7389868259429931,0.871944522857666,0.85784495
AL035,0.6183290839195251,0.4737157583236694,0.5323066473007202,0.41603285
AL033,0.1888979434967041,0.13117617964744568,0.1805344581604004,0.14240101
AT111,0.3802465558052063,0.3541929483413696,0.343719607591629,0.37799674
AT112,0.7319040060043335,0.7085208058357239,0.7012597680091858,0.7063984
AT113,0.30539391040802,0.2862492561340332,0.29705811142921446,0.30137095
AT121,0.4030710220336914,0.4224920630455017,0.43673781156539915,0.43099514
AT122,0.5317925572395324,0.5302887320518493,0.5176719188690185,0.52304983
AT123,0.739988362789154,0.7989507675170898,0.748057758808136,0.72834086
AT124,0.3272605299949646,0.3467084527015686,0.33244741559028623,0.36211488
AT125,0.45823941230773924,0.4612363338470459,0.42215505838394163,0.4397167
AT126,0.9759981393814087,0.9671616315841675,0.9005321025848388,0.90917987
AT127,2.230249261856079,2.1387189388275147,2.0940185546875,2.0996099
AT130,12.018246269226074,11.227595901489257,11.261561012268066,10.64704
AT211,0.5849632978439331,0.5685442447662353,0.6413493514060974,0.5837247
AT212,0.13578343987464905,0.11784148812294007,0.14005897045135499,0.15068126
AT213,0.21776524782180787,0.20303407907485962,0.23667488098144532,0.24713491
AT221,1.4253949880599976,1.4212237358093263,1.6117895603179933,1.4240098
AT222,0.15157530307769776,0.16541281938552857,0.15964764952659607,0.18424654
AT223,0.32282418608665464,0.3266062796115875,0.32711408138275144,0.33695158
AT224,0.32127014398574827,0.32120696306228635,0.33149579763412473,0.3373027
AT225,0.3241021692752838,0.32960051894187925,0.36714152097702024,0.3606988
AT226,0.1743493139743805,0.19527170658111573,0.20186266899108887,0.19941257
AT311,0.3852038741111755,0.3707555294036865,0.37105569839477537,0.39544463
AT312,1.4622566461563111,1.409512734413147,1.5109208583831788,1.4281821
AT313,0.2443859338760376,0.25197274088859556,0.2449110507965088,0.27238575
AT314,0.24145687222480774,0.2645640730857849,0.2520265936851501,0.28110537
AT315,0.32454231977462766,0.35296312570571897,0.32823885083198545,0.32684603
AT321,0.1315912663936615,0.12418830990791321,0.1514116883277893,0.17434195
AT322,0.21824238300323487,0.21257779598236085,0.24703691005706788,0.2522422
AT323,0.9303792476654053,0.8673683166503906,0.9098372220993042,0.767997
AT331,0.27442187666893003,0.2500452160835266,0.26651171445846555,0.26836646
AT332,0.7778980493545532,0.7005482077598572,0.772965407371521,0.68247193
AT333,0.16188786029815674,0.1538059175014496,0.16657612323760987,0.18633254
AT334,0.33304972052574155,0.28255159258842466,0.31105402708053587,0.29498702
AT335,0.4693493008613586,0.43099901676177976,0.48805091381072996,0.4254038
AT341,0.34518454074859617,0.281156188249588,0.3271604239940643,0.33056
AT342,1.5325305223464967,1.414425826072693,1.3728240489959718,1.281991
BE100,29.463737106323244,27.11576614379883,29.178229904174806,28.829449
BE211,10.32297477722168,9.09117374420166,9.810720062255859,9.688274
BE212,8.012959098815918,7.578911399841308,7.942655181884765,7.43587
BE213,3.6201258659362794,3.173021173477173,3.364216661453247,3.0170202
BE221,3.859270191192627,3.5523258209228517,3.660957670211792,3.4417584
BE222,1.8386561632156373,1.6430957078933717,1.7238632202148438,1.6116232
BE223,2.6879969596862794,2.4633496761322022,2.659811592102051,2.3649383
BE231,3.4327579498291017,3.2442029476165772,3.5098801612854005,3.358001
BE232,3.7688542366027833,3.4522861003875733,3.7781556606292725,3.423928
BE233,1.8397274971008302,1.7685453653335572,1.9988544940948487,1.8544816
BE234,4.899788951873779,4.4723163604736325,4.934144115447998,4.6234317
BE235,2.228237009048462,2.0922547340393067,2.2805071830749513,2.1525779
BE236,7.39002571105957,6.66530475616455,6.71008882522583,5.6772513
BE241,5.8858567237854,5.29098949432373,5.852439498901367,5.4839144
BE242,2.8841992378234864,2.6047643184661866,2.8706069946289063,2.8605509
BE251,4.190415000915527,4.1004692077636715,4.357224559783935,4.1011915
BE252,0.9073261976242065,0.8086628079414367,1.0019765853881837,0.8337871
BE253,1.7999093294143678,1.6035510063171388,1.760898804664612,1.549125
BE254,5.702230072021484,5.300465679168701,5.691968536376953,5.2209344
BE255,4.064999198913574,3.8807440757751466,4.053999042510986,3.7573073
BE256,5.277236080169677,4.701799011230468,4.765509223937988,4.1529255
BE257,2.805901384353638,2.3805798053741456,2.5249956607818604,2.2884755
BE258,2.216189479827881,2.127439832687378,2.3184338569641114,2.215742
BE310,2.5101941585540772,2.229852294921875,2.5073169231414796,2.4232593
BE321,1.8582895755767823,1.7178790330886842,1.821740484237671,1.7041796
BE322,5.532807445526123,5.319207763671875,5.93873701095581,5.821554
BE323,3.4639743328094483,3.2197333335876466,3.423805809020996,3.1437838
BE324,4.96333417892456,4.657745456695556,5.125500297546386,4.793576
BE325,2.5902987480163575,2.4613336086273194,2.634559488296509,2.4577947
BE326,1.1107977390289308,1.005710816383362,1.1379445552825929,1.0915772
BE327,2.9019728660583497,2.6162668228149415,2.7435389518737794,2.560427
BE331,1.7345180273056031,1.6605024099349976,1.858896827697754,1.7639245
BE332,4.693221664428711,4.550100421905517,4.9893146514892575,4.4990454
BE334,1.8741405963897706,1.6973972082138062,1.8674012184143067,1.7574935
BE335,1.1288655757904054,1.1033394098281861,1.2897289752960206,1.1746854
BE336,0.591470456123352,0.5859417080879211,0.6873985290527344,0.64253837
BE341,1.6174798965454102,1.9822174072265626,1.8419310808181764,1.8365964
BE342,0.5558191299438476,0.5859891533851623,0.6712985396385193,0.6740479
BE343,0.6152294635772705,0.5920604825019836,0.6951083898544311,0.7116949
BE344,0.4450319170951843,0.48311070203781126,0.49973187446594236,0.55952233
BE345,0.5263622760772705,0.6192763209342956,0.5577054381370544,0.63855284
BE351,0.6132444500923157,0.604546046257019,0.685293710231781,0.70789725
BE352,1.9435270786285401,1.867319679260254,2.067498064041138,2.0409033
BE353,0.6110487937927246,0.5699104428291321,0.6511507987976074,0.684125
BG311,0.24008605480194092,0.23425639271736146,0.2818996965885162,0.28130177
BG312,0.2068069040775299,0.18995670080184937,0.2410614848136902,0.2357622
BG313,0.28100684881210325,0.2524046957492828,0.3096028625965118,0.3008982
DE40B,0.4520262241363525,0.43501166105270384,0.5494239091873169,0.5331219
DE40C,0.34070960283279417,0.333938455581665,0.4281912803649902,0.4477591
DE40D,0.15417856574058533,0.1328892767429352,0.15660280585289002,0.20279337
DE40E,0.35625252723693845,0.3573885321617126,0.3740058302879333,0.4232554
DE40F,0.12233278751373292,0.119616037607193,0.14357025027275086,0.18537976
DE40G,0.3656428813934326,0.35702035427093504,0.46595600843429563,0.4490785
DE40H,0.4009054064750671,0.3959814667701721,0.43435600996017454,0.48317635
DE40I,0.21396947503089905,0.23821473717689515,0.24726141095161439,0.2795021
DE501,5.739763832092285,6.424490547180175,5.697816944122314,6.6586504
DE502,4.562839126586914,6.062217330932617,5.504295444488525,6.4650464
DE600,7.085584735870361,7.370254611968994,6.347317790985107,7.0475554
DE711,4.781262969970703,4.243453121185302,3.870543098449707,4.0441966
DE712,12.482917404174804,11.762378311157226,12.59530029296875,11.223594
DE713,7.031794166564941,5.999810791015625,6.790279960632324,6.0258183
DE714,5.408103084564209,4.944096660614013,5.334897136688232,4.92174
DE715,1.1175385475158692,1.1150519609451295,0.9957585096359253,0.9795076
DE716,1.0500086307525636,1.1014088153839112,0.9336236476898193,0.95348144
DE717,3.292955493927002,3.0985952377319337,3.2643688678741456,3.0067732
DE718,1.233546829223633,1.227113461494446,1.317404842376709,1.1678814
DE719,0.7147727370262146,0.6784198045730591,0.758271312713623,0.7128393
DE71A,2.6807580947875977,2.5142343997955323,2.724361276626587,2.369616
DE71B,0.3030799388885498,0.3224818170070648,0.28884089589118955,0.29244658
DE71C,2.8595577239990235,2.6251641273498536,2.814606523513794,2.528662
DE71D,0.4990651965141296,0.4548804521560669,0.5435749053955078,0.50453126
DE71E,0.5969626069068908,0.5131500720977783,0.5777877926826477,0.548589
DE721,0.7717836856842041,0.6990111231803894,0.781678831577301,0.7251179
DE722,0.5341851472854614,0.5004825353622436,0.5545491337776184,0.4854588
DE723,0.5869469404220581,0.5545039534568786,0.6298182368278503,0.5774958
DE724,0.34433225393295286,0.3097385823726654,0.35079596042633054,0.32911652
DE725,0.19231314063072205,0.1734643340110779,0.20941800475120545,0.20879091
DE731,4.777651405334472,5.699460124969482,5.25110969543457,4.9815183
DE732,0.4294422626495361,0.41615227460861204,0.4850341439247131,0.44238275
DE929,1.3189326286315919,1.5412138462066651,1.3053213119506837,1.4396853
DE931,0.29383338093757627,0.3039483785629272,0.29060122966766355,0.37002835
DE11A,0.3428277730941772,0.3765578031539917,0.35326180458068845,0.3715467
DE11B,0.3448032200336456,0.37232927083969114,0.3467769086360931,0.36882433
DE11C,0.9143190145492553,0.9332804441452026,1.0082753658294679,0.94383764
DE11D,0.6333436131477356,0.6580167174339294,0.6591177344322204,0.6191495
DE121,1.3427322864532472,1.419714665412903,1.3381587028503419,1.3987203
DE122,6.325724697113037,7.038750743865966,6.362032508850097,6.194469
DE123,1.4465993404388429,1.4904331922531129,1.4806180953979493,1.4467552
DE124,1.0768494367599488,1.1779731273651124,1.1198212862014771,1.1529585
DE125,4.457861995697021,4.443849658966064,4.349904632568359,4.409668
DE126,11.340532875061035,10.226713752746582,11.278122520446777,11.079716
DE127,0.3425037622451782,0.3648090124130249,0.37138024568557737,0.37793952
DE128,1.6736624002456666,1.7215626001358033,1.6408451557159425,1.6604867
DE129,3.625911808013916,4.003958797454834,3.941618061065674,3.7322893
DE12A,0.5071051478385925,0.5194048643112182,0.4953544497489929,0.44150043
DE12B,1.1388023853302003,1.223905897140503,1.1758455991744996,1.0908602
DE12C,0.35568217039108274,0.38591978549957273,0.36794999837875364,0.36661935
DE131,4.304432010650634,4.429694747924804,4.01670274734497,3.8131263
DE132,0.5750897884368896,0.5598159193992615,0.5246426820755005,0.55235827
DE133,0.7088415384292602,0.7374961733818054,0.6462545156478882,0.6630875
DE134,0.9299641609191894,1.0177025556564332,0.9394604921340942,0.97923106
DE135,0.4675439953804016,0.5015514254570007,0.48016867637634275,0.4713989
DE136,0.7643493771553039,0.7896853446960449,0.7501204967498779,0.80434865
DE137,0.7621884703636169,0.7164091229438782,0.6695027709007263,0.7011761
DE138,0.7425502896308899,0.7312786936759949,0.702263867855072,0.74955153
DE139,0.7907914876937866,0.7982439160346985,0.7589005589485168,0.78142136
DE13A,0.2542544960975647,0.2479122042655945,0.2648759543895721,0.29329866
DE141,0.7067287921905517,0.6708762407302856,0.6953895449638366,0.6542583
DE142,0.886339521408081,0.9051683902740478,0.9551981449127197,0.85360104
DE143,0.6257861018180847,0.653654134273529,0.6458104014396667,0.59470135
DE144,4.910165405273437,3.936580276489258,4.829067802429199,4.160642
DE145,0.6324175357818603,0.5461849331855774,0.6059200525283813,0.58906937
DE146,0.3969729900360107,0.3124451398849487,0.4073204755783081,0.38060912
DE147,0.5951760172843933,0.5879135489463806,0.5892810583114624,0.5802239
DE148,0.4113405704498291,0.369183874130249,0.3936740517616272,0.3859764
DE149,0.3433655261993408,0.3054256200790405,0.3638660073280334,0.3510162
DE211,4.544878101348877,5.159906959533691,5.044818019866943,4.897252
DE212,11.172044372558593,10.588446235656738,11.006838417053222,9.496225
DE213,4.445500469207763,4.300287818908691,4.552283859252929,3.9397018
DE214,1.3166041135787965,1.3090234756469727,1.2606190204620362,1.2470247
DE215,0.4047012090682983,0.3999409437179565,0.42436031103134153,0.37895113
DE216,0.2568076908588409,0.2516801118850708,0.24687299728393555,0.26807007
DE217,0.7206670999526977,0.7486462950706482,0.7555579304695129,0.6854741
DE218,0.7712409853935241,0.7166204810142517,0.7288114786148071,0.6557798
DE219,0.49603221416473386,0.5190889596939087,0.5027661681175232,0.51442546
DE21A,0.7604641079902649,0.75703946352005,0.7775517463684082,0.7482249
DE21B,1.3549917697906495,1.3729834318161012,1.448435163497925,1.3561356
DE21C,1.1769225358963014,1.229774570465088,1.2485542058944703,1.1540214
DE21D,0.29471219182014463,0.2894267201423645,0.3114529013633728,0.2881387
DE21E,0.5618964195251465,0.5251008033752441,0.5219149351119995,0.53048664
DE21F,0.4224724531173706,0.4235783576965332,0.40825763940811155,0.3996857
DE21G,0.4625245094299316,0.4666320443153381,0.47489640712738035,0.4960772
DE21H,2.3622106075286866,2.1972936153411866,2.2288952827453614,1.9504615
DE21I,0.46054927110671995,0.5357889890670776,0.5372005462646484,0.5301366
DE21J,0.7998223066329956,0.8752002477645874,0.8555571794509887,0.8180755
DE21K,0.44952706098556516,0.45635435581207273,0.46606812477111814,0.43760544
DE21L,0.801348066329956,0.7641156673431396,0.7328144073486328,0.72277147
DE21M,0.38736275434494016,0.39313766956329343,0.3853932976722717,0.3644529
DE21N,0.4350078463554382,0.4051773905754089,0.42724398374557493,0.43455523
DE221,5.352918720245361,4.962645149230957,5.270557498931884,4.932359
DE222,3.14709792137146,2.9622493743896485,3.060638999938965,2.8337984
DE223,2.935253715515137,3.145740842819214,3.592907762527466,2.9484184
DE224,0.6846895575523376,0.6781503915786743,0.7319668889045715,0.6943331
DE225,0.3263558804988861,0.3344625890254974,0.3609843015670776,0.37755165
DE226,0.6121205449104309,0.6436994433403015,0.6451287031173706,0.6331691
DE227,0.5557499885559082,0.5788814187049866,0.5958036541938782,0.5895044
DE228,0.4229440450668335,0.4273617625236511,0.4425350189208984,0.46098265
DE229,0.3640053629875183,0.3939602732658386,0.3779637575149536,0.3794302
DE22A,0.3275464534759521,0.3322496771812439,0.35671416521072385,0.3885929
DE22B,0.3674252390861511,0.3808849215507507,0.39777556657791135,0.407266
DE22C,0.6207853317260742,0.6379656553268432,0.7034406423568725,0.65732497
DE231,2.354105806350708,2.2097934246063233,2.667697048187256,2.9869647
DE232,9.291300392150879,9.012173271179199,9.597182846069336,7.9648376
DE233,2.4556578159332276,2.188111400604248,2.5756925106048585,2.0316153
DE234,0.3633464932441711,0.3205075621604919,0.34648952484130857,0.36774397
DE235,0.3335454225540161,0.3467670738697052,0.35522828102111814,0.33929157
DE236,0.50007483959198,0.5038710594177246,0.4767094612121582,0.50783813
DE237,0.5076776504516601,0.39465961456298826,0.4962464928627014,0.4334467
DE238,0.5699620008468628,0.5626436829566955,0.5731650948524475,0.55989486
DE239,0.512554919719696,0.5074732661247253,0.5419225454330444,0.50234026
DE23A,0.2979047656059265,0.23301274180412293,0.31192741394042967,0.2760234
DE241,4.617128944396972,4.744339084625244,5.265070056915283,4.9501066
DE242,3.6639851093292237,3.0882168769836427,3.305162763595581,2.9953496
DE243,2.841342544555664,2.833431339263916,3.3495479583740235,2.7387228
DE244,3.0144928455352784,2.4062381744384767,3.2606309413909913,1.9453166
DE245,0.4278009295463562,0.43772063255310056,0.503558075428009,0.4931133
DE246,0.28994700908660886,0.20733583569526673,0.27623549699783323,0.2903998
DE247,0.4090855479240417,0.3593201994895935,0.4327466249465942,0.3952212
DE248,0.5448223114013672,0.5266729354858398,0.6015216469764709,0.59553736
DE249,0.5068933129310608,0.3975735068321228,0.5052079319953918,0.40749937
DE24A,0.3332341372966766,0.2977594494819641,0.3713133096694946,0.3229417
DE24B,0.46623984575271604,0.35380986928939817,0.4423863053321838,0.39284378
DE24C,0.4858137726783752,0.43582329750061033,0.553513503074646,0.50064725
DE24D,0.5141556024551391,0.43640742301940916,0.5065720438957214,0.4393731
DE251,1.9697772026062013,2.1432074069976808,2.271337127685547,1.9829262
DE252,5.264819717407226,5.046247100830078,5.792701339721679,5.26582
DE253,4.2022148132324215,4.592966175079345,4.2723489761352536,4.619615
DE254,9.266038513183593,9.147321319580078,9.083960151672363,9.008437
DE255,3.092895841598511,3.308704471588135,3.0866137504577638,3.1511064
DE256,0.2913813054561615,0.3213708162307739,0.31125507354736326,0.32767865
DE257,0.9023685216903686,0.9491711616516113,1.0478142261505128,1.0322975
DE258,0.6765767693519592,0.7241368651390075,0.6997920036315918,0.7523105
DE259,0.8072170376777649,0.7594094038009643,0.7728094220161438,0.76317656
DE25A,0.24923566579818726,0.28032234907150266,0.2951366662979126,0.3133283
DE25B,0.5420250654220581,0.5793075919151306,0.4925449252128601,0.55887884
DE25C,0.262838339805603,0.29712275266647337,0.24561420679092408,0.2902424
DE261,4.351288890838623,3.9206353187561036,3.8635631561279298,3.8547196
DE262,7.1445270538330075,7.971577262878418,9.11686954498291,8.480008
DE263,4.19600019454956,4.520045375823974,4.231551265716552,4.147992
DE932,0.23300621509552003,0.2533703505992889,0.22150657176971436,0.28992775
DE933,0.521909213066101,0.5638900756835937,0.4709432482719421,0.59037566
DE934,0.08023071885108948,0.07029952704906464,0.08522450029850007,0.12534697
DE935,0.258803254365921,0.26180059313774107,0.24471644163131714,0.3265257
DE936,0.3326099574565887,0.36817721128463743,0.3591910362243652,0.4310822
DE937,0.1711212158203125,0.16792819499969483,0.1434856414794922,0.21720254
DE938,0.20452860593795777,0.20753610730171204,0.18840948343276978,0.26090026
DE939,0.43649516105651853,0.4878180384635925,0.39583144187927244,0.5050563
DE93A,0.12741557359695435,0.11473560929298401,0.11829898357391358,0.17835541
DE93B,0.4282648921012878,0.4257452845573425,0.3940714955329895,0.4466782
DE941,2.091424083709717,2.126244878768921,1.9668777942657472,2.1673267
DE942,3.9804259300231934,3.6506362915039063,4.061113929748535,4.286547
DE943,2.2365184783935548,2.52736291885376,2.2533255577087403,2.3445256
DE944,3.7467244625091554,3.8532105445861817,3.6214030742645265,3.8589976
DE945,2.5664902687072755,3.0413177967071534,2.652562713623047,2.9740114
DE946,0.2067216694355011,0.19908837080001832,0.19970617294311524,0.25743148
DE947,0.23157424330711365,0.23439255952835084,0.22779903411865235,0.30197325
DE948,0.24755934476852418,0.2499163806438446,0.2345570683479309,0.28424317
DE949,0.4341248631477356,0.44152346849441526,0.43026367425918577,0.44757465
DE94A,0.28888574838638303,0.28471401929855344,0.2647903323173523,0.3356848
DE94B,0.43254045248031614,0.47773233652114866,0.4624640703201294,0.48681456
DE94C,0.2949802041053772,0.30443993806838987,0.29703531265258787,0.35981008
DE94D,0.2953946053981781,0.2872860491275787,0.2793358325958252,0.34521478
DE94E,0.4102244734764099,0.42670289278030393,0.4028045296669006,0.4612595
DE94F,0.4770087957382202,0.5064671397209167,0.454219377040863,0.5125589
DE94G,0.3770487070083618,0.40965679883956907,0.38403854370117185,0.4828638
DE94H,0.1632779598236084,0.14234948754310608,0.14342320561408997,0.20836964
DEA11,10.372631645202636,9.122784233093261,9.874504661560058,8.944752
DEA12,8.609551048278808,9.194551086425781,11.366836166381836,9.891366
DEA13,7.289518928527832,7.184741592407226,7.165184116363525,7.59007
DEA14,5.623711681365966,5.047904586791992,5.519250965118408,4.927337
DE733,0.3456300556659698,0.2930381655693054,0.3148975133895874,0.29612392
DE734,0.45139548778533933,0.5177777767181396,0.4882709145545959,0.5096948
DE735,0.2447177529335022,0.22628194689750672,0.26347181797027586,0.25329754
DE736,0.20392612218856812,0.20076269507408143,0.226237690448761,0.22540982
DE737,0.19161469340324402,0.19228190779685975,0.21103248596191407,0.20786831
DE803,5.134648418426513,5.67332706451416,5.462093925476074,5.2615347
DE804,2.001197910308838,2.545030689239502,2.2090142726898194,2.4055953
DE80J,0.14997023940086365,0.13941094875335694,0.1565459132194519,0.19767813
DE80K,0.24033162593841553,0.24203721284866334,0.2468506157398224,0.27407828
DE80L,0.20998693108558655,0.23623976707458497,0.2023305654525757,0.27429554
DE80M,0.2794009804725647,0.2856729984283447,0.27918479442596433,0.31595737
DE80N,0.17476261258125306,0.18739879727363587,0.18781757950782776,0.24829985
DE80O,0.14039323329925538,0.13658568859100342,0.14706037044525147,0.18997774
DE911,3.137181854248047,3.523473596572876,2.9519809246063233,3.2920463
DE912,2.584034776687622,3.066317892074585,1.8410295009613038,2.8982267
DE913,3.9930091857910157,4.433571910858154,3.840302562713623,4.4136143
DE914,0.20470983386039734,0.21217448115348816,0.2064649522304535,0.2730721
DE916,0.34258959293365476,0.39635697603225706,0.3449870407581329,0.39921448
DE917,0.3419568598270416,0.36262348890304563,0.33274040222167967,0.41598362
DE918,0.17859012484550477,0.20057225823402405,0.18384498953819275,0.23643942
DE91A,0.6766919255256653,0.7427898406982422,0.6112276673316955,0.74649686
DE91B,0.4413860201835632,0.47876152992248533,0.39929226636886594,0.48027623
DE91C,0.3379571795463562,0.3817462682723999,0.3651865482330322,0.39842814
DE922,0.24276215434074402,0.26085866093635557,0.24450904726982117,0.27984145
DE923,0.36954102516174314,0.39542690515518186,0.3646817564964294,0.42342857
DE925,0.5020213484764099,0.5800692796707153,0.500350272655487,0.5906466
DE926,0.19134280681610108,0.19965795278549195,0.1737980306148529,0.23764177
DE927,0.17566192746162415,0.16749725341796876,0.16725910305976868,0.22236419
DE928,0.4914148211479187,0.5658206105232239,0.4880958557128906,0.57465494
CH063,0.5167739152908325,0.4165059685707092,0.47649667263031004,0.50545037
CH064,0.26706278920173643,0.21307737231254578,0.2611379086971283,0.28484705
CH065,0.4443297743797302,0.4152472972869873,0.45069310665130613,0.42764112
CH066,1.6446219444274903,1.3015637159347535,1.5273166656494142,1.4885795
CH070,0.82119140625,0.6345932841300964,0.8667561769485473,0.8263293
CY000,2.0313411712646485,2.121164417266846,2.149437999725342,1.9866883
CZ010,13.567517852783203,10.785060501098632,13.688029861450195,11.058845
CZ020,0.9934569358825683,0.7943113803863525,1.0042737483978272,0.8460579
CZ031,0.4681023120880127,0.45712933540344236,0.5072967171669006,0.48650968
CZ032,0.604021942615509,0.5005239605903625,0.6313777923583984,0.53185093
CZ041,0.7029400825500488,0.600006377696991,0.8168899178504944,0.6468121
CZ042,1.06608304977417,0.954341983795166,1.1557295083999635,0.99897563
CZ051,0.8157301306724548,0.7926959753036499,0.8469757795333862,0.82023954
CZ052,0.7588516235351562,0.6670578479766845,0.7949193477630615,0.74018764
CZ053,0.7108065247535705,0.6057397484779358,0.7304302811622619,0.705746
CZ063,0.5418230652809143,0.5515875577926636,0.5452226758003235,0.5293779
CZ064,0.9554694652557373,0.9704040050506592,0.935458755493164,0.9141061
CZ071,0.9537033796310425,0.785396671295166,0.9566372394561767,0.82348704
CZ072,0.8960166931152344,0.8128041982650757,0.8137130498886108,0.8339234
CZ080,1.552666997909546,1.2214112043380738,1.3749688625335694,1.3847641
DE111,9.685317611694336,9.955043411254882,9.081890678405761,9.497293
DE112,1.8027124166488648,1.8314471006393434,1.7731116771698,1.5933913
DE113,2.173506832122803,2.2453890800476075,2.2361207962036134,2.0368855
DE114,1.093540406227112,0.9800716400146484,1.1816502571105958,1.0617228
DE115,2.2392180919647218,2.5295353889465333,2.3316994667053224,2.3462796
DE116,1.09309241771698,1.1084185600280763,1.0804818630218507,1.0432154
DE117,4.141547298431396,4.1147161483764645,3.6786094665527345,3.6595309
DE118,0.9516807556152344,1.013079857826233,0.9622287511825561,0.96252173
DE119,0.380900239944458,0.4038763403892517,0.38070336580276487,0.40638715
DE264,0.8527163028717041,0.7875216960906982,0.7785711050033569,0.803784
DE265,0.3178102433681488,0.300372576713562,0.3660682201385498,0.35258615
DE266,0.2402485966682434,0.21380451917648316,0.2568321883678436,0.2717756
DE267,0.3298792004585266,0.30640137791633604,0.3561216354370117,0.37308806
DE268,0.7091821193695068,0.797050929069519,0.755207872390747,0.8330459
DE269,0.6112384557723999,0.6754168629646301,0.63202885389328,0.59432364
DE26A,0.35072014331817625,0.3437759935855865,0.36503455638885496,0.38745707
DE26B,0.5167146682739258,0.5117900133132934,0.6006784200668335,0.6073308
DE26C,0.4797996640205383,0.5288738965988159,0.5123526215553283,0.5377622
DE271,6.7084613800048825,6.494299030303955,6.8350530624389645,6.2944202
DE272,3.7762592792510987,3.195435380935669,3.510170555114746,3.1756754
DE273,3.5579124450683595,3.0144859313964845,3.3216708660125733,2.7803843
DE274,3.3047553062438966,2.920357084274292,3.34826717376709,3.0878153
DE275,0.7053636074066162,0.7215812563896179,0.7137275099754333,0.6781744
DE276,0.9038517236709595,0.9379421234130859,0.9970932960510254,0.90710765
DE277,0.5022424817085266,0.5336885213851928,0.5797201156616211,0.55134606
DE278,0.7359990835189819,0.7414299011230469,0.7699712872505188,0.72655356
DE279,1.4138538599014283,1.2631624698638917,1.3471189498901368,1.2350546
DE27A,0.5212530851364136,0.4972010612487793,0.4957892060279846,0.46125963
DE27B,0.4246386647224426,0.38333401679992674,0.40455559492111204,0.39103395
DE27C,0.5329520463943481,0.4777186870574951,0.46900138854980467,0.47171423
DE27D,0.4015884757041931,0.46392408609390257,0.43687031269073484,0.46937287
DE27E,0.32134500741958616,0.3027809619903564,0.318375951051712,0.31071952
DE300,7.534607028961181,7.502384281158447,7.570610618591308,7.798586
DE401,1.2649715900421143,1.257204031944275,1.2339972019195558,1.4834547
DE402,1.848041033744812,1.8258962392807008,2.3062246799468995,1.8797228
DE403,1.3890541553497315,1.4885172605514527,1.610941743850708,1.601314
DE404,2.9543024063110352,2.9483502864837647,2.770958995819092,2.9305995
DE405,0.40001741647720335,0.384320592880249,0.47356424331665037,0.49545422
DE406,0.4506723046302795,0.41993597745895384,0.485261058807373,0.49806836
DE407,0.20091036558151246,0.19784889221191407,0.2636601686477661,0.26725566
DE408,0.3926320433616638,0.39057830572128294,0.38854936361312864,0.441092
DE409,0.3204433679580688,0.299765145778656,0.3632346153259277,0.38828316
DE40A,0.3586475610733032,0.35484287738800047,0.33364147543907163,0.43476412
DEB3E,1.2383351087570191,1.3927674055099488,1.3044577598571778,1.2957433
DEB3F,1.5216369390487672,1.7250345706939698,1.493239974975586,1.5676445
DEB3G,0.43101290464401243,0.48082653284072874,0.44144717454910276,0.4466642
DEB3H,0.5746395945549011,0.6037344694137573,0.5884044528007507,0.5826978
DEB3I,1.4964805603027345,1.5593881368637086,1.4874393701553346,1.4298414
DEB3J,1.1521469116210938,1.144274687767029,1.140121078491211,1.0693996
DEB3K,0.38068739175796507,0.38624570369720457,0.3736040949821472,0.38910687
DEC01,2.927305316925049,3.5800610542297364,3.2070022583007813,2.8788772
DEC02,0.5632220864295959,0.6271431803703308,0.5603261351585388,0.5965186
DEC03,1.3147774696350099,1.4091121912002564,1.3139708995819093,1.3500202
DEC04,1.740474796295166,1.9610260486602784,1.8019567489624024,1.9366525
DEC05,1.2908438205718995,1.4256185054779054,1.290018653869629,1.3215017
DEC06,0.5035272002220154,0.5639962911605835,0.5158456921577453,0.5119157
DED21,5.058364963531494,4.747121429443359,4.826780891418457,4.358704
DED2C,0.4192058801651001,0.3782521843910217,0.47077391147613523,0.4631723
DED2D,0.43248370885848997,0.43555775880813596,0.5128804206848144,0.48995697
DED2E,0.6716533064842224,0.6560764074325561,0.8117984294891357,0.7801756
DED2F,0.5972273111343384,0.5155066013336181,0.6111027359962463,0.64242244
DED41,4.7127176284790036,4.076175308227539,5.444486236572265,4.4559264
DED42,0.6844050049781799,0.5636791348457336,0.6960983633995056,0.61608493
DED43,0.5230574369430542,0.49694780111312864,0.5871103763580322,0.574016
DED44,0.6594283938407898,0.5402276277542114,0.6558310151100158,0.5381788
DED45,1.3784513235092164,1.119849181175232,1.38179669380188,1.1603053
DED51,6.431087589263916,6.99107608795166,6.779930210113525,6.996035
DED52,0.6534329414367676,0.6860336422920227,0.6868407487869262,0.71613175
DED53,0.5643413424491882,0.5991835951805115,0.6000872611999511,0.6492451
DEE01,1.1402414798736573,1.215264654159546,1.1789865255355836,1.297583
DEE02,4.7166167259216305,5.386715030670166,4.430416679382324,4.8271337
DEE03,4.351851081848144,4.503684139251709,4.193410015106201,4.749719
DEE04,0.11610985398292542,0.098268261551857,0.1237015187740326,0.16716884
DEE05,0.4921445608139038,0.5593058824539184,0.5034745097160339,0.5792019
DEE06,0.2661199331283569,0.2640668511390686,0.26312739253044126,0.3363494
DEE07,0.3643744945526123,0.3726778388023376,0.35408357381820676,0.45307395
DEE08,0.6332852005958557,0.6184662938117981,0.5773953557014465,0.7157015
DEE09,0.381049907207489,0.44021729230880735,0.37060180902481077,0.45280835
DEE0A,0.3472439706325531,0.394413149356842,0.37565592527389524,0.47742227
DEE0B,1.0102200269699098,1.136522388458252,1.0086270332336427,1.2260816
DEE0C,0.5805189967155456,0.6527358055114746,0.5810492992401123,0.7329317
DEE0D,0.17380494475364686,0.14994627833366395,0.1681990385055542,0.21977247
DEE0E,0.2786897480487823,0.2942634880542755,0.32514408826828,0.3378756
DEF01,5.333604431152343,5.047728157043457,5.234006023406982,5.809568
DEF02,4.9987236022949215,5.50269660949707,4.98828706741333,5.102868
DEF03,2.73614559173584,3.2622934341430665,2.474225378036499,2.9394102
DEF04,3.4677499294281007,4.0243302345275875,3.47945818901062,4.084988
DEF05,0.27912924289703367,0.34047422409057615,0.2708543002605438,0.35243127
DEF06,0.320814973115921,0.3453172206878662,0.3059139609336853,0.35450745
DEF07,0.14685944318771363,0.1321348011493683,0.11732614636421204,0.20195833
DEF08,0.28230119347572324,0.27382019758224485,0.2633524894714355,0.2891978
DEF09,0.9908389806747436,1.0556441307067872,0.9016657829284668,0.9892215
DEF0A,0.28024560809135435,0.23677534461021424,0.24934393763542176,0.31517527
DEF0B,0.29700801372528074,0.3070387303829193,0.25104341506958006,0.32893136
DEF0C,0.21467576026916504,0.18772942423820496,0.17800287008285523,0.25460595
DEF0D,0.46922401189804075,0.5291455149650574,0.44624838829040525,0.47232297
DEF0E,0.291824734210968,0.3309233546257019,0.26347813606262205,0.35654175
DEF0F,0.7854354739189148,0.8671173810958862,0.7143264174461365,0.7639116
DEG01,3.083072280883789,3.2326401233673097,3.5329967498779298,3.6176648
DEG02,2.355065679550171,2.0360711574554444,2.3461414337158204,2.2131903
DEG03,1.6722188949584962,1.738555645942688,1.9524534702301026,2.1970475
DEG04,1.2275479793548585,1.674173927307129,1.7596208810806275,1.4071012
DEG05,1.6021159648895265,1.9064467906951905,2.1135343074798585,2.0821788
DEG06,0.2734923124313354,0.31601217985153196,0.30357075333595274,0.33887967
DEG07,0.3871175408363342,0.42347232103347776,0.42865089178085325,0.5847481
DEG09,0.2670240759849548,0.28518528342247007,0.2995047628879547,0.3989672
DEG0A,0.22235242128372193,0.23118013739585877,0.22388253211975098,0.32808667
DEG0B,0.31256834268569944,0.3423264384269714,0.4031243085861206,0.37385806
DEG0C,0.5396387338638305,0.579403018951416,0.623201048374176,0.6885616
DEG0D,0.2837557852268219,0.2887707412242889,0.30465338230133054,0.39475054
DEG0E,0.1880299210548401,0.1835629403591156,0.23055187463760377,0.22217236
DEG0F,0.534796392917633,0.5212336540222168,0.5931047558784485,0.62580204
DEG0G,0.3759745717048645,0.3930140495300293,0.4585790991783142,0.48858556
DEG0H,0.4036290407180786,0.3634040117263794,0.42587093114852903,0.39733443
DEG0I,0.37512037754058836,0.33227590322494505,0.39290968179702757,0.38578022
DEG0J,0.4499271273612976,0.43836662769317625,0.5103212356567383,0.54390115
DEG0K,0.37473556995391843,0.3176980376243591,0.38435045480728147,0.343421
DEG0L,0.543699300289154,0.43456450700759885,0.525989031791687,0.5116418
DEG0M,0.6627695918083191,0.6112966299057007,0.648274278640747,0.7027634
DEG0N,1.4762384653091432,1.5648406505584718,1.787862515449524,1.5716159
DEG0P,0.29504565000534055,0.2942896544933319,0.341054892539978,0.33416185
DK011,9.176425552368164,8.619381523132324,8.551092720031738,10.578709
DK012,5.540228462219238,5.157884693145752,5.469966030120849,6.519441
DK013,0.8012500166893005,0.7138551831245422,0.7537297368049621,1.0435925
DK014,0.11969888806343079,0.07335554659366608,0.10345680117607117,0.1775488
DK021,1.7957701444625855,1.576832389831543,1.8617893218994142,1.9327333
DK022,0.26573613882064817,0.22814423441886902,0.25066993236541746,0.3456289
DK031,0.7619153022766113,0.7207168102264404,0.833878493309021,1.116602
DK032,0.28387818336486814,0.2780663430690765,0.2736847460269928,0.35587966
DK041,0.20056325793266297,0.19613725543022156,0.2053665280342102,0.28173503
DK042,0.4385311961174011,0.3874449491500854,0.4247103691101074,0.53764707
DK050,0.27336392402648924,0.28367227911949155,0.26624075174331663,0.3911379
EE001,1.9420591354370118,1.502221441268921,1.0654589891433717,1.9254134
EE004,0.12601417899131775,0.07535787522792817,0.0716879278421402,0.18373737
EE006,0.2709925830364227,0.24133742451667786,0.18120808005332947,0.3091093
EE007,0.605289614200592,0.5489469528198242,0.40112087726593015,0.63507026
EE008,0.35605052709579466,0.2661805510520935,0.2369052529335022,0.4130529
EL301,48.198133087158205,42.35400924682617,45.720479583740236,44.024765
EL302,41.20809707641602,37.00542984008789,41.52203140258789,39.60157
EL303,57.874219512939455,51.14884719848633,55.19711074829102,52.15756
EL304,49.82719955444336,44.119775390625,48.798623657226564,46.398766
EL305,7.534900283813476,6.490648365020752,7.089639282226562,6.791508
EL306,5.417444801330566,4.547508811950683,5.036205863952636,4.800179
EL307,4.157666778564453,3.725035047531128,4.1415997505187985,3.804439
EL411,0.4608005046844482,0.4428484797477722,0.48748610019683836,0.53570926
EL412,0.5861788749694824,0.518150782585144,0.634402847290039,0.58366805
EL413,0.5210256338119507,0.47516403198242185,0.5779505133628845,0.4616199
EL421,1.1363904237747193,1.1907193422317506,1.1654559135437013,1.068848
EL422,0.7498900055885315,0.6561209321022033,0.6811644792556762,0.689144
EL431,1.127601718902588,1.087000346183777,1.1135626792907716,1.0253972
EL432,0.5366857409477234,0.5273433685302734,0.579424774646759,0.5223896
EL433,0.5648005962371826,0.5365325570106506,0.5783061146736145,0.65423536
EL434,0.8434526085853576,0.7909267902374267,0.8246086597442627,0.7444741
EL511,0.5077378511428833,0.45452926158905027,0.5222971796989441,0.47066993
EL512,0.7108787655830383,0.7036496758460998,0.758942699432373,0.71472603
EL513,0.4179422616958618,0.3817365527153015,0.41273156404495237,0.39792228
EL514,0.42695072889328,0.3817949056625366,0.43780515193939207,0.36917618
EL515,1.185007429122925,1.1446301698684693,1.226258134841919,1.1229202
EL521,1.357584571838379,1.1342077016830445,1.2369519233703614,1.1164565
EL522,2.7437995433807374,2.473211145401001,2.483297920227051,2.3432693
EL523,0.46978393793106077,0.38532248735427854,0.40672937631607053,0.36054
DEA15,4.2978263854980465,3.556918239593506,3.7487441062927247,3.3378205
DEA16,7.268310165405273,7.0099540710449215,7.513993835449218,7.0114303
DEA17,6.46163854598999,6.522565460205078,6.627975559234619,6.7755356
DEA18,3.765119171142578,3.6960450172424317,4.1746269226074215,3.9358253
DEA19,3.402156686782837,2.908027744293213,3.1836517810821534,2.994284
DEA1A,3.1645751953125,2.9881499767303468,3.2727542877197267,3.1325314
DEA1B,0.9279361724853515,0.8865012884140014,0.8939965724945068,0.9655434
DEA1C,3.103011703491211,2.6210657119750977,2.908861017227173,2.701143
DEA1D,3.0085888862609864,2.8681326866149903,2.9380978107452393,2.673662
DEA1E,1.7482739448547364,1.5860788583755494,1.7024527549743653,1.4927354
DEA1F,1.0341516494750977,1.0271671772003175,1.0039530754089356,1.0807545
DEA22,5.627040958404541,4.842927551269531,5.318990802764892,4.9489975
DEA23,8.874227142333984,8.032872772216797,8.44072208404541,7.743475
DEA24,8.921197509765625,7.502682304382324,7.202291584014892,7.296485
DEA26,1.1860399007797242,1.1034847259521485,1.1911995172500611,1.1045456
DEA27,2.7578938961029054,2.628947114944458,2.8231998443603517,2.495568
DEA28,0.5503712058067322,0.47383550405502317,0.5324917793273926,0.503619
DEA29,1.296100950241089,1.1256822109222413,1.2081032752990724,1.0533154
DEA2A,0.573223865032196,0.530008053779602,0.580177640914917,0.54475635
DEA2B,1.298412299156189,1.1121135711669923,1.2787891387939454,1.2219807
DEA2C,1.5679604768753053,1.3359269857406617,1.461157774925232,1.3303497
DEA2D,2.2733291149139405,2.0903733730316163,2.2130821704864503,2.0087872
DEA31,3.394843912124634,3.2863746643066407,3.4723323345184327,4.1891627
DEA32,7.933379745483398,8.622263526916504,6.5196491241455075,7.743506
DEA33,1.9074584007263184,2.0269342422485352,1.921908712387085,1.9745328
DEA34,0.6205187201499939,0.6464745163917541,0.6505620837211609,0.7294499
DEA35,0.3712118029594421,0.3913921475410461,0.3683322429656982,0.41832617
DEA36,1.9560657501220704,2.0784882068634034,1.949740505218506,2.0565488
DEA37,0.5656597971916199,0.6023778080940246,0.5736877679824829,0.62379223
DEA38,0.42265710830688474,0.44275144338607786,0.4081310391426086,0.4467949
DEA41,2.253517246246338,2.4956656455993653,2.2185572147369386,2.5083268
DEA42,0.7997081041336059,0.8488230466842651,0.7385709047317505,0.8064732
DEA43,1.0250837564468385,1.0640127420425416,0.9718197345733642,1.063814
DEA44,0.2189074218273163,0.2526537239551544,0.21329570412635804,0.26851952
DEA45,0.44971189498901365,0.47640076875686643,0.42812219858169553,0.47012082
DEA46,0.4668183088302612,0.49242315292358396,0.4436225652694702,0.50098765
DEA47,0.5843721389770508,0.6665687918663025,0.5871289730072021,0.6537074
DEA51,5.90309772491455,5.847334480285644,5.374097919464111,5.669624
DEA52,5.784113025665283,5.930883979797363,5.4680276870727536,5.6173434
DEA53,2.864620304107666,2.82635817527771,2.9140130043029786,2.9308558
DEA54,2.069440221786499,2.3007100582122804,2.159070587158203,2.236639
DEA55,8.513251876831054,8.411343193054199,7.851396179199218,8.226392
DEA56,1.8023190259933473,1.6725615024566651,1.7643596887588502,1.7435398
DEA57,0.33089843988418577,0.36672780513763426,0.37145850658416746,0.39007792
DEA58,0.9456372022628784,0.9799915313720703,0.9882724046707153,0.97113776
DEA59,0.5374223947525024,0.5582308530807495,0.5737868309020996,0.54122716
DEA5A,0.559878921508789,0.5875321388244629,0.6343804359436035,0.54934263
DEA5B,0.5757562279701233,0.6186137557029724,0.5738770723342895,0.63309777
DEA5C,1.7745216846466065,1.9070366382598878,1.751963472366333,1.8191178
DEB11,3.874756908416748,3.358610725402832,3.625524139404297,3.1552727
DEB12,0.4911710977554321,0.421393609046936,0.49598649740219114,0.44906163
DEB13,0.39133874177932737,0.3500030994415283,0.4184808492660522,0.38264325
DEB14,0.5309700131416321,0.5630265235900879,0.46343854665756223,0.5150963
DEB15,0.4262863755226135,0.49783209562301634,0.48691329956054685,0.45678183
DEB17,0.9234789371490478,0.8173253893852234,0.9665390014648437,0.86394966
DEB18,0.972623324394226,0.8621859312057495,1.0667656421661378,0.933189
DEB1A,0.3840166687965393,0.33328730463981626,0.41309711933135984,0.38510412
DEB1B,0.5879812598228454,0.5665941596031189,0.6817249417304992,0.547834
DEB1C,0.30128694176673887,0.2800873577594757,0.36776391267776487,0.3645543
DEB1D,0.4524099588394165,0.4349276781082153,0.5215088486671448,0.4698843
DEB21,2.611958360671997,3.3627928256988526,3.112187957763672,3.4378893
DEB22,0.466832435131073,0.4817808628082275,0.48283199071884153,0.5169665
DEB23,0.28541884422302244,0.29720876216888426,0.3364958524703979,0.35230777
DEB24,0.33235368728637693,0.3534178495407104,0.41538033485412595,0.3792012
DEB25,0.507569408416748,0.5718714356422424,0.5497031569480896,0.5734827
DEB31,6.9661918640136715,7.453917598724365,7.176992034912109,6.509074
DEB32,3.3000744342803956,3.7871843338012696,2.8539303302764893,3.213256
DEB33,1.6133907794952393,1.714116907119751,1.5551181793212892,1.3499627
DEB34,14.592023468017578,13.99280891418457,14.169170951843261,14.327172
DEB35,5.8942032814025875,5.3065520286560055,5.678278541564941,5.1234064
DEB36,1.81250319480896,1.8293690443038941,1.7862694025039674,1.609751
DEB37,2.394677972793579,2.702874755859375,2.5707319736480714,2.4495084
DEB38,6.498321628570556,6.7461834907531735,6.736120796203613,7.005282
DEB39,2.9249762058258058,3.3086987495422364,2.776607131958008,2.751026
DEB3A,2.245308494567871,2.47796688079834,2.1988922119140626,2.209731
DEB3B,0.6084403157234192,0.6636754035949707,0.6137918591499328,0.5803121
DEB3C,0.7942847967147827,0.8425731420516968,0.7746588945388794,0.7434507
DEB3D,0.39429757595062254,0.42541215419769285,0.37980554103851316,0.37964806
FI193,0.3600796818733215,0.18733728528022767,0.29973838329315183,0.43124115
FI194,0.8126844525337219,0.4529853820800781,0.5781754612922668,0.69854265
FI195,4.4074951171875,3.255522108078003,3.7935253143310548,3.6048656
FI196,0.9018491268157959,0.6276434421539306,0.7686549186706543,1.0517645
FI197,0.8765181064605713,0.5190447926521301,0.6314599275588989,0.85843945
FI1B1,2.8560837268829347,1.8891318798065186,2.846993064880371,2.9565382
FI1C1,1.1072572231292725,0.7427075266838074,0.9256285190582275,1.1546761
FI1C2,0.7464595794677734,0.5091337323188782,0.7490095853805542,0.859726
FI1C3,0.8501792907714844,0.5635416865348816,0.8233079075813293,0.8923296
EL642,0.6722200274467468,0.4937530517578125,0.6755176544189453,0.64546514
EL643,0.18963733911514283,0.11322409510612488,0.1868370234966278,0.13650753
EL644,0.8816697359085083,0.7292484998703003,0.9913931846618652,0.9261709
EL645,0.3300710380077362,0.2160082519054413,0.3502951622009277,0.28861898
EL651,0.5977350831031799,0.5107242226600647,0.6325384736061096,0.53828555
EL652,1.541209077835083,1.340786910057068,1.5942773580551148,1.4394069
EL653,0.5244980812072754,0.5192050695419311,0.5610221982002258,0.47419557
ES111,1.3471423149108888,1.3060514688491822,1.4080028295516969,1.3992113
ES112,0.3642902135848999,0.38459775447845457,0.4124624490737915,0.43675736
ES113,0.5084276556968689,0.4818402290344238,0.5294251203536987,0.5753184
ES114,1.9909800052642823,1.8934081554412843,2.022633171081543,2.066049
ES120,0.9947036266326904,1.006677007675171,1.0641884565353394,1.1129582
ES130,1.1351548194885255,1.2041877269744874,1.332913374900818,1.3862387
ES211,1.7269055604934693,1.7538838148117066,1.85132155418396,1.8550326
ES212,2.633397912979126,2.7053850650787354,2.933620548248291,2.7356222
ES213,4.220229244232177,4.42090425491333,4.680882549285888,4.651149
ES220,0.9520864248275757,0.940593934059143,1.0081251621246339,0.98472285
ES230,1.198915457725525,1.160015916824341,1.1661273002624513,1.1175003
ES241,0.31829956769943235,0.3122590839862823,0.32667515277862547,0.34525824
ES242,0.2408243775367737,0.23102519512176514,0.2512850224971771,0.28384954
ES243,0.8659350633621216,0.8446133494377136,0.8505038976669311,0.84062743
ES300,7.322227573394775,6.618678188323974,7.472376441955566,7.605073
ES411,0.3509633898735046,0.31302101016044614,0.3466977536678314,0.37511066
ES412,0.40777221918106077,0.40843102931976316,0.438386058807373,0.46849537
ES413,0.48599729537963865,0.48659024238586424,0.5030497670173645,0.53458744
ES414,0.3725213766098022,0.3516604661941528,0.3750756740570068,0.40283656
ES415,0.41570881605148313,0.3877112030982971,0.4254100680351257,0.44033143
ES416,0.489467716217041,0.48459569215774534,0.4902943730354309,0.5592901
ES417,0.2860827505588531,0.2801716387271881,0.31374106407165525,0.3104004
ES418,0.9340698480606079,0.8829234600067138,0.9470691442489624,0.9810308
ES419,0.27056140303611753,0.2513237655162811,0.2715618073940277,0.2941876
ES421,0.39044109582901,0.31911796927452085,0.39668587446212766,0.40361112
ES422,0.5108628034591675,0.43073407411575315,0.5076660275459289,0.5451804
ES423,0.33072066903114317,0.27386844754219053,0.32551307082176206,0.34309843
ES424,0.39868119955062864,0.37247267961502073,0.39808872938156126,0.46932766
ES425,0.8729506492614746,0.7392807364463806,0.8858645915985107,0.90224016
ES431,0.4497185707092285,0.40062484741210935,0.4990751504898071,0.53605837
ES432,0.29554188847541807,0.24200359582901002,0.29851082563400266,0.32071096
ES511,5.429600811004638,5.271335220336914,5.394488906860351,5.4739294
ES512,1.670092797279358,1.5956578016281129,1.6586193799972535,1.6493883
ES513,0.5669346809387207,0.5423548579216003,0.5753179550170898,0.5792649
ES514,2.1769145488739015,2.10380277633667,2.1310838222503663,2.078745
ES521,5.544708347320556,4.677917575836181,5.309411144256591,5.1942415
ES522,1.7250513792037965,1.4803459405899049,1.5951289892196656,1.6434438
ES523,2.8884883880615235,2.5444983005523683,2.913023090362549,3.0537934
HR048,0.374135410785675,0.29992849230766294,0.3981184124946594,0.4222955
FR102,1.9885090351104737,1.8903685569763184,2.1013694763183595,2.1676967
FR103,4.007952308654785,3.890219306945801,4.287167167663574,4.4172506
FR104,4.71315107345581,4.560842132568359,5.015297985076904,5.0837636
FR105,31.140304183959962,29.807378387451173,32.44147262573242,33.928513
FR106,30.397012329101564,28.80542907714844,32.088311767578126,33.175945
FR107,25.14958724975586,23.97963104248047,26.29467353820801,27.654505
FR108,6.291422939300537,5.891479110717773,6.663515663146972,6.839154
FRB01,0.4832558989524841,0.4028566837310791,0.5013844132423401,0.50697464
FRB02,0.5947719573974609,0.6107782483100891,0.6704230070114136,0.70489126
FRB03,0.22450635433197022,0.16690174341201783,0.243314927816391,0.2702682
FRB04,1.04279682636261,1.0765923023223878,1.1964792966842652,1.1934441
FRB05,0.2650431156158447,0.23646522164344788,0.2688159704208374,0.3273513
FRB06,0.7639981269836426,0.8724579572677612,0.8329788208007812,0.91966766
FRC11,0.5592149257659912,0.4606331944465637,0.5246525764465332,0.5956197
FRC12,0.20630634427070618,0.14252833127975464,0.20900309681892396,0.23756634
FRC13,0.4725059628486633,0.40132865905761717,0.5118877649307251,0.57265973
FRC14,0.3541229128837585,0.344337260723114,0.3574632167816162,0.41170278
FRC21,0.8573121786117553,0.7541147232055664,0.9179831504821777,0.93247885
FRC22,0.46232513189315794,0.3819867134094238,0.4875693082809448,0.51150966
FRC23,0.29353163242340086,0.283271586894989,0.33925668001174925,0.37029538
FRC24,1.5215341806411744,1.527352786064148,1.7768934726715089,1.76472
FRD11,0.6240557193756103,0.5753364324569702,0.6975946187973022,0.78901637
FI1C4,1.0739269018173219,0.7728745698928833,0.9729537725448608,1.1824092
FI1C5,0.7571751236915588,0.5541007280349731,0.7265841722488403,0.8785348
FI1D1,0.2617928147315979,0.15868306756019593,0.23954997062683106,0.31460488
FI1D2,0.49133477210998533,0.2798361241817474,0.36815778017044065,0.48467132
FI1D3,0.23468047976493836,0.11542845368385315,0.2048898994922638,0.27798223
FI1D5,0.42219225168228147,0.30156130194664,0.31504634618759153,0.5374819
FI1D7,0.27383766174316404,0.13227439522743226,0.3971968650817871,0.47698748
FI1D8,0.17547390460968018,0.08042163252830506,0.1383799970149994,0.274274
FI1D9,0.3385093569755554,0.21485514044761658,0.32570690512657163,0.43413788
FI200,0.1682281255722046,0.12555158734321595,0.1630326271057129,0.33686316
FR101,40.27625427246094,38.525621032714845,42.725,47.74963
EL524,0.5748481512069702,0.46702597141265867,0.5131842255592346,0.49106514
EL525,1.4319578170776368,1.1857555866241456,1.3511582374572755,1.0814614
EL526,0.5628761410713196,0.4898453116416931,0.5423613548278808,0.5077662
EL527,0.6559229850769043,0.5344377517700195,0.5970890283584595,0.48703063
EL531,0.5516684412956238,0.4191362619400024,0.5638451337814331,0.4611323
EL532,0.4996716737747192,0.3737351655960083,0.4913639187812805,0.3731318
EL533,0.5352567791938782,0.4104962110519409,0.5005241990089416,0.4626121
EL541,0.6618759989738464,0.5625028371810913,0.6823680758476257,0.5815784
EL542,0.7635336279869079,0.6586143732070923,0.8036904692649841,0.72968346
EL543,0.5980221390724182,0.4661186695098877,0.5681192636489868,0.45291707
EL611,0.680734372138977,0.5093332290649414,0.6264037847518921,0.51096666
EL612,0.7293193697929382,0.5841563701629638,0.7374212503433227,0.61550003
EL613,1.005086398124695,0.8210111618041992,0.998593544960022,1.0061044
EL621,1.9625502586364747,1.6148218870162965,1.996700143814087,1.8963231
EL622,1.4074381351470948,1.1296564102172852,1.3923024892807008,1.2661673
EL623,0.5608731269836426,0.43283734321594236,0.5389844536781311,0.4665173
EL624,1.1990687608718873,0.9814172744750976,1.2649079322814942,1.1585712
EL631,0.5780545234680176,0.4469865322113037,0.5785993099212646,0.4487581
EL632,1.2422687768936158,1.0702928066253663,1.200271224975586,1.0049185
EL633,0.7598950028419494,0.687155818939209,0.8318049073219299,0.72988206
EL641,1.1205186605453492,0.8248819470405578,1.102573847770691,1.021266
ES531,3.361798620223999,2.794731950759888,3.117489194869995,3.3714666
ES532,2.4780038356781007,2.155135250091553,2.4589751720428468,2.530028
ES533,1.423309063911438,1.2281784772872926,1.2421526670455934,1.2621831
ES611,1.336004948616028,1.2533387899398805,1.2963469982147218,1.2681603
ES612,2.607516860961914,2.568256711959839,2.6792005062103272,2.5874743
ES613,0.837072229385376,0.7642851829528808,0.8938448190689087,0.8788351
ES614,0.9712961673736572,0.8663631439208984,0.975535249710083,0.95526546
ES615,1.0420268535614015,0.933001971244812,1.064397668838501,1.0424327
ES616,0.7965104341506958,0.7054967641830444,0.8016500234603882,0.7677414
ES617,2.8593011856079102,2.5428319931030274,2.818648672103882,2.7448726
ES618,2.0164369106292725,1.7837959289550782,2.0367327690124513,1.9695495
ES620,2.645623540878296,2.3078208923339845,2.5443457126617433,2.4764607
ES630,25.091729736328126,26.649983978271486,27.820930099487306,29.250511
ES640,78.01813659667968,84.29603729248046,89.75747833251953,87.52385
ES703,0.3596730589866638,0.3894906401634216,0.4361803293228149,0.4113946
ES704,1.0896243810653687,1.1132288932800294,1.2339884996414185,1.2991967
ES705,6.6436773300170895,6.491463756561279,6.701352214813232,6.890903
ES706,0.6829784870147705,0.7090060472488403,0.784516429901123,0.77267724
ES707,0.46444336175918577,0.4986794352531433,0.5352056384086609,0.64683974
ES708,2.1207548141479493,2.080303764343262,2.2154437065124513,2.1379652
ES709,4.015929794311523,3.880174255371094,3.9898930549621583,4.049006
HU321,0.4987189531326294,0.3951599359512329,0.4147965669631958,0.47735292
HU322,0.3663673162460327,0.32122099995613096,0.38289151191711424,0.3969111
FRI32,0.44966737031936643,0.40328041315078733,0.5333166480064392,0.68996185
FRI33,0.2949571669101715,0.23481149077415467,0.31050286293029783,0.3571827
FRI34,0.3196184992790222,0.2706857681274414,0.3397515475749969,0.40186182
FRJ11,0.7788411140441894,0.7499982476234436,0.8371832132339477,0.8736545
FRJ12,1.3946232557296754,1.3835906744003297,1.5143092632293702,1.543682
FRJ13,1.985392427444458,1.9843650817871095,2.1500664710998536,2.1996458
FRJ14,0.23096898794174195,0.23225659728050232,0.28207085132598875,0.30041435
FRJ15,1.718889093399048,1.7079589128494264,1.792221760749817,1.8070155
FRJ21,0.41162792444229124,0.40046600103378294,0.4634645342826843,0.47456512
FRJ22,0.297797030210495,0.29789785146713255,0.3832730412483215,0.3948176
FRJ23,1.8783546447753907,1.9066415786743165,2.12866792678833,2.247449
FRJ24,0.245661860704422,0.26125836968421934,0.3189884781837463,0.3491964
FRJ25,0.21079341173171998,0.18131763339042664,0.2493416428565979,0.27199534
FRJ26,0.5149513840675354,0.5321660995483398,0.5746113419532776,0.60545903
FRJ27,0.505967116355896,0.525735592842102,0.5931281805038452,0.60902405
FRJ28,0.5804702997207641,0.576783275604248,0.6475165843963623,0.68075556
FRK11,0.29242924451828,0.22779438495635987,0.3148323059082031,0.32981783
FRK12,0.2544174253940582,0.2172485649585724,0.3219433486461639,0.35449395
FRK13,0.2982040703296661,0.23695994019508362,0.33454922437667844,0.38056874
FRK14,0.5817349910736084,0.5209824204444885,0.6553917288780212,0.6610667
FRK21,1.1827715396881104,1.08139226436615,1.3210353612899781,1.3124869
FRK22,0.5324356913566589,0.46324864625930784,0.5605574607849121,0.5993671
FRK23,0.8778620719909668,0.7604979634284973,0.8896591424942016,0.9443135
FRK24,1.3184625864028932,1.1839273929595948,1.4461222648620606,1.499247
FRK25,1.2520178318023683,1.1055615901947022,1.3276949882507325,1.4516085
FRK26,4.264135456085205,3.9716492652893067,4.482440090179443,4.591797
FRK27,0.8817838191986084,0.7952827572822571,0.9953795433044433,0.990819
FRK28,1.5057196378707887,1.2833063364028932,1.64145348072052,1.7262815
FRL01,0.2920705437660217,0.292339688539505,0.32947162389755247,0.3481601
FRL02,0.3585119009017944,0.32165942192077634,0.370099401473999,0.42686966
FRL03,2.052326774597168,2.055763816833496,2.1751144886016847,2.2135854
FRL04,4.356290435791015,4.307887172698974,4.400727367401123,4.531883
FRL05,1.925408697128296,1.8825200557708741,1.93208966255188,1.9450036
FRL06,1.7389936208724976,1.6565462112426759,1.85080943107605,1.8809454
FRM01,0.4039307594299316,0.39565054178237913,0.4364932537078857,0.43879238
FRM02,0.47267327308654783,0.4753654360771179,0.5367449879646301,0.5399793
FRY10,NaN,NaN,NaN,NaN
FRY20,NaN,NaN,NaN,NaN
FRY30,0.05791836082935334,0.0817420244216919,0.09577443301677704,0.029370671
FRY40,NaN,NaN,NaN,NaN
FRY50,NaN,NaN,NaN,NaN
HR031,0.9971115350723266,0.9513678312301636,1.1073071718215943,1.032333
HR032,0.19729146957397461,0.19471333026885987,0.24826902747154236,0.2254167
HR033,0.5617354869842529,0.5461774826049804,0.6207794308662414,0.5596843
HR034,0.6646819472312927,0.6320812463760376,0.6844610929489136,0.6430556
HR035,1.076828932762146,1.0375754594802857,1.067937707901001,1.023576
HR036,1.052341675758362,0.9342370986938476,1.0708487987518311,1.0659901
HR037,0.9933631181716919,0.9918979167938232,1.0524843692779542,1.0239795
HR041,12.898103332519531,11.253717041015625,13.601399993896484,13.661395
HR042,1.4907134532928468,1.476864790916443,1.722053861618042,1.720626
HR043,0.8381343841552734,0.7912422776222229,0.8713119983673095,0.8445218
HR044,1.1845856666564942,1.0704908132553101,1.2024328470230103,1.1623927
HR045,0.5961152076721191,0.5226773977279663,0.564670717716217,0.57610905
HR046,0.697588837146759,0.6489687919616699,0.7430134773254394,0.71683615
HR047,0.2801425516605377,0.25830591320991514,0.27600274085998533,0.27787298
HR049,0.38021097183227537,0.2872597336769104,0.4430405259132385,0.3925296
HR04A,0.7924134492874145,0.6860383510589599,0.9240611553192138,0.8756112
HR04B,0.6592811703681946,0.5325366616249084,0.7058363318443298,0.6937044
HR04C,0.790279483795166,0.6944885611534118,0.9045215606689453,0.86845744
HR04D,0.47045705318450926,0.45910564661026,0.5096649885177612,0.49913716
HR04E,0.38003543615341184,0.37243024110794065,0.4682911992073059,0.47533625
HU110,16.487691497802736,15.322490310668945,15.507419204711914,16.189949
HU120,1.0607831239700318,0.99825439453125,1.0174580574035645,1.057264
HU211,0.724856173992157,0.6035922527313232,0.6271418690681457,0.7207701
HU212,0.8225174903869629,0.7056370735168457,0.7226665377616882,0.86472744
HU213,0.43470624685287473,0.3978626489639282,0.409949517250061,0.4832008
HU221,0.6686508417129516,0.6182486772537231,0.6008018016815185,0.6443224
HU222,0.4359655737876892,0.42624727487564085,0.4622666597366333,0.4894976
HU223,0.39215723276138303,0.3400925755500793,0.4130983710289001,0.4276308
HU231,0.6222300291061401,0.3645084261894226,0.39041588306427,0.40171933
HU232,0.37081447839736936,0.2641551852226257,0.31959826350212095,0.34174788
HU233,0.3013239562511444,0.22205672264099122,0.29728899002075193,0.31906152
HU311,0.5313176274299621,0.5622127413749695,0.4600279092788696,0.46516934
HU312,0.47468862533569334,0.4420560359954834,0.44461104869842527,0.44276732
HU313,0.3071786522865295,0.30549604296684263,0.3286044061183929,0.31615824
LT025,0.17200419902801514,0.10779560208320618,0.1425010621547699,0.19014096
LT026,0.21115923523902894,0.1320245921611786,0.15476799607276917,0.24464749
HU323,0.47695002555847166,0.42355731725692747,0.44329742193222044,0.4692995
HU331,0.3787683606147766,0.2908117830753326,0.3769626975059509,0.39035213
HU332,0.33908206820487974,0.255600905418396,0.3444491684436798,0.34314677
HU333,0.6348165035247803,0.5171815514564514,0.6444702506065368,0.6455571
IE041,0.20784780979156495,0.21447381973266602,0.189594304561615,0.26912898
IE042,0.19287717938423157,0.20156190395355225,0.17827824354171753,0.24927056
IE051,0.3188887894153595,0.33400008678436277,0.3190217077732086,0.39119652
IE052,0.3299064993858337,0.33662030696868894,0.34761173129081724,0.41938722
IE053,0.33102858662605283,0.3148659229278564,0.32731116414070127,0.37515917
IE061,7.340248680114746,7.275911903381347,7.696251010894775,8.136704
IE062,0.6087745189666748,0.6230572819709778,0.583795702457428,0.6849903
IE063,0.25838143229484556,0.27291191220283506,0.24808285236358643,0.32426003
IS001,3.9514738082885743,3.3049946784973145,4.301532363891601,4.501543
FRD12,0.393586254119873,0.3535434365272522,0.41099045276641843,0.4756719
FRD13,0.22537389993667603,0.19999385476112366,0.24787232875823975,0.31275812
FRD21,0.6492007732391357,0.5926265478134155,0.7089022159576416,0.7564394
FRD22,1.5456883668899537,1.5198589324951173,1.6327852964401246,1.8283272
FRE11,3.509468412399292,3.369486665725708,3.564925527572632,3.6854117
FRE12,1.8074329853057862,1.6936162471771241,1.8774729728698731,1.9487722
FRE21,0.525578773021698,0.47111145257949827,0.5521392583847046,0.5948149
FRE22,1.2337950229644776,1.12910315990448,1.3207131385803224,1.3792082
FRE23,0.7314078569412231,0.6457369685173034,0.6670143961906433,0.8071262
FRF11,1.5151566028594972,1.7774401664733888,1.6607995986938477,1.7451057
FRF12,1.6165488719940186,1.7771292686462403,1.7164040565490724,1.7982651
FRF21,0.41523650884628294,0.38708595037460325,0.4417977690696716,0.5269994
FRF22,0.47661260366439817,0.43579784631729124,0.4805059194564819,0.55681974
FRF23,0.6759310722351074,0.6045321583747864,0.7174623370170593,0.77348083
FRF24,0.2485755741596222,0.2268731951713562,0.26130262613296507,0.30143344
FRF31,1.0276806116104127,1.210477089881897,1.1765218734741212,1.2391711
FRF32,0.2571945548057556,0.24757150411605836,0.25393993258476255,0.31009045
FRF33,1.5478248357772828,1.8079027891159059,1.7135165691375733,1.8134944
FRF34,0.41850266456604,0.45725241899490354,0.5044845104217529,0.5003567
FRG01,1.411806321144104,1.066689944267273,1.3200034856796266,1.5486243
FRG02,0.4283193707466125,0.34751898646354673,0.46113202571868894,0.5238331
FRG03,0.23585174083709717,0.21249986290931702,0.26722306609153745,0.31123263
FRG04,0.40137765407562254,0.4047603368759155,0.42468748092651365,0.47524053
FRG05,0.5092310070991516,0.3880604267120361,0.5249129295349121,0.61164963
FRH01,0.2112709641456604,0.18454513549804688,0.2083863377571106,0.27210355
FRH02,0.5322727918624878,0.4907453417778015,0.5701969623565674,0.59812146
FRH03,0.7759459376335144,0.8353953123092651,1.1162178277969361,1.1398687
FRH04,0.38689432144165037,0.342866039276123,0.402720308303833,0.5563081
FRI11,0.3079882025718689,0.2624599695205688,0.3440882921218872,0.38255686
FRI12,1.202893114089966,1.0784739017486573,1.4395698070526124,1.59837
FRI13,0.36929664611816404,0.3834662795066833,0.4260805010795593,0.458365
FRI14,0.5734930396080017,0.5434622526168823,0.6085729956626892,0.63355017
FRI15,0.7068945527076721,0.7503179669380188,0.8591822147369385,0.88228786
FRI21,0.27160889506340025,0.23271161913871766,0.29627875089645384,0.3254686
FRI22,0.12950897812843323,0.11017585396766663,0.14737427830696107,0.16850051
FRI23,0.5696052074432373,0.569072937965393,0.6780861973762512,0.7507141
FRI31,0.35518637895584104,0.32339725494384763,0.40092471837997434,0.44266698
LT027,0.10687527656555176,0.04897702336311341,0.06638177335262299,0.11977948
LT028,0.17951349020004273,0.1254381000995636,0.15251312255859376,0.2162224
LT029,0.1022091567516327,0.052057659626007086,0.0991557002067566,0.14263551
LU000,2.0139063358306886,2.2364800930023194,2.1074400901794434,2.1382957
LV003,0.1292283296585083,0.10854703783988953,0.12197396755218506,0.20753212
LV005,0.12181842923164368,0.0838278740644455,0.12581435441970826,0.17392512
LV006,15.035254096984863,10.486652946472168,9.737910842895507,13.77865
LV007,0.5299789667129516,0.3314311861991882,0.368534243106842,0.45632654
LV008,0.11789119839668274,0.06967923641204835,0.08558580875396729,0.15691781
LV009,0.19071803092956544,0.11850417256355286,0.14165494441986085,0.20972063
ME000,0.5241332411766052,0.5009207487106323,0.5400777816772461,0.4991262
MK001,0.3358671128749847,0.2115078628063202,0.25934377908706663,0.32493237
MK002,0.24752307534217835,0.21211201548576356,0.2609137952327728,0.2581782
MK003,0.3473401129245758,0.29774690270423887,0.34377930164337156,0.31635466
MK004,0.41082302331924436,0.3619301676750183,0.38607469797134397,0.35585517
NL33A,3.0938530921936036,3.2473326683044434,2.805038070678711,3.1199474
NL33B,16.766341781616212,15.571952438354492,16.77863655090332,20.162167
NL33C,18.87827072143555,19.365098571777345,22.12196502685547,22.51684
NL341,2.440444087982178,1.51055166721344,1.9415210247039796,1.7012814
ITC49,4.080886936187744,3.5809772968292237,4.018700695037841,3.9348588
ITC4A,2.8733654975891114,2.3894396781921388,2.80669960975647,2.7466068
ITC4B,2.872984504699707,2.541981554031372,2.9986446857452393,2.9590323
ITC4C,14.863997077941894,12.90570125579834,14.636736488342285,14.483466
ITC4D,19.507657623291017,16.678874588012697,18.833001708984376,18.20073
ITF11,1.1323334932327271,1.0331233501434327,1.1377674102783204,1.0602674
ITF12,2.443359708786011,2.512707328796387,2.7777327060699464,2.6803758
ITF13,3.2115753650665284,3.4585894107818604,3.755622720718384,3.6565866
ITF14,2.360464906692505,2.25103816986084,2.3472565174102784,2.3257442
ITF21,0.9218514919281006,0.8093979120254516,0.9019424676895141,0.8509515
ITF22,1.2241825819015504,1.1132936239242555,1.1750010013580323,1.1524305
ITF31,3.8457590103149415,3.629712200164795,3.90476713180542,3.6186326
ITF32,1.7457746028900147,1.627022123336792,1.7705818176269532,1.6606879
ITF33,17.493646240234376,15.621961212158203,17.651168441772462,15.056664
ITF34,2.2002821922302247,1.9306972980499268,2.23803505897522,1.968416
ITF35,2.9917882442474366,2.663669204711914,3.1915911197662354,2.7171032
ITF43,4.0784588813781735,3.6505235195159913,4.275568103790283,3.790036
ITF44,3.499460315704346,3.0750707149505616,3.5683983325958253,3.1049047
ITF45,4.482903099060058,4.078042602539062,4.853644466400146,4.2051067
ITF46,1.2969808340072633,1.2532721519470216,1.3439911365509034,1.2785456
ITF47,4.094588375091552,3.941172218322754,4.167065715789795,3.9017982
ITF48,2.9662898540496827,2.9643107414245606,3.046592092514038,2.890721
ITF51,0.9713500499725342,0.8267831563949585,0.96501145362854,0.8454599
ITF52,1.1363571643829347,0.9447985649108886,1.1270813703536988,0.94505
ITF61,1.4498411178588868,1.2390287876129151,1.5837658405303956,1.3952385
ITF62,1.4236268758773805,1.2709306240081788,1.8183165550231934,1.5639509
ITF63,2.1747990608215333,1.850429630279541,2.515086030960083,2.1650863
ITF64,1.736516809463501,1.5470226764678956,2.032002067565918,1.6839682
ITF65,2.051279878616333,1.8008960247039796,2.135759687423706,1.9944763
ITG11,2.7048121452331544,2.2533899307250977,2.6248708724975587,2.6137204
ITG12,2.254435634613037,1.9588001728057862,2.2725664138793946,2.1902852
ITG13,2.0695580005645753,1.7629775762557984,2.0701943397521974,1.9357802
ITG14,2.0947686195373536,1.929753875732422,2.2973071098327638,2.1946776
ITG15,2.0439022541046143,1.885353422164917,2.2067349910736085,2.1092522
ITG16,1.203036642074585,1.0610146284103394,1.2807688474655152,1.2041185
ITG17,3.3778828144073487,3.0944207668304444,3.540164089202881,3.456254
ITG18,4.238631343841552,3.7853487491607667,4.129689788818359,3.940659
ITG19,3.414828395843506,3.181186056137085,3.347485399246216,3.2435906
ITG25,0.9573930263519287,0.8059762477874756,0.989784574508667,0.88678396
ITG26,0.6015132427215576,0.49046496152877805,0.6591712594032287,0.6005734
ITG27,1.474691128730774,1.2597683429718018,1.607462739944458,1.4850078
ITG28,0.6936700105667114,0.5761165380477905,0.7865469217300415,0.74038225
ITG29,0.9672645092010498,0.7856922507286072,0.9465710878372192,0.86600405
ITG2A,0.42365256547927854,0.3428692877292633,0.42555359601974485,0.40771765
ITG2B,0.8489860653877258,0.7084311008453369,0.9030029535293579,0.8555441
ITG2C,1.0320728778839112,0.8302898168563843,1.1160940885543824,0.97367316
ITH10,0.45575515031814573,0.3767361998558044,0.4309882283210754,0.42287967
ITH20,1.040799117088318,0.8430002689361572,1.0304167032241822,0.9754014
ITH31,4.240876293182373,3.6321784019470216,4.125161743164062,3.9521985
ITH32,3.4815832138061524,3.067453718185425,3.4412320613861085,3.2861962
ITH33,0.641374385356903,0.5627416729927063,0.6607078671455383,0.6285064
ITH34,4.246410465240478,3.7332449913024903,4.171279525756836,3.861692
ITH35,4.823954677581787,4.29008207321167,4.771846866607666,4.4407434
ITH36,5.5225859642028805,4.9675980567932125,5.522242164611816,5.317888
ITH37,2.22799072265625,1.9075478076934815,2.184097146987915,2.1112964
ITH41,1.8352344989776612,1.6839188098907472,1.9409740924835206,1.797622
ITH42,1.4188565969467164,1.2800727844238282,1.4812979459762574,1.3989035
ITH43,3.9535523414611817,3.6982928276062013,4.124531841278076,3.8442428
ITH44,8.413243865966797,7.63051471710205,8.337358093261718,8.206457
ITH51,1.6698180198669434,1.4261837959289552,1.6990653038024903,1.7427915
ITH52,1.9614842891693116,1.759691095352173,2.073583698272705,2.0153346
ITH53,3.227033233642578,2.844962215423584,3.260191774368286,3.083956
ITH54,3.30931077003479,2.8817978858947755,3.306458568572998,3.1773603
ITH55,3.042880392074585,2.645165777206421,2.9433837890625,2.8007448
ITH56,1.9134121894836427,1.648782229423523,1.9166460990905763,1.8254032
ITH57,3.261790132522583,2.9165438175201417,3.416988706588745,3.2101946
ITH58,2.2561331748962403,2.0271485805511475,2.236218786239624,2.0609133
ITH59,5.551991081237793,5.248127079010009,5.436928844451904,5.2205586
ITI11,1.6366892814636231,1.5590702056884767,1.606723999977112,1.5482129
ITI12,2.5552476406097413,2.5058308601379395,2.6831537246704102,2.645895
ITI13,3.1445945262908936,2.9233392238616944,2.992136812210083,2.771386
ITI14,2.831719732284546,2.736986494064331,2.9096020221710206,2.6795504
ITI15,5.878898239135742,5.766407585144043,5.958258247375488,5.591328
ITI16,3.097908592224121,2.933629369735718,3.004545307159424,2.8927517
NL342,3.0255340099334718,2.4495421409606934,2.7657683849334718,2.3600974
NL411,4.615122890472412,3.762107229232788,3.831545686721802,3.3421113
NL412,2.5612274169921876,2.3560126781463624,2.3688226699829102,2.3280253
NL413,2.1511131286621095,2.18811354637146,1.967825984954834,2.3849702
NL414,3.502073860168457,2.8476365566253663,3.0417896270751954,2.9456086
NL421,4.807346439361572,5.041450119018554,4.467662906646728,3.457302
NL422,1.9983428478240968,1.7786179542541505,1.911671018600464,1.7075528
NL423,4.205374813079834,3.7766505241394044,4.2244902610778805,3.7203782
NO011,11.893558120727539,13.615538215637207,10.614273643493652,12.275155
NO012,2.9262507915496827,2.814092016220093,2.426319932937622,2.6914382
NO021,0.2797816455364227,0.20830122232437134,0.25347921848297117,0.32069045
NO022,0.31227669715881345,0.24693954586982728,0.2942768096923828,0.36017975
NO031,1.3909125089645387,1.3346376180648805,1.0341262578964234,1.437947
NO032,0.646089231967926,0.6105469226837158,0.5435966610908508,0.6788289
NO033,2.598771667480469,2.4522865772247315,1.9839404582977296,2.6150277
NO034,0.3560300827026367,0.37660483121871946,0.2874791383743286,0.4141642
NO041,0.2787368059158325,0.35016045570373533,0.2699327528476715,0.41883525
MK005,0.34538341164588926,0.2855649650096893,0.3611170411109924,0.31383854
MK006,0.5734820127487182,0.4900542855262756,0.5536342620849609,0.50264555
MK007,0.3996021509170532,0.3759697437286377,0.4551977276802063,0.41136575
MK008,2.4753576278686524,2.268586015701294,2.493512010574341,2.2718132
MT001,16.885781860351564,16.798280334472658,17.009107208251955,16.380848
MT002,5.0475774765014645,5.208155727386474,5.4482666015625,5.288783
NL111,0.55937579870224,0.5561052322387695,0.5819000959396362,0.70471734
NL112,0.8324604392051697,0.8514772415161133,0.8845920324325561,0.9682124
NL113,0.8817232608795166,0.8779059410095215,0.961030101776123,1.1080557
NL124,0.6696862936019897,0.6127261281013489,0.5821961522102356,0.65057456
NL125,0.29045424461364744,0.28748065829277036,0.2829199194908142,0.34277433
NL126,0.4636629581451416,0.5169983267784118,0.5068551659584045,0.599324
NL131,0.4120702505111694,0.45496360063552854,0.5108808040618896,0.55039614
NL132,2.539342737197876,2.7199674606323243,2.0362730979919434,1.5260892
NL133,0.4716354966163635,0.5278380870819092,0.526408052444458,0.5880739
NL211,1.29443678855896,1.1244349241256715,0.9764817714691162,1.1477242
NL212,0.9510740995407104,1.0177495241165162,0.9380123376846313,1.0562556
NL213,1.0624829292297364,1.2148853302001954,1.2098448038101197,1.2000363
NL221,1.2219183206558228,1.3376919984817506,1.2367751359939576,1.3374081
NL224,2.6978732109069825,2.8901825904846192,2.5486777782440186,3.299465
NL225,0.709231948852539,0.7700520515441894,0.7334201693534851,0.82610726
NL226,2.3302560806274415,2.4420157432556153,2.2549410820007325,2.914391
NL230,2.6680134296417237,2.921197509765625,3.5096283912658692,3.5129113
NL310,2.8668888568878175,3.1971190929412843,2.9703694343566895,3.118389
NL321,3.898971176147461,3.8836341857910157,3.2876952648162843,3.1081977
NL323,6.499272441864013,6.57778034210205,5.916098690032959,6.254848
NL324,3.865641212463379,4.058936214447021,3.8291195392608643,4.180465
NL325,3.710274076461792,3.856321907043457,3.7422410011291505,3.8437648
NL327,2.6343217849731446,2.7896092891693116,2.7152100563049317,2.7820945NL328,4.036017990112304,4.5258747100830075,4.273271656036377,5.1301374
NL329,10.412150001525879,10.420003509521484,9.803093528747558,10.962485
NL332,34.77032241821289,40.282762145996095,36.56675491333008,35.884274
NL333,187.56817016601562,174.10413513183593,169.23644409179687,171.55927
NL337,6.456658935546875,6.64851484298706,6.708058929443359,7.4445815
IS002,0.20121503472328187,0.18100363612174988,0.3915878891944885,0.5482869
ITC11,3.3076570987701417,2.740634298324585,3.38743052482605,3.2606757
ITC12,1.3491139173507691,1.123499369621277,1.4231300115585328,1.3381599
ITC13,1.9401873111724854,1.7029645204544068,2.2588869094848634,2.0535784
ITC14,0.7654316782951355,0.562087869644165,0.8012032866477966,0.71144134
ITC15,3.3546954154968263,2.8081727981567384,3.3508983612060548,3.122047
ITC16,1.4352489471435548,1.190647339820862,1.479657030105591,1.3545119
ITC17,2.0321177005767823,1.6347615480422975,2.0491989612579347,2.0563114
ITC18,1.714899516105652,1.3803621292114259,1.6255606174468995,1.6270875
ITC20,0.7557381749153137,0.6386909246444702,0.823712146282196,0.82418805
ITC31,1.5944076538085938,1.5520887136459351,1.6331919193267823,1.6367358
ITC32,1.9286967277526856,1.8682781219482423,2.018264627456665,1.9922837
ITC33,3.1168988704681397,2.8232680320739747,3.109432315826416,3.1268332
ITC34,2.33606014251709,2.33124361038208,2.5134886264801026,2.4790556
ITC41,6.6486493110656735,5.619142150878906,6.77287540435791,6.4355707
ITC42,4.222032165527343,3.4404154777526856,4.087549304962158,3.8659391
ITC43,4.065890884399414,3.244835710525513,3.9702993392944337,3.75784
ITC44,0.7121401786804199,0.5519158601760864,0.7337066292762756,0.6795658
ITC46,4.538658237457275,3.754999017715454,4.339716053009033,4.233248
ITC47,3.279679870605469,2.77871356010437,3.2821844577789308,3.135167
ITC48,2.395574188232422,2.0394874572753907,2.374225950241089,2.3316803
ITI17,2.312897777557373,2.218654012680054,2.2880590915679933,2.141618
ITI18,1.3718865871429444,1.3260684967041017,1.3650233507156373,1.2540317
ITI19,0.8263301610946655,0.7882992386817932,0.8586787939071655,0.81129205
ITI1A,0.6653988122940063,0.6572962164878845,0.7268255114555359,0.6998958
ITI21,1.3081465721130372,1.2635199785232545,1.3450101375579835,1.2383039
ITI22,1.3515237331390382,1.3595512866973878,1.4586595058441163,1.3815687
ITI31,1.5953743219375611,1.519135332107544,1.5925765991210938,1.5155164
ITI32,3.2588239669799806,3.186428165435791,3.338957643508911,3.1959388
ITI33,1.7952389478683473,1.681027626991272,1.762408471107483,1.639784
ITI34,2.446449136734009,2.4231768608093263,2.4806660175323487,2.3841379
ITI35,2.9019444942474366,2.9610143661499024,3.2488487720489503,3.1390803
ITI41,0.9700249195098877,0.9549284934997558,1.0408223628997804,1.0056401
ITI42,0.8586668729782104,0.8509324550628662,0.9383939266204834,0.9230288
ITI43,5.832579708099365,5.81146011352539,6.281570053100586,6.613173
ITI44,3.0414286613464356,2.9854100704193116,3.1365920066833497,3.009527
ITI45,1.7566643714904786,1.749269223213196,1.8585608959198,1.7624096
LI000,1.2682450771331788,1.1249292850494386,1.2245259046554566,1.2316293
LT011,0.5712063074111938,0.5070912003517151,0.46333096027374265,0.47990748
LT021,0.15961328744888306,0.12929055690765381,0.14101914167404175,0.18175147
LT022,0.4753334283828735,0.39746270179748533,0.342917001247406,0.45338324
LT023,0.4426935076713562,0.44737652540206907,0.3946752905845642,0.5040161
LT024,0.1929018259048462,0.12047008275985718,0.11790803670883179,0.19175884
NO072,0.5452754855155945,0.3445825338363647,0.5869517683982849,0.6485063
NO073,0.3625464797019958,0.2388043463230133,0.49772301912307737,0.49904564
PL213,13.404701805114746,11.661090469360351,13.822686767578125,12.738701
PL214,1.3340606451034547,1.1678837299346925,1.1847486257553101,1.2222443
PL217,1.2349360942840577,1.097454047203064,1.1387785434722901,1.0873255
PL218,0.8964922189712524,0.8009366154670715,0.7614667177200317,0.79399925
PL219,0.9819844722747803,0.8123301029205322,0.8343166470527649,0.9038917
PL225,1.855220890045166,1.5578070640563966,1.6417742729187013,1.7193502
PL227,3.2134817600250245,2.2669421195983888,2.8197508811950684,2.9017353
PL228,1.977063035964966,1.527299737930298,1.6674370527267457,1.7013118
PL229,4.480459308624267,3.3593770027160645,4.034964656829834,4.0691013
PL22A,14.176418876647949,9.749874687194824,12.345433807373047,11.431542
PL22B,3.895872211456299,2.807446098327637,3.3995617389678956,3.3408756
PL22C,4.614888763427734,3.4699133396148683,3.9601741790771485,3.7084258
PL411,0.34842453002929685,0.42739895582199094,0.35984710454940794,0.47220996
PL414,0.6286163091659546,0.668699836730957,0.5967488646507263,0.68854994
PL415,12.452952003479004,13.233296012878418,12.270166015625,15.293182
PL416,0.8779457569122314,0.9594640493392944,0.8896785736083984,0.85969204
PL417,0.5591227173805237,0.6141083002090454,0.5980729222297668,0.6958349
PL418,1.0529339075088502,1.1767118930816651,1.0271254539489747,1.3052523
PL424,5.902604675292968,6.461687660217285,6.566697692871093,6.793926
PL426,0.3234460711479187,0.40638706684112547,0.36249796152114866,0.43016675
PL427,0.18442634344100953,0.21271682381629944,0.20580673813819886,0.27308166
PL428,0.4041219115257263,0.4437495231628418,0.4310349583625793,0.52102643
PL431,0.4253049254417419,0.45620319843292234,0.42958221435546873,0.46393013
PL432,0.45589337348937986,0.4722707629203796,0.5280198216438293,0.51448125
PL514,10.576724624633789,11.361594772338867,11.545425987243652,13.507273
RS213,0.9098056316375732,0.7554106473922729,0.8182908654212951,0.82623154
RS214,0.7583999991416931,0.6384696722030639,0.6570482611656189,0.6300637
RS215,1.1157195329666139,0.9170589208602905,0.77859548330307,0.84351027
RS216,0.6755870938301086,0.6125603079795837,0.7222991943359375,0.68819916
RS217,0.8822147607803345,0.8020461559295654,0.8171366810798645,0.74826926
RS218,1.483346199989319,1.2578663587570191,1.1956176519393922,1.2433301
RS221,0.46842232942581175,0.4917819261550903,0.5198643565177917,0.4883022
RS222,0.6745636224746704,0.5683849215507507,0.5742718935012817,0.6245721
RS223,0.347200608253479,0.336687958240509,0.3438656687736511,0.3396027
RS224,0.6169385075569153,0.5335320591926574,0.5743307828903198,0.50122267
RS225,1.2333136558532716,1.0660345315933228,1.0642093181610108,0.9911565
RS226,0.4203219175338745,0.3887523770332336,0.40824571847915647,0.383086
RS227,1.7491447687149049,1.5599945545196534,1.454329824447632,1.545617
RS228,0.6244293808937073,0.48770753145217893,0.4851432204246521,0.41131848
RS229,0.43419060707092283,0.3481715381145477,0.3663108706474304,0.32979587
SE110,3.2073436737060548,2.3082548141479493,2.4641693592071534,3.5321317
SE121,0.6145416855812073,0.40665493011474607,0.4300134539604187,0.65412307
SE122,0.5800634384155273,0.4654428720474243,0.4642652034759521,0.6622714
SE123,0.40811184644699094,0.5198547005653381,0.3401187419891357,0.6036595
SE124,0.5192976355552673,0.41438952684402464,0.48116627931594846,0.62440574
PL515,0.6807109475135803,0.6729030966758728,0.7770820617675781,0.85195774
PL516,0.8685350179672241,0.9093836307525635,0.9042707443237304,0.9335826
PL517,0.9036335706710815,0.8706724405288696,0.888649320602417,0.8934646
PL518,0.8997990846633911,0.8952083349227905,0.8646948099136352,0.9765554
PL523,0.5792216420173645,0.5108880758285522,0.5758361577987671,0.61984235
PL524,0.8906273603439331,0.7536558866500854,0.8161756157875061,0.8570296
PL613,1.415532684326172,1.5744969606399537,1.452913498878479,1.531658
PL616,0.45990428924560545,0.4479154109954834,0.43049184083938596,0.52697545
PL617,0.49471054077148435,0.5740102887153625,0.5128944277763366,0.59515166
PL618,0.33474904894828794,0.38158479928970335,0.36909852027893064,0.4380569
PL619,0.5888068437576294,0.562031602859497,0.5083537459373474,0.57766986
PL621,0.38571337461471555,0.4052539825439453,0.3610431909561157,0.42846167
PL622,0.3214883267879486,0.2537300646305084,0.26720777750015257,0.34499124
PL623,0.29320753216743467,0.21865907907485962,0.23430684804916382,0.30079103
PL633,10.396601295471191,13.372037506103515,11.12308464050293,11.340285
PL634,0.7768279075622558,0.9681553602218628,0.8289860248565674,0.8955577
PL636,0.28990510702133176,0.32045859694480894,0.3251722514629364,0.36507776
PL637,0.23673219084739686,0.2846562027931213,0.2867121160030365,0.32932973
PL638,0.5622744917869568,0.6734260678291321,0.5722515344619751,0.6365507
PL711,15.89612922668457,14.419829940795898,13.959796524047851,12.568645
PL712,1.6820345878601075,1.5763615131378175,1.3478995323181153,1.3010042
PL713,0.8466059327125549,0.7966597437858581,0.726288115978241,0.7171504
PL714,0.5182204604148865,0.4841099739074707,0.4178451061248779,0.4639456
PL715,0.5593691825866699,0.5446765780448913,0.49173024892807005,0.54666233
PL721,1.131060576438904,1.0940563440322877,0.9751318454742431,1.1080642
PL722,0.4712955117225647,0.40921411514282224,0.42184624671936033,0.46780515
PL811,0.32631305456161497,0.2562613844871521,0.2820886433124542,0.3135464
PL812,0.29321262836456297,0.26555070877075193,0.2741003096103668,0.3028837
PL814,1.3720173597335816,1.3624876499176026,1.310176467895508,1.1437796
PL815,0.8901544570922851,0.8653126716613769,0.8342200875282287,0.74813706
PL821,0.29091612100601194,0.2484251618385315,0.3257921993732452,0.37718096
PL822,0.4016838431358337,0.39559618234634397,0.401907479763031,0.4108928
PL823,1.1122841596603394,1.038758969306946,1.0897878170013429,0.99610627
PL824,0.7561546325683594,0.6294494032859802,0.767576253414154,0.6980449
PL841,0.570465362071991,0.4809956312179565,0.49137566089630125,0.54430866
PL842,0.27623665928840635,0.22465444207191468,0.24075180888175965,0.2993316
PL843,0.24781913161277772,0.18675596117973328,0.21180248856544495,0.26976237
PL911,19.082486724853517,18.906400299072267,17.281087493896486,16.902132
PL912,1.5295358657836915,1.4072166442871095,1.2634751558303834,1.2492348
NO042,0.34054473638534544,0.4645462393760681,0.3328802943229675,0.52067655
NO043,0.626129424571991,0.8011085152626037,0.6470618605613708,0.8560111
NO051,0.3687942385673523,0.40643284320831297,0.36139885187149046,0.50160545
NO052,0.10672748684883118,0.09243298172950745,0.13788357973098755,0.21195428
NO053,0.2955465972423553,0.19761306643486024,0.3696421146392822,0.36639863
NO071,0.32466003894805906,0.1520116686820984,0.3768168449401855,0.5777316
PL21A,2.083919382095337,1.6920408964157105,1.7904993057250977,1.8459896
PL224,1.19886634349823,1.0421746730804444,1.0305729866027833,1.1394594
SI044,1.0689707756042481,0.9641963005065918,1.0957399368286134,1.0948881
SK010,2.666106081008911,2.4282546997070313,2.597853994369507,2.4011717
SK021,0.8157124280929565,0.7813917756080627,0.7878519654273987,0.77267104
SK022,0.625030791759491,0.5769054651260376,0.6308195352554321,0.5716198
SK023,0.6473734736442566,0.5699848294258117,0.5888001084327698,0.5456202
SK031,0.5119501709938049,0.42961118221282957,0.46704921722412107,0.5271004
SK032,0.28068087100982664,0.26858741641044614,0.30194575190544126,0.29752803
SK041,0.3153719365596771,0.286024010181427,0.31252307295799253,0.32592592
SK042,0.48793975114822385,0.4509881496429443,0.48775545358657835,0.55645305
TR100,9.813809013366699,8.606708145141601,8.163896179199218,7.4604225
TR211,1.5093974828720094,1.3638604640960694,1.250057077407837,1.0609938
TR212,0.8229458689689636,0.6987871289253235,0.7357815861701965,0.6554331
TR213,0.6696016550064087,0.5609484672546386,0.6080416798591614,0.556182
TR221,0.9203927278518677,0.7825878620147705,0.908083176612854,0.76266307
TR222,0.6132754445075989,0.5119492173194885,0.6152323842048645,0.49104092
SE313,0.39237806797027586,0.27390763759613035,0.3516868710517883,0.4236635
RO126,0.5856516122817993,0.44627741575241087,0.5590940475463867,0.53061116
RO211,0.4540205955505371,0.3708000540733337,0.4056249618530273,0.38724762
RO212,0.34777272343635557,0.34325299263000486,0.22730762362480164,0.31888705
RO213,0.7144875884056091,0.6540723204612732,0.5568544626235962,0.5477179
RO214,0.4172088861465454,0.36814568042755125,0.34323022365570066,0.35893136
RO215,0.370682156085968,0.3413119077682495,0.27150792479515073,0.3535338
RO216,0.310285484790802,0.26674301028251646,0.2693814396858215,0.24976127
RO221,0.4089337944984436,0.35266474485397337,0.3787901163101196,0.3528793
RO222,0.30189639925956724,0.2327556073665619,0.28069657683372495,0.26525116
RO223,0.6736104846000671,0.6435799360275268,0.6650575757026672,0.6175786
RO224,0.5709669351577759,0.501956558227539,0.5347318410873413,0.49791336
RO225,0.226939058303833,0.14284030199050904,0.22189856171607972,0.19477168
RO226,0.31293866634368894,0.24571797847747803,0.2901396512985229,0.26870778
RO311,0.5572502970695495,0.5008490443229675,0.5504937529563904,0.5489256
RO312,0.41983077526092527,0.41094127893447874,0.43769714832305906,0.34645805
RO313,0.6405077934265136,0.5432067275047302,0.6255537629127502,0.58673954
RO314,0.5938963055610657,0.5406796097755432,0.5741075038909912,0.5113501
RO315,0.34330934882164,0.32477239370346067,0.3384119629859924,0.2885998
RO316,0.8869199514389038,0.7938531994819641,0.9221514225006103,0.86215824
RO317,0.2791897714138031,0.24988991618156434,0.2765472292900085,0.26291358
RO321,28.7110954284668,26.00561103820801,30.2563835144043,27.21436
RO322,3.4052821159362794,2.963912105560303,3.2382856369018556,2.8645494
RO411,0.47596374750137327,0.4539769053459167,0.46654162406921384,0.44935253
RO412,0.36926243305206297,0.28553942441940305,0.35091588497161863,0.3529391
RO413,0.30272514224052427,0.2624859273433685,0.31857446432113645,0.31150842
RO414,0.38178727626800535,0.34007067084312437,0.36133084297180174,0.35746664
RO415,0.31522232890129087,0.23754573464393616,0.2905790865421295,0.2811804
RO421,0.41611853837966917,0.29874235987663267,0.3684993743896484,0.38853604
RO422,0.18653703331947327,0.13036785125732422,0.19467881917953492,0.21033809
RO423,0.38274345397949217,0.27995014786720274,0.3603727579116821,0.36324242
RO424,0.6185534358024597,0.46511427164077757,0.5190699458122253,0.56898856
RS110,5.428903198242187,4.267343139648437,4.5957108497619625,4.801279
RS121,0.7395719051361084,0.5766114354133606,0.6757558941841125,0.6837372
RS122,1.136457657814026,0.8866811752319336,0.91232750415802,1.0447016
RS123,1.4712432384490968,1.1604239702224732,1.408898687362671,1.4147831
RS124,0.7216971278190613,0.5658873677253723,0.6561462044715881,0.6855457
RS125,1.2012696027755738,0.9809881210327148,1.179369902610779,1.1330227
RS126,0.6152597427368164,0.4964515924453735,0.5363359808921814,0.58841646
RS127,1.2864326000213624,1.0245519638061524,1.1200691223144532,1.1010517
RS211,0.47223285436630247,0.4201741576194763,0.4592979907989502,0.41633597
RS212,0.9371554613113403,0.7804912686347961,0.8073721885681152,0.8538198
UKF11,11.19928035736084,11.187661743164062,11.751000022888183,12.815759
UKF12,1.8457475662231446,1.9012192249298097,1.9657591342926026,2.2889555
UKF13,0.9302311897277832,0.9310216665267944,0.929176664352417,1.0499436
UKF14,13.723517990112304,13.742602920532226,14.177722549438476,15.2050905
UKF15,1.4457398414611817,1.5203027486801148,1.579544758796692,1.7974356
UKF16,2.299695110321045,2.2898906230926515,2.291007375717163,2.5256732
UKF21,11.433823204040527,11.005339241027832,11.053299522399902,13.153775
UKF22,1.1475414991378785,1.1117640495300294,1.123209810256958,1.2913089
UKF24,1.1884106159210206,1.1745615959167481,1.1512588024139405,1.2573
UKF25,1.3540446519851685,1.3390857934951783,1.316309666633606,1.4515362
UKF30,0.44683811664581297,0.4757308721542358,0.4571655750274658,0.5952631
UKG11,0.1948179066181183,0.20650816559791565,0.19197857975959778,0.2623472
UKG12,1.028277850151062,1.0057055711746217,1.0439258575439454,1.1640047
UKG13,1.4472634553909303,1.4382973670959474,1.412295436859131,1.5318924
UKG21,2.065106248855591,2.1024490356445313,2.3996597290039063,2.5368493
UKG22,0.329334682226181,0.33443153500556944,0.32707316279411314,0.38890383
UKG23,9.434443092346191,10.432611083984375,10.780935859680175,13.338839
UKG24,1.456197237968445,1.4564382791519166,1.445818042755127,1.6141042
UKG31,13.544432258605957,13.256489372253418,14.31846866607666,14.425809
UKG32,5.621736145019531,5.597912406921386,5.665196514129638,6.424775
UKG33,10.339391326904297,9.815717315673828,9.455359077453613,9.807624
UKG36,7.701670742034912,7.506599044799804,8.819377517700195,9.156786
UKG37,13.467690086364746,12.98215446472168,14.090578651428222,14.545263
UKG38,10.86485538482666,10.8056884765625,11.502447700500488,11.626392
UKG39,15.79477367401123,14.645916557312011,15.195840454101562,15.6276245
UKH11,2.3689306735992433,2.4825337886810304,2.3580087184906007,2.6548727
UKH12,0.8591061592102051,0.8575308084487915,0.817757761478424,0.8658065
UKH14,0.596526837348938,0.6191823244094848,0.6105746984481811,0.70626736
UKH15,1.414142942428589,1.4889728784561158,1.4274892568588258,1.6242343
UKH16,0.3662595510482788,0.40343806743621824,0.36530754566192625,0.45109266
UKH17,0.43000046014785764,0.45501277446746824,0.41542414426803587,0.49675217
UKH21,15.046112632751464,12.381317710876464,15.07647762298584,14.598964
UKH23,2.2742029190063477,1.958635425567627,2.405271863937378,2.2952724
UKH24,1.3379876375198365,1.226495122909546,1.2035873889923097,1.2922244
SE321,0.31363928914070127,0.20568836331367493,0.32432681918144224,0.35889113
SE322,0.1077967643737793,0.05559325814247132,0.13320756554603577,0.21071193
SE331,0.16434768438339234,0.09144874513149262,0.1651260018348694,0.3415686
SE332,0.2590496003627777,0.11559033989906312,0.32555205225944517,0.5294741
SI031,0.5191035628318786,0.5325131773948669,0.5373752474784851,0.55364615
SI032,0.9545588254928589,0.9098337650299072,1.017618989944458,1.0313824
SI033,0.2698451042175293,0.25409228205680845,0.32953465580940244,0.31646216
SI034,0.5822629690170288,0.5529011845588684,0.602172589302063,0.62487864
SI035,0.4382937908172607,0.40095279216766355,0.5227124452590942,0.5014852
SI036,0.6171306133270263,0.6092847347259521,0.6753402709960937,0.6966684
SI037,0.3687563300132751,0.3534688115119934,0.39044431447982786,0.40810022
SI038,0.23368329405784607,0.2562763154506683,0.31042338013648985,0.3087819
PL913,2.915762996673584,2.7213412284851075,2.3238163948059083,2.2758808
PL921,0.7669479608535766,0.701580798625946,0.5930950999259949,0.63623315
PL922,0.3894262671470642,0.3689729332923889,0.3610957622528076,0.39787397
PL923,0.6911024808883667,0.7105552911758423,0.672627305984497,0.8484615
PL924,0.34151572585105894,0.2850277781486511,0.3010596394538879,0.3522522
PL925,0.43558613061904905,0.33225140571594236,0.33258325457572935,0.3648913
PL926,1.013361430168152,0.9254473209381103,0.8279583811759949,0.8717478
PT111,1.3604761123657227,1.2979167461395265,1.3730762958526612,1.4591583
PT112,3.506390428543091,3.3930865287780763,3.461025333404541,3.7007184
PT119,2.8612943649291993,2.7940174102783204,3.1179033279418946,3.0459044
PT11A,9.199015235900879,8.850238418579101,9.591439819335937,10.029913
PT11B,0.6469641089439392,0.6370310544967651,0.674142575263977,0.65423113
PT11C,2.4237152099609376,2.2466290950775147,2.447094774246216,2.6098855
PT11D,0.9111944198608398,0.8478912472724914,0.9095455169677734,0.9397245
PT11E,0.5628806710243225,0.5530839920043945,0.5837600588798523,0.5946272
PT150,2.6045359134674073,2.344692087173462,2.631794309616089,2.5940735
PT16B,3.0005682468414308,3.046929931640625,3.6341079235076905,3.5472162
PT16D,3.7019856929779054,3.184214687347412,3.7435985565185548,3.4234724
PT16E,1.9870933055877686,1.6686229467391969,2.0260387420654298,1.8103324
PT16F,2.3599709033966065,1.9845858573913575,2.4852269649505616,2.3726676
PT16G,1.4639349937438966,1.2151299476623536,1.473417615890503,1.4030638
PT16H,0.6409883260726928,0.5465531706809997,0.667755401134491,0.6324051
PT16I,1.7336334943771363,1.4989908695220948,1.783744788169861,1.7460189
PT16J,0.8847883701324463,0.7591876745223999,0.9624486923217773,0.88769895
PT170,11.450732803344726,10.817723846435547,13.366217231750488,12.932316
PT181,0.696747875213623,0.6103737115859985,0.6924676060676574,0.7043203
PT184,0.40613058805465696,0.358430540561676,0.4720812201499939,0.4589758
PT185,1.2487679481506349,1.2084495782852174,1.4567790985107423,1.4057733
PT186,0.5771723747253418,0.5159425497055053,0.615957236289978,0.65543264
PT187,0.5765122532844543,0.5204985499382019,0.62652108669281,0.6381586
PT200,0.9046411275863647,0.926194167137146,0.9940596580505371,1.0782113
PT300,4.486721611022949,4.496140575408935,4.549293136596679,4.598253
RO111,0.5431135058403015,0.4047189116477966,0.4963702917098999,0.51352346
RO112,0.272740638256073,0.17662177085876465,0.24682134985923768,0.26645762
RO113,0.6117548108100891,0.4591821193695068,0.5339679479598999,0.55595934
RO114,0.3796838283538818,0.2709828674793243,0.316233879327774,0.38195294
RO115,0.43113300800323484,0.32724920511245725,0.35123381614685056,0.42538443
RO116,0.2738634407520294,0.1974327027797699,0.21897897720336915,0.26386836
RO121,0.4057761192321777,0.29505652785301206,0.3937817573547363,0.3888958
RO122,0.739986515045166,0.6880748033523559,0.7922587156295776,0.72941566
RO123,0.2587134003639221,0.1951548218727112,0.29946509599685667,0.2787662
RO124,0.24059484004974366,0.1698501169681549,0.23362833857536316,0.22512522
RO125,0.4354319930076599,0.2854056119918823,0.4071932196617126,0.40370303
SE125,0.8512096166610718,0.5581214189529419,0.7055740714073181,0.8470334
SE211,0.36992195844650266,0.4942548036575317,0.3164171040058136,0.5781294
SE212,0.2216549575328827,0.31001401543617246,0.2409580111503601,0.36711708
SE213,0.26297626495361326,0.32296074032783506,0.22066426873207093,0.34717804
SE214,0.1893550217151642,0.26623976826667783,0.1929480493068695,0.37473625
SE221,0.4575564622879028,0.5203755259513855,0.457896089553833,0.573782
SE224,0.9572280406951904,0.9978145122528076,1.030265784263611,1.2998818
SE231,0.471337354183197,0.5262394905090332,0.4772437572479248,0.6504456
SE232,0.5389877915382385,0.6274165868759155,0.44338629245758054,0.7463699
SE311,0.21599770188331605,0.17031318545341492,0.18267951011657715,0.3034968
SE312,0.3082441449165344,0.20680273175239564,0.30936834812164304,0.33665887
SI041,1.044491744041443,1.1155454874038697,1.182120418548584,1.1562757
SI042,0.4142890930175781,0.4431589603424072,0.47412017583847044,0.47142968
SI043,0.35544428825378416,0.3405617237091064,0.39939353466033933,0.39291275
TRB12,0.8397423386573791,0.5874188899993896,0.6747570991516113,0.68278056
TRB13,0.5118186235427856,0.2754234135150909,0.38737127780914304,0.37061104
TRB14,0.3862765789031982,0.24661014080047608,0.3547177672386169,0.33854052
TRB21,0.8491767406463623,0.5689223766326904,0.6192128419876098,0.5437027
TRB22,0.7788359880447387,0.3947694659233093,0.5763020277023315,0.46619263
TRB23,0.776212728023529,0.45049927234649656,0.5888465404510498,0.50522256
TRB24,0.675433611869812,0.4567238450050354,0.5623279571533203,0.40706688
TRC11,2.2038026809692384,1.8433689832687379,1.8714645862579347,1.7828071
TRC12,0.7734084486961365,0.6001377463340759,0.6841876268386841,0.64555234
TRC13,1.2997557878494264,1.0540868997573853,1.1476995706558228,0.9821354
TRC21,0.9165286779403686,0.8415897250175476,0.914000129699707,0.82773453
TRC22,1.0104782342910767,0.7962420344352722,0.8639213800430298,0.8395545
TRC31,1.0710742235183717,0.947537636756897,0.9910547494888305,0.83719426
TRC32,1.2155208349227906,1.0173792600631715,1.1298714637756349,0.9911689
TRC33,0.7501362323760986,0.6175469517707824,0.6699622631072998,0.57764447
TRC34,0.7282508969306946,0.5477630853652954,0.6525691509246826,0.53544277
UKC11,5.686416721343994,6.296237564086914,6.433017349243164,6.0656757
UKC12,5.9320450782775875,5.557818031311035,6.682390308380127,6.7353506
UKC13,2.030786371231079,1.9401906490325929,1.9661906719207765,2.4842818
UKC14,0.9027864694595337,0.8852004766464233,0.9294187784194946,1.1037723
UKC21,0.1909927487373352,0.1846622884273529,0.2206764578819275,0.32832715
UKC22,8.785749053955078,7.894294357299804,9.232616996765136,9.605951
UKC23,8.917204475402832,10.449886894226074,13.952693557739257,15.632456
UKD11,0.34586203694343565,0.3327167987823486,0.35687986612319944,0.46456185
UKD12,0.1901302993297577,0.17264819741249085,0.1761319100856781,0.269464
UKD33,17.805257415771486,17.726211166381837,21.149800872802736,23.551073
UKD34,8.568854904174804,8.242674446105957,9.097032165527343,10.686383
UKD35,6.589673614501953,6.10623607635498,7.074634170532226,7.9086175
UKD36,4.728877162933349,4.5964056015014645,4.763453102111816,5.1033087
UKD37,4.936863994598388,4.677777862548828,4.731800174713134,5.254309
UKD41,2.756834840774536,2.9545424938201905,2.658703899383545,2.5860221
UKD42,12.603120422363281,10.925480461120605,12.690526580810547,13.362679
UKD44,0.7162945032119751,0.6514948964118957,0.7183608174324035,0.8539697
UKD45,1.255505657196045,1.2262662410736085,1.3540497779846192,1.5635138
UKD46,1.6337646007537843,1.673253870010376,1.6353970527648927,1.9061037
UKD47,1.8372254133224488,1.6180479288101197,1.8360754013061524,2.0424583
UKD61,5.328869915008545,4.882962799072265,5.67869005203247,6.222754
UKD62,1.1628243684768678,1.0276242256164552,1.1712289810180665,1.382572
UKD63,2.290375089645386,2.2932411193847657,2.4839681148529054,2.6217682
UKD71,6.320178604125976,6.149616336822509,6.725003814697265,7.461526
UKD72,15.287596321105957,16.180936431884767,15.914258575439453,17.004103
UKD73,6.340469455718994,5.769443130493164,6.65626630783081,6.8749175
UKD74,5.530397987365722,5.655094242095947,5.665309047698974,6.2642636
UKE11,11.643590545654297,13.066241836547851,13.50467643737793,15.095978
UKE12,0.7507437825202942,0.7126348972320556,0.7246717572212219,0.8211605
UKE13,2.0568486213684083,2.3212600708007813,2.1868911743164063,2.431978
UKE21,2.2882483959198,2.2736876964569093,2.3957239151000977,2.5243633
UKE22,0.3264379262924194,0.3305314242839813,0.32072669863700864,0.39651865
UKE31,3.0301908016204835,3.033311700820923,2.938730335235596,3.3714786
UKE32,4.034805870056152,4.156066989898681,3.8236120700836183,4.469337
UKE41,4.565878009796142,4.880078411102295,4.76453742980957,5.110455
UKE42,7.343143558502197,7.535925960540771,7.325650310516357,7.690763
UKE44,2.5669368267059327,2.7279983520507813,2.870536184310913,3.0703967
UKE45,6.263024425506591,6.483738994598388,6.27024564743042,6.830156
UKH25,1.7185504198074342,1.466295099258423,1.6530302524566651,1.5734237
UKH31,8.427934265136718,7.173786735534668,8.914810752868652,9.607517
UKH32,6.278980827331543,5.442613220214843,6.538251972198486,6.628718
UKH34,0.9040058612823486,0.7949887275695801,0.8299895286560058,0.8983294
UKH35,1.5158124923706056,1.3232110500335694,1.588986611366272,1.4952517
UKH36,1.1866950750350953,1.009846067428589,1.2514945030212403,1.1771079
UKH37,3.4976399898529054,2.890684461593628,3.62327299118042,3.4147124
UKI31,40.64301452636719,36.734780883789064,41.59371719360352,38.196346
UKI32,53.41775283813477,47.36483154296875,51.986253356933595,48.31826
UKI33,33.271863555908205,31.296359634399415,35.59352264404297,34.139206
UKI34,22.40797004699707,20.55369338989258,26.524463272094728,24.625072
UKI41,34.47838363647461,31.631660079956056,37.275689697265626,34.131577
UKI42,48.99132308959961,43.11861953735352,49.925855255126955,44.45234
UKI43,29.313556289672853,26.85433349609375,31.450709915161134,30.91863
UKI44,25.31026611328125,22.46369514465332,26.701444244384767,25.58143
UKI45,27.773561096191408,24.383050537109376,29.6039176940918,28.923191
UKI51,15.350054359436035,13.601065254211425,16.892245864868165,16.287317
UKI52,11.516338920593261,10.273075675964355,12.292531585693359,11.104853
UKI53,13.1299072265625,11.87359676361084,15.08154354095459,14.023125
UKI54,14.319976425170898,12.34644660949707,14.397240257263183,13.541441
UKI61,7.474679088592529,6.28714427947998,7.528227424621582,7.094728
UKI62,12.432803726196289,10.658536529541015,12.074063873291015,11.3699875
UKI63,11.314322090148925,10.042376136779785,12.170744514465332,11.492673
UKI71,12.501641845703125,10.844561195373535,12.606548881530761,11.712784
UKI72,25.86974678039551,27.32140121459961,32.816079711914064,32.780743
UKI73,18.49558029174805,16.766425704956056,19.59676513671875,19.524817
UKI74,12.187759017944336,11.14190731048584,13.5671630859375,12.921868
UKI75,15.116504287719726,13.75756893157959,16.305997467041017,15.047746
UKJ11,2.2207304000854493,1.9564009666442872,2.4445932865142823,2.5339384
UKJ12,5.179780578613281,4.680599308013916,5.852693176269531,5.7510858
UKJ13,1.233201003074646,1.0933707714080811,1.3148122787475587,1.2662735
UKJ14,1.0856102466583253,0.9414090871810913,1.0805972576141358,1.0567422
UKJ21,6.997547721862793,6.479144668579101,7.6716571807861325,7.6958127
UKJ22,0.6315431952476501,0.5710363149642944,0.6449966788291931,0.6136298
UKJ25,2.474964952468872,2.1496108531951905,2.490822410583496,2.3968565
UKJ26,1.8084680795669557,1.5655040502548219,1.731941556930542,1.7188252
UKJ27,1.046060061454773,0.8669779062271118,0.9609147071838379,0.9787488
UKJ28,1.399666166305542,1.2531080007553101,1.2678614616394044,1.3691465
TR310,3.31346116065979,2.8584640979766847,3.055078125,2.839526
TR321,1.4716750144958497,1.293421483039856,1.4088831901550294,1.2431554
TR322,1.227150058746338,1.0493571519851685,1.2088190078735352,1.0665519
TR323,1.0854689836502076,1.0779871702194215,1.0245209693908692,0.9106611
TR331,1.1971915721893311,0.9946981430053711,1.0935613870620728,0.9894106
TR332,0.9333942890167236,0.6860533118247986,0.8265106439590454,0.68260294
TR333,0.7066300272941589,0.5325862526893616,0.6524688363075256,0.5394153
TR334,1.1220961570739747,0.8132977843284607,0.9627985715866089,0.8417726
TR411,1.814070200920105,1.6392993688583375,1.7537585258483888,1.5921068
TR412,0.7923232078552246,0.5721122980117798,0.7014336347579956,0.5665862
TR413,0.8670661211013794,0.7260418891906738,0.8413311004638672,0.71530074
TR421,4.085354423522949,3.693003273010254,3.8276175022125245,3.5485992
TR422,1.6839064121246339,1.4280981779098512,1.5418618679046632,1.4486625
TR423,1.3766599655151368,1.148144817352295,1.3033076286315919,1.1915438
TR424,0.4669072389602661,0.37543771266937254,0.4635355234146118,0.42601472
TR425,2.7590514183044434,2.5999358654022218,2.7999971866607667,2.603172
TR510,1.9898582458496095,1.6865244865417481,1.799591875076294,1.7500738
TR521,0.7956744790077209,0.5857374429702759,0.746277368068695,0.5714611
TR522,0.525112247467041,0.41704425811767576,0.48634097576141355,0.36455378
TR611,1.4978103399276734,1.4490811586380006,1.3541352510452271,1.2126337
TR612,0.859456992149353,0.6726222395896911,0.7838237643241882,0.6565165
TR613,0.737100338935852,0.6117543935775757,0.6508733987808227,0.5808821
TR621,1.39758358001709,1.210758900642395,1.2904451847076417,1.1166415
TR622,1.2757965087890626,1.1475442409515382,1.143869733810425,0.9518496
TR631,2.772649145126343,2.572383975982666,2.4968331813812257,2.1813936
TR632,0.8241265177726745,0.6524919629096985,0.6772460103034973,0.5894222
TR633,1.4234694004058839,1.2249516010284425,1.337390160560608,1.1061224
TR711,1.052643632888794,0.7926244497299194,0.826601243019104,0.74754673
TR712,0.8386732697486877,0.5671491980552673,0.7281986832618713,0.5331238
TR713,0.9772746324539184,0.6859406590461731,0.8760783433914184,0.72862333
TR714,1.2687129735946656,0.9462110757827759,1.1490279197692872,0.9224403
TR715,0.644978380203247,0.44372484683990476,0.6194509625434875,0.4867325
TR721,1.2298805475234986,0.8995891571044922,1.0500389099121095,0.8961906
TR722,0.4640404939651489,0.32775930166244505,0.39100430011749265,0.38627788
TR723,0.632473087310791,0.42477301359176634,0.4614675402641296,0.41137066
TR811,1.7035817861557008,1.5519705772399903,1.5600565433502198,1.3881019
TR812,0.7437965035438537,0.6637053251266479,0.7209390759468078,0.60443455
TR813,1.0819431304931642,0.9621046543121338,0.9699978590011596,0.8294003
TR821,0.46517918109893797,0.37120590209960935,0.4501993417739868,0.41338676
TR822,0.5289381504058838,0.3916601300239563,0.48213634490966795,0.38973117
TR823,0.4500849604606628,0.3909882664680481,0.44686988592147825,0.40383512
TR831,1.2989197731018067,1.0810166358947755,1.2206717491149903,1.1027094
TR832,0.7581247448921203,0.5883472919464111,0.6056606531143188,0.5779423
TR833,0.5598259329795837,0.4161157369613647,0.5069198966026306,0.43849775
TR834,0.8247935533523559,0.6591098666191101,0.7213789582252502,0.6348487
TR901,1.2241450309753419,0.9876782655715942,1.1166015625,1.0039893
TR902,1.0716844558715821,0.824334180355072,0.9684291839599609,0.84151983
TR903,0.7318317651748657,0.5509950280189514,0.6505359768867492,0.5804034
TR904,0.7710609793663025,0.6117330551147461,0.7425116658210754,0.74528104
TR905,0.34703240394592283,0.26862499713897703,0.36060080528259275,0.32834268
TR906,0.4262781500816345,0.30030489563941953,0.3933917641639709,0.37277037
TRA11,0.6690290927886963,0.464776611328125,0.5681074023246765,0.55905366
TRA12,0.48225865364074705,0.33863759636878965,0.41231725215911863,0.42392102
TRA13,0.6933069586753845,0.47169516086578367,0.6281029939651489,0.60213506
TRA21,0.7913730502128601,0.5118670225143432,0.5795651435852051,0.6002826
TRA22,0.5133110642433166,0.3732107639312744,0.5095556735992431,0.45028034
TRA23,0.6965763330459595,0.5901136755943298,0.8298946976661682,0.62603575
TRA24,0.7256916522979736,0.5478219747543335,0.638734495639801,0.5437509
TRB11,0.83332679271698,0.5824362993240356,0.660339093208313,0.6627126
UKM71,0.4157115578651428,0.3755047082901001,0.483306086063385,0.5442786
UKM72,1.4305041790008546,0.995899772644043,1.7751592159271241,2.5133774
UKM73,0.8182794213294983,0.9790379762649536,1.0039005041122437,1.0610324
UKM75,6.90458927154541,7.833631610870361,8.782891845703125,8.402294
UKM76,5.73289213180542,5.466678237915039,5.658540344238281,6.124566
UKM77,0.1696069896221161,0.18242937922477723,0.19141126275062562,0.26730973
UKM78,2.4393895626068116,3.266968107223511,3.3887635231018067,3.6206853
UKM81,1.1516246557235719,1.2839643716812135,1.2672509908676148,1.5821608
UKM82,15.320250129699707,15.372879600524902,17.14909896850586,18.995089
UKM83,2.474178409576416,2.4426599502563477,2.785502052307129,3.5765414
UKM84,4.37295970916748,5.066898918151855,5.460920429229736,5.7926044
UKM91,0.08954388499259949,0.10972852110862732,0.11078873872756959,0.18863013
UKM92,0.10924426317214966,0.10522851943969727,0.11628047227859498,0.19587368
UKM93,0.7771700978279114,0.6932954549789428,0.7305304169654846,0.9137295
UKM94,0.49077693223953245,0.47641382217407224,0.5595838189125061,0.6678116
UKM95,0.9188405036926269,0.9172706365585327,1.0724336862564088,1.2451258
UKN06,10.718781089782714,12.037114715576172,11.741006469726562,12.072734
UKN07,0.6777599215507507,0.6760610699653625,0.662768280506134,0.76911557
UKN08,0.49446735382080076,0.528628146648407,0.4890489935874939,0.5520773
UKN09,1.2543033123016358,1.2782718896865846,1.354645347595215,1.4391744
UKN10,0.7174639463424682,0.6807942152023315,0.7167197227478027,0.8123084
UKN11,0.3787109017372131,0.3681310176849365,0.35840938091278074,0.4324747
UKN12,0.4099865913391113,0.4107495307922363,0.41497341394424436,0.50301266
UKN13,1.2007133722305299,1.3660080194473267,1.3405402660369874,1.4585551
UKN14,1.3725507020950318,1.4595055341720582,1.455993390083313,1.5338031
UKN15,0.5690330028533935,0.6346509218215942,0.6026621222496032,0.72124
UKN16,0.24239886403083802,0.23021671772003174,0.21432039737701417,0.3021399
UKJ31,14.862499809265136,15.687891578674316,17.29550132751465,15.684922
UKJ32,13.018486595153808,12.772407150268554,11.714043235778808,13.236235
UKJ34,0.820250129699707,0.8075602412223816,0.8189543843269348,0.9756696
UKJ35,3.673033332824707,3.32959566116333,3.526367521286011,3.48328
UKJ36,0.6724737048149109,0.603910481929779,0.6331429243087768,0.643813
UKJ37,1.171525812149048,0.9661549091339111,1.1076367855072022,1.0821663
UKJ41,5.295066928863525,4.540456390380859,5.22066650390625,4.7707095
UKJ43,3.2441490650177003,2.8251365184783936,3.415556287765503,3.1881402
UKJ44,1.9147280216217042,1.728411650657654,1.8156556844711305,1.5500903
UKJ45,1.053982710838318,0.9238387107849121,1.1632280111312867,1.0820541
UKJ46,1.1996707677841187,1.0487868547439576,1.280802583694458,1.1802171
UKK11,12.522148704528808,10.388017272949218,11.421305274963379,11.37044
UKK12,1.644729232788086,1.3673317193984986,1.543214535713196,1.564475
UKK13,0.6327922105789184,0.5840887188911438,0.6980450510978699,0.7368302
UKK14,4.754591083526611,3.5265422821044923,3.9756937980651856,4.0212765
UKK15,0.5891614317893982,0.47824660539627073,0.505167281627655,0.5566147
UKK21,6.934347248077392,6.255172348022461,6.728814697265625,8.675755
UKK22,0.4463362455368042,0.3882910966873169,0.439929461479187,0.51388997
UKK23,0.5634408950805664,0.4854742050170898,0.5507448673248291,0.62934715
UKK30,0.40510413646697996,0.3429811060428619,0.3314495742321014,0.4533313
UKK41,8.30062255859375,6.956605529785156,7.305312728881836,9.609776
UKK42,2.4686020374298097,2.1857815742492677,2.63079891204834,3.3098965
UKK43,0.27258009314537046,0.2518672704696655,0.27171353101730344,0.38188776
UKL11,0.29248262047767637,0.3276155650615692,0.3314486503601074,0.42144006
UKL12,0.1649489164352417,0.18493754267692566,0.16682053208351136,0.23953179
UKL13,0.37519041299819944,0.44042030572891233,0.391475236415863,0.4627859
UKL14,0.22068143486976624,0.2086956262588501,0.18595237135887147,0.26042044
UKL15,1.2255284547805787,1.0768764972686768,1.2385617256164552,1.4337565
UKL16,1.93026123046875,1.786885714530945,1.9744859695434571,2.0786483
UKL17,1.8415770292282105,1.5830164909362794,1.8052444219589234,1.8429544
UKL18,2.0534997940063477,1.8614996433258058,1.9400366306304933,1.9996166
UKL21,1.1566583871841432,1.046711540222168,1.1289454460144044,1.2163391
UKL22,3.732246255874634,3.1396997928619386,3.4886702060699464,4.0120487
UKL23,1.3157385349273683,1.3626116275787354,1.4213601112365724,1.5231426
UKL24,0.08452560603618622,0.09148477613925934,0.0748789519071579,0.13305642
UKM50,0.4369675874710083,0.39829102754592893,0.5670318365097046,0.6577551
UKM61,0.03733987212181092,0.0523623138666153,0.05524935424327851,0.116270654
UKM62,0.13159835934638978,0.15204597115516663,0.20035097599029542,0.2355587
UKM63,0.04395940005779267,0.03687917292118073,0.022129407525062567,0.10853049
UKM64,0.012839010357856756,0.01851718723773957,0.001333987712860113,0.09035043
UKM65,0.08020988702774048,0.12242067456245423,0.09530692398548127,0.2204333
UKM66,0.16065982580184937,0.18830365538597107,0.39982584714889524,0.72126853
NO060,0.2813937425613403,0.19070056676864625,0.3098482549190521,0.37559623