id	2019	2018	2017	2016	2015	2014	2013	2012	2011	2010	2009	2008	2007	2006	2005	2004	2003	2002	2001	2000	1999	1998	1997	1996	1995	1994	1993	1992	1991	1990
NR,T,TOTAL,AL	2862427	2870324	2876591	2875592	2885796	2892394	2897770	2903008	2907361	2918674	2936355	2958266	2981755	3003329	3019634	3034231	3044993	3057018	: 	: 	: 	: 	: 	: 	: 	: 	: 	: 	: 	: 
NR,T,TOTAL,AL0	2862427	2870324	2876591	2875592	2885796	2892394	2897770	2903008	2907361	2918674	2936355	2958266	2981755	3003329	3019634	3034231	3044993	3057018	: 	: 	: 	: 	: 	: 	: 	: 	: 	: 	: 	: 
NR,T,TOTAL,AL01	813758	819793	826904	830981	836448	844921	853084	861058	: 	: 	: 	: 	: 	: 	: 	: 	: 	: 	: 	: 	: 	: 	: 	: 	: 	: 	: 	: 	: 	: 
NR,T,TOTAL,AL011	118948	120978	125579	129056	131054	134332	137722	140956	: 	: 	: 	: 	: 	: 	: 	: 	: 	: 	: 	: 	: 	: 	: 	: 	: 	: 	: 	: 	: 	: 
NR,T,TOTAL,AL012	290126	289626	284823	280205	277989	276058	274029	271947	: 	: 	: 	: 	: 	: 	: 	: 	: 	: 	: 	: 	: 	: 	: 	: 	: 	: 	: 	: 	: 	: 
NR,T,TOTAL,AL013	76594	77395	79559	81294	82428	84306	86082	87762	: 	: 	: 	: 	: 	: 	: 	: 	: 	: 	: 	: 	: 	: 	: 	: 	: 	: 	: 	: 	: 	: 
NR,T,TOTAL,AL014	125195	126800	129019	130258	131829	133748	135703	137782	: 	: 	: 	: 	: 	: 	: 	: 	: 	: 	: 	: 	: 	: 	: 	: 	: 	: 	: 	: 	: 	: 
NR,T,TOTAL,AL015	202895	204994	207924	210168	213148	216477	219548	222611	: 	: 	: 	: 	: 	: 	: 	: 	: 	: 	: 	: 	: 	: 	: 	: 	: 	: 	: 	: 	: 	: 
NR,T,TOTAL,AL02	1170142	1162544	1146183	1130587	1124817	1111160	1097258	1083768	: 	: 	: 	: 	: 	: 	: 	: 	: 	: 	: 	: 	: 	: 	: 	: 	: 	: 	: 	: 	: 	: 
NR,T,TOTAL,AL021	274982	278548	283822	287606	290666	294938	298995	302863	: 	: 	: 	: 	: 	: 	: 	: 	: 	: 	: 	: 	: 	: 	: 	: 	: 	: 	: 	: 	: 	: 
NR,T,TOTAL,AL022	895160	883996	862361	842981	834151	816222	798263	780905	: 	: 	: 	: 	: 	: 	: 	: 	: 	: 	: 	: 	: 	: 	: 	: 	: 	: 	: 	: 	: 	: 
NR,T,TOTAL,AL03	878527	887987	903504	914024	924531	936313	947428	958182	: 	: 	: 	: 	: 	: 	: 	: 	: 	: 	: 	: 	: 	: 	: 	: 	: 	: 	: 	: 	: 	: 
NR,T,TOTAL,AL031	125157	127432	131942	135441	138365	141114	143856	146736	: 	: 	: 	: 	: 	: 	: 	: 	: 	: 	: 	: 	: 	: 	: 	: 	: 	: 	: 	: 	: 	: 
NR,T,TOTAL,AL032	294747	298144	302507	305108	308014	312248	316599	320789	: 	: 	: 	: 	: 	: 	: 	: 	: 	: 	: 	: 	: 	: 	: 	: 	: 	: 	: 	: 	: 	: 
NR,T,TOTAL,AL033	61423	62951	65939	68020	69557	71567	73753	76054	: 	: 	: 	: 	: 	: 	: 	: 	: 	: 	: 	: 	: 	: 	: 	: 	: 	: 	: 	: 	: 	: 
NR,T,TOTAL,AL034	207889	210179	214321	217422	220196	223029	225634	228118	: 	: 	: 	: 	: 	: 	: 	: 	: 	: 	: 	: 	: 	: 	: 	: 	: 	: 	: 	: 	: 	: 
NR,T,TOTAL,AL035	189311	189281	188795	188033	188399	188355	187586	186485	: 	: 	: 	: 	: 	: 	: 	: 	: 	: 	: 	: 	: 	: 	: 	: 	: 	: 	: 	: 	: 	: 
NR,T,TOTAL,ALX	0	0	0	0	0	0	: 	: 	: 	: 	: 	: 	: 	: 	: 	: 	: 	: 	: 	: 	: 	: 	: 	: 	: 	: 	: 	: 	: 	: 
NR,T,TOTAL,ALXX	0	0	0	0	0	0	: 	: 	: 	: 	: 	: 	: 	: 	: 	: 	: 	: 	: 	: 	: 	: 	: 	: 	: 	: 	: 	: 	: 	: 
NR,T,TOTAL,ALXXX	0	0	0	0	0	0	: 	: 	: 	: 	: 	: 	: 	: 	: 	: 	: 	: 	: 	: 	: 	: 	: 	: 	: 	: 	: 	: 	: 	: 
NR,T,TOTAL,AT	8858775	8822267	8772865	8700471	8584926	8507786	8451860	8408121	8375164	8351643	8335003	8307989	8282984	8254298	8201359	8142573	8100273	8063640	8020946	8002186	7982461	7971116	7964966	7953067	7943489	7928746	7882519	7798899	7710882	7644818
NR,T,TOTAL,AT1	3868466	3852119	3825277	3784928	3722471	3679647	3646529	3617321	3596910	3579589	3565870	3547701	3529875	3512077	3479550	3444493	3418657	3392463	3369328	3359846	: 	: 	: 	: 	: 	: 	: 	: 	: 	: 
NR,T,TOTAL,AT11	293433	292675	291942	291011	288356	287416	286691	285782	284581	283697	282777	280977	280062	279127	278032	276792	276542	276673	275956	276226	: 	: 	: 	: 	: 	: 	: 	: 	: 	: 
NR,T,TOTAL,AT111	37513	37661	37752	37692	37622	37534	37565	37561	37505	37526	37472	37438	37481	37413	37522	37640	37703	37778	37732	: 	: 	: 	: 	: 	: 	: 	: 	: 	: 	: 
NR,T,TOTAL,AT112	158981	157840	156735	155809	153637	152539	151596	150500	149522	148576	147634	146279	145118	144205	143094	141963	141361	141050	140421	: 	: 	: 	: 	: 	: 	: 	: 	: 	: 	: 
NR,T,TOTAL,AT113	96939	97174	97455	97510	97097	97343	97530	97721	97554	97595	97671	97260	97463	97509	97416	97189	97478	97845	97803	: 	: 	: 	: 	: 	: 	: 	: 	: 	: 	: 
NR,T,TOTAL,AT12	1677542	1670668	1665753	1653691	1636778	1625485	1618592	1614455	1609474	1605897	1602958	1595503	1588567	1580501	1568949	1557291	1549269	1544667	1539416	1535083	: 	: 	: 	: 	: 	: 	: 	: 	: 	: 
NR,T,TOTAL,AT121	246740	246050	245671	244431	242689	241727	241246	240979	240997	241155	241450	240906	240622	240185	239038	237979	237500	237739	237415	: 	: 	: 	: 	: 	: 	: 	: 	: 	: 	: 
NR,T,TOTAL,AT122	260480	259630	259655	258132	255720	254011	253224	253092	252671	252390	252245	251663	251528	250946	249588	248064	246770	246169	245171	: 	: 	: 	: 	: 	: 	: 	: 	: 	: 	: 
NR,T,TOTAL,AT123	155446	154885	154045	152576	150657	149510	148861	148511	148244	148000	147776	147367	146933	146327	145251	143880	142873	142342	141751	: 	: 	: 	: 	: 	: 	: 	: 	: 	: 	: 
NR,T,TOTAL,AT124	217445	218161	219513	219219	218129	218249	218676	219354	219464	220051	220787	221077	221515	222076	222146	222360	222866	223385	224073	: 	: 	: 	: 	: 	: 	: 	: 	: 	: 	: 
NR,T,TOTAL,AT125	124967	124893	124939	124281	123544	123141	123111	123374	123520	123744	123915	123781	123691	123617	123368	123163	123265	123320	123251	: 	: 	: 	: 	: 	: 	: 	: 	: 	: 	: 
NR,T,TOTAL,AT126	330362	327072	323987	320370	316251	312952	310090	308200	306061	303609	301675	298120	294379	290673	286609	283012	279984	277948	275861	: 	: 	: 	: 	: 	: 	: 	: 	: 	: 	: 
NR,T,TOTAL,AT127	342102	339977	337943	334682	329788	325895	323384	320945	318517	316948	315110	312589	309899	306677	302949	298833	296011	293764	291894	: 	: 	: 	: 	: 	: 	: 	: 	: 	: 	: 
NR,T,TOTAL,AT13	1897491	1888776	1867582	1840226	1797337	1766746	1741246	1717084	1702855	1689995	1680135	1671221	1661246	1652449	1632569	1610410	1592846	1571123	1553956	1548537	: 	: 	: 	: 	: 	: 	: 	: 	: 	: 
NR,T,TOTAL,AT130	1897491	1888776	1867582	1840226	1797337	1766746	1741246	1717084	1702855	1689995	1680135	1671221	1661246	1652449	1632569	1610410	1592846	1571123	1553956	1548537	: 	: 	: 	: 	: 	: 	: 	: 	: 	: 
NR,T,TOTAL,AT2	1803991	1801112	1798375	1792494	1779211	1771127	1766444	1764723	1763329	1763043	1764257	1763416	1761876	1760131	1755706	1750194	1747938	1748050	1742012	1743626	: 	: 	: 	: 	: 	: 	: 	: 	: 	: 
NR,T,TOTAL,AT21	560939	560898	561077	560482	557641	555881	555473	556027	556718	557998	559462	559715	559393	559277	558926	558026	558623	559933	559571	560696	: 	: 	: 	: 	: 	: 	: 	: 	: 	: 
NR,T,TOTAL,AT211	287528	286579	285523	283941	281395	279347	277846	276915	276005	275707	275475	274537	273328	272384	271119	269828	269590	269612	268789	: 	: 	: 	: 	: 	: 	: 	: 	: 	: 	: 
NR,T,TOTAL,AT212	124252	124389	124975	125474	125338	125600	126187	126936	127649	128387	129117	129632	129931	130287	130848	130918	131153	131654	131618	: 	: 	: 	: 	: 	: 	: 	: 	: 	: 	: 
NR,T,TOTAL,AT213	149159	149930	150579	151067	150908	150934	151440	152176	153064	153904	154870	155546	156134	156606	156959	157280	157880	158667	159164	: 	: 	: 	: 	: 	: 	: 	: 	: 	: 	: 
NR,T,TOTAL,AT22	1243052	1240214	1237298	1232012	1221570	1215246	1210971	1208696	1206611	1205045	1204795	1203701	1202483	1200854	1196780	1192168	1189315	1188117	1182441	1182930	: 	: 	: 	: 	: 	: 	: 	: 	: 	: 
NR,T,TOTAL,AT221	443066	439236	434969	429088	421304	415657	410094	405473	401229	396995	393586	390138	386423	382377	377444	372013	368327	364679	356285	: 	: 	: 	: 	: 	: 	: 	: 	: 	: 	: 
NR,T,TOTAL,AT222	79901	80082	80011	79860	79574	78893	79040	79297	79620	79969	80379	80541	80957	81042	81166	81186	81387	81873	82124	: 	: 	: 	: 	: 	: 	: 	: 	: 	: 	: 
NR,T,TOTAL,AT223	159044	159888	160777	161907	161767	162626	163272	164468	165505	166634	167991	168976	170113	171415	171971	172903	173680	174997	176447	: 	: 	: 	: 	: 	: 	: 	: 	: 	: 	: 
NR,T,TOTAL,AT224	266912	266518	266343	265794	264950	266450	266394	266662	266831	267150	267583	268060	268212	268382	268251	268057	267845	267753	267833	: 	: 	: 	: 	: 	: 	: 	: 	: 	: 	: 
NR,T,TOTAL,AT225	194466	194100	194192	193823	192555	189839	189889	190020	190155	190325	190506	190560	190658	190872	190722	190395	190046	190038	190176	: 	: 	: 	: 	: 	: 	: 	: 	: 	: 	: 
NR,T,TOTAL,AT226	99663	100390	101006	101540	101420	101781	102282	102776	103271	103972	104750	105426	106120	106766	107226	107614	108030	108777	109576	: 	: 	: 	: 	: 	: 	: 	: 	: 	: 	: 
NR,T,TOTAL,AT3	3186318	3169036	3149213	3123049	3083244	3057012	3038887	3026077	3014925	3009011	3004876	2996872	2991233	2982090	2966103	2947886	2933678	2923127	2909606	2898714	: 	: 	: 	: 	: 	: 	: 	: 	: 	: 
NR,T,TOTAL,AT31	1482095	1473576	1465045	1453948	1437251	1425422	1418498	1413866	1410222	1409253	1408619	1405762	1403663	1400287	1394726	1387488	1382532	1377802	1373134	1370035	: 	: 	: 	: 	: 	: 	: 	: 	: 	: 
NR,T,TOTAL,AT311	287640	286047	284192	281728	278909	276781	276102	275410	275045	275043	275370	274784	274406	274272	273848	273030	272695	272316	271287	: 	: 	: 	: 	: 	: 	: 	: 	: 	: 	: 
NR,T,TOTAL,AT312	591781	587029	581728	575644	567637	560587	555811	552172	549314	548003	546609	544613	542746	540016	536527	532296	528745	524856	523150	: 	: 	: 	: 	: 	: 	: 	: 	: 	: 	: 
NR,T,TOTAL,AT313	209304	208483	208083	207282	205212	204708	204242	204184	203954	204071	204230	204092	203964	203743	203425	202588	202397	202144	201193	: 	: 	: 	: 	: 	: 	: 	: 	: 	: 	: 
NR,T,TOTAL,AT314	155486	155445	154978	154263	152997	152309	152147	152314	152607	152817	152964	153019	153329	153296	153023	152591	152312	152423	151907	: 	: 	: 	: 	: 	: 	: 	: 	: 	: 	: 
NR,T,TOTAL,AT315	237884	236572	236064	235031	232496	231037	230196	229786	229302	229319	229446	229254	229218	228960	227903	226983	226383	226063	225597	: 	: 	: 	: 	: 	: 	: 	: 	: 	: 	: 
NR,T,TOTAL,AT32	555221	552579	549263	545815	538575	534270	531898	529704	527886	526730	526699	525944	526048	524920	522369	519691	517084	517050	514851	512854	: 	: 	: 	: 	: 	: 	: 	: 	: 	: 
NR,T,TOTAL,AT321	20320	20344	20426	20547	20458	20450	20668	20751	20827	20919	20889	21017	21056	21078	21179	21156	21177	21313	21366	: 	: 	: 	: 	: 	: 	: 	: 	: 	: 	: 
NR,T,TOTAL,AT322	168035	167438	166795	166024	164390	163578	163125	162816	162391	162245	162471	162787	162962	163271	162841	162433	161948	161909	161842	: 	: 	: 	: 	: 	: 	: 	: 	: 	: 	: 
NR,T,TOTAL,AT323	366866	364797	362042	359244	353727	350242	348105	346137	344668	343566	343339	342140	342030	340571	338349	336102	333959	333828	331643	: 	: 	: 	: 	: 	: 	: 	: 	: 	: 	: 
NR,T,TOTAL,AT33	754705	751140	746153	739139	728826	722038	715888	711581	707517	704662	702502	699588	697253	694253	688954	683639	679457	675701	671492	667459	: 	: 	: 	: 	: 	: 	: 	: 	: 	: 
NR,T,TOTAL,AT331	32670	32532	32399	32036	31691	31672	31647	31654	31607	31676	31761	31837	31778	31766	31795	31717	31719	31578	31492	: 	: 	: 	: 	: 	: 	: 	: 	: 	: 	: 
NR,T,TOTAL,AT332	311428	310297	308290	305226	299006	294259	290412	286877	284514	282833	281024	279509	278503	276604	273919	271231	269409	268356	266680	: 	: 	: 	: 	: 	: 	: 	: 	: 	: 	: 
NR,T,TOTAL,AT333	48753	48833	48879	49026	48896	48990	49071	49329	49453	49662	49881	50209	50468	50430	50326	50199	50202	50365	50403	: 	: 	: 	: 	: 	: 	: 	: 	: 	: 	: 
NR,T,TOTAL,AT334	104418	103949	103190	102419	101547	101177	101074	101428	101091	100795	100762	100384	99644	99863	99017	98720	97750	96802	95841	: 	: 	: 	: 	: 	: 	: 	: 	: 	: 	: 
NR,T,TOTAL,AT335	257436	255529	253395	250432	247686	245940	243684	242293	240852	239696	239074	237649	236860	235590	233897	231772	230377	228600	227076	: 	: 	: 	: 	: 	: 	: 	: 	: 	: 	: 
NR,T,TOTAL,AT34	394297	391741	388752	384147	378592	375282	372603	370926	369300	368366	367056	365578	364269	362630	360054	357068	354605	352574	350129	348366	: 	: 	: 	: 	: 	: 	: 	: 	: 	: 
NR,T,TOTAL,AT341	91889	91399	90847	89934	88571	87974	87792	87863	87874	88239	88332	88331	88728	88763	88406	87830	87370	87154	86510	: 	: 	: 	: 	: 	: 	: 	: 	: 	: 	: 
NR,T,TOTAL,AT342	302408	300342	297905	294213	290021	287308	284811	283063	281426	280127	278724	277247	275541	273867	271648	269238	267235	265420	263619	: 	: 	: 	: 	: 	: 	: 	: 	: 	: 	: 
NR,T,TOTAL,BE	11455519	11398589	11351727	11311117	11237274	11180840 b	11137974	11075889 b	11000638 b	10839905	10753080	10666866	10584534	10511382	10445852	10396421	10355844	10309725	10263414	10239085	10213752	10192264	10170226	10143047	10130574	10100631	10068319	10021997	9986975	9947782
NR,T,TOTAL,BE1	1215290	1205492	1199095	1201285	1184101	1172751 b	1165208	1151317 b	1136778 b	1089538	1068532	1048491	1031215	1018804	1006749	999899	992041	978384	964405	959318	: 	: 	: 	: 	: 	: 	: 	: 	: 	: 
NR,T,TOTAL,BE10	1215290	1205492	1199095	1201285	1184101	1172751 b	1165208	1151317 b	1136778 b	1089538	1068532	1048491	1031215	1018804	1006749	999899	992041	978384	964405	959318	: 	: 	: 	: 	: 	: 	: 	: 	: 	: 
NR,T,TOTAL,BE100	1215290	1205492	1199095	1201285	1184101	1172751 b	1165208	1151317 b	1136778 b	1089538	1068532	1048491	1031215	1018804	1006749	999899	992041	978384	964405	959318	: 	: 	: 	: 	: 	: 	: 	: 	: 	: 
NR,T,TOTAL,BE2	6596233	6559294	6526061	6491999	6453009	6421947 b	6396242	6365555 b	6325740 b	6251983	6208877	6161600	6117440	6078600	6043161	6016024	5995553	5972781	5952552	5940251	: 	: 	: 	: 	: 	: 	: 	: 	: 	: 
NR,T,TOTAL,BE21	1860470	1849523	1838863	1828927	1817033	1806634 b	1798605	1787490 b	1773267 b	1744862	1731174	1715707	1700570	1688493	1676858	1668812	1661119	1652450	1645652	1643972	: 	: 	: 	: 	: 	: 	: 	: 	: 	: 
NR,T,TOTAL,BE211	1053033	1047030	1041811	1036031	1030055	1024987 b	1020901	1014016 b	1005002 b	985332	977612	969563	961131	954680	948858	944921	940681	935381	931567	932103	: 	: 	: 	: 	: 	: 	: 	: 	: 	: 
NR,T,TOTAL,BE212	344980	343101	340671	337680	335794	333592 b	331806	329885 b	327928 b	324311	321788	319107	316224	314243	311472	309865	308665	307433	306413	305670	: 	: 	: 	: 	: 	: 	: 	: 	: 	: 
NR,T,TOTAL,BE213	462457	459392	456381	455216	451184	448055 b	445898	443589 b	440337 b	435219	431774	427037	423215	419570	416528	414026	411773	409636	407672	406199	: 	: 	: 	: 	: 	: 	: 	: 	: 	: 
NR,T,TOTAL,BE22	875842	872739	869664	866970	861380	857844 b	855213	851558 b	846851 b	838505	833160	826690	820272	814658	809942	805786	802528	798583	794785	791178	: 	: 	: 	: 	: 	: 	: 	: 	: 	: 
NR,T,TOTAL,BE221	429704	427695	426140	424695	421507	419302 b	417730	415593 b	412907 b	408370	405542	401919	398055	395032	392451	390212	388469	386283	384503	382981	: 	: 	: 	: 	: 	: 	: 	: 	: 	: 
NR,T,TOTAL,BE222	241849	241350	240802	240241	238494	237584 b	236838	235748 b	234567 b	232735	231326	229441	228034	226603	225323	223902	222793	221580	220231	218733	: 	: 	: 	: 	: 	: 	: 	: 	: 	: 
NR,T,TOTAL,BE223	204289	203694	202722	202034	201379	200958 b	200645	200217 b	199377 b	197400	196292	195330	194183	193023	192168	191672	191266	190720	190051	189464	: 	: 	: 	: 	: 	: 	: 	: 	: 	: 
NR,T,TOTAL,BE23	1516283	1506232	1498483	1489084	1479049	1471126 b	1463614	1457428 b	1448928 b	1432326	1420415	1408484	1398253	1389450	1380072	1373720	1370136	1366652	1363672	1361623	: 	: 	: 	: 	: 	: 	: 	: 	: 	: 
NR,T,TOTAL,BE231	291351	289279	287018	285328	283885	282457 b	280845	279054 b	276973 b	273544	271466	269489	267274	265665	263914	262945	262542	262193	262337	262294	: 	: 	: 	: 	: 	: 	: 	: 	: 	: 
NR,T,TOTAL,BE232	201299	200423	199772	198841	197945	197260 b	196241	195642 b	194310 b	192521	191527	190338	189638	188882	187783	187328	186991	186988	186553	186484	: 	: 	: 	: 	: 	: 	: 	: 	: 	: 
NR,T,TOTAL,BE233	85378	84732	84308	83862	83755	83372 b	83259	83134 b	82741 b	81921	81422	80864	80547	80262	79671	79464	79374	79357	79428	79484	: 	: 	: 	: 	: 	: 	: 	: 	: 	: 
NR,T,TOTAL,BE234	560690	557050	554633	550863	545427	542030 b	538778	536794 b	534419 b	527248	521796	516609	512407	508996	505267	502492	500794	498631	496608	495368	: 	: 	: 	: 	: 	: 	: 	: 	: 	: 
NR,T,TOTAL,BE235	124402	123923	123415	123141	122732	122221 b	121865	121395 b	120700 b	119995	119140	118101	117125	116098	115379	114801	114609	114433	114390	114345	: 	: 	: 	: 	: 	: 	: 	: 	: 	: 
NR,T,TOTAL,BE236	253163	250825	249337	247049	245305	243786 b	242626	241409 b	239785 b	237097	235064	233083	231262	229547	228058	226690	225826	225050	224356	223648	: 	: 	: 	: 	: 	: 	: 	: 	: 	: 
NR,T,TOTAL,BE24	1146643	1138546	1130644	1122600	1114590	1108408 b	1102907	1096284 b	1088692 b	1076924	1068838	1060232	1052467	1044133	1037786	1031904	1027839	1022821	1018403	1014704	: 	: 	: 	: 	: 	: 	: 	: 	: 	: 
NR,T,TOTAL,BE241	638030	632717	628001	623252	618154	613421 b	609754	605055 b	600350 b	593455	588743	584416	580407	576008	572697	568791	565759	563370	560138	558220	: 	: 	: 	: 	: 	: 	: 	: 	: 	: 
NR,T,TOTAL,BE242	508613	505829	502643	499348	496436	494987 b	493153	491229 b	488342 b	483469	480095	475816	472060	468125	465089	463113	462080	459451	458265	456484	: 	: 	: 	: 	: 	: 	: 	: 	: 	: 
NR,T,TOTAL,BE25	1196995	1192254	1188407	1184418	1180957	1177935 b	1175903	1172795 b	1168002 b	1159366	1155290	1150487	1145878	1141866	1138503	1135802	1133931	1132275	1130040	1128774	: 	: 	: 	: 	: 	: 	: 	: 	: 	: 
NR,T,TOTAL,BE251	282520	282020	281564	280713	280535	279956 b	280121	279081 b	277889 b	276313	275974	275599	274772	274435	273613	272987	272305	272011	271437	270866	: 	: 	: 	: 	: 	: 	: 	: 	: 	: 
NR,T,TOTAL,BE252	51560	51449	51293	51079	50885	50755 b	50636	50330 b	50029 b	49675	49352	49012	48570	48357	48259	48109	48037	48036	48082	47992	: 	: 	: 	: 	: 	: 	: 	: 	: 	: 
NR,T,TOTAL,BE253	106551	106511	106556	106582	106506	106460 b	106545	106736 b	106449 b	105828	105508	105144	104798	104506	104272	104030	104168	104168	104320	104278	: 	: 	: 	: 	: 	: 	: 	: 	: 	: 
NR,T,TOTAL,BE254	290930	289349	288248	286983	285969	285149 b	284475	283858 b	283019 b	281112	280049	278672	278160	277515	277190	277126	277430	277893	277786	278311	: 	: 	: 	: 	: 	: 	: 	: 	: 	: 
NR,T,TOTAL,BE255	157293	156638	155982	155256	154924	154278 b	153597	153471 b	152571 b	150841	150291	149287	148325	147292	146496	145701	144903	143899	142946	142430	: 	: 	: 	: 	: 	: 	: 	: 	: 	: 
NR,T,TOTAL,BE256	153394	151962	150936	150052	149106	148531 b	147934	147130 b	146429 b	145024	144154	143616	142776	142060	141542	141306	141211	140949	140684	140465	: 	: 	: 	: 	: 	: 	: 	: 	: 	: 
NR,T,TOTAL,BE257	93040	92738	92546	92347	92042	91864 b	91592	91305 b	90947 b	90274	90042	89584	89178	88787	88527	88330	88192	88085	88034	88061	: 	: 	: 	: 	: 	: 	: 	: 	: 	: 
NR,T,TOTAL,BE258	61707	61587	61282	61406	60990	60942 b	61003	60884 b	60669 b	60299	59920	59573	59299	58914	58604	58213	57685	57234	56751	56371	: 	: 	: 	: 	: 	: 	: 	: 	: 	: 
NR,T,TOTAL,BE3	3643996	3633803	3626571	3617833	3600164	3586142 b	3576524	3559017 b	3538120 b	3498384	3475671	3456775	3435879	3413978	3395942	3380498	3368250	3358560	3346457	3339516	: 	: 	: 	: 	: 	: 	: 	: 	: 	: 
NR,T,TOTAL,BE31	404270	401508	399735	397745	394344	391609 b	389308	386683 b	383648 b	379515	375645	373492	370460	366481	363776	360717	358012	355207	352018	349884	: 	: 	: 	: 	: 	: 	: 	: 	: 	: 
NR,T,TOTAL,BE310	404270	401508	399735	397745	394344	391609 b	389308	386683 b	383648 b	379515	375645	373492	370460	366481	363776	360717	358012	355207	352018	349884	: 	: 	: 	: 	: 	: 	: 	: 	: 	: 
NR,T,TOTAL,BE32	1346082	1343756	1342053	1341267	1337780	1334423 b	1331455	1325819 b	1319745 b	1309880	1304436	1300097	1294844	1290079	1286275	1283200	1281706	1281042	1279823	1279467	: 	: 	: 	: 	: 	: 	: 	: 	: 	: 
NR,T,TOTAL,BE321	87125	86836	86762	86593	86187	85834 b	85409	85027 b	84571 b	83752	83129	82725	81825	81007	80567	80302	80147	79840	79372	79085	: 	: 	: 	: 	: 	: 	: 	: 	: 	: 
NR,T,TOTAL,BE322	431879	431398	431043	431693	430899	430402 b	430815	429720 b	428231 b	425110	424289	423204	422598	421801	421394	420528	420653	420590	420214	421059	: 	: 	: 	: 	: 	: 	: 	: 	: 	: 
NR,T,TOTAL,BE323	259175	258817	258721	258285	258320	257481 b	256157	254803 b	253751 b	251901	250684	250431	249878	249500	248986	249054	248832	248818	249153	249334	: 	: 	: 	: 	: 	: 	: 	: 	: 	: 
NR,T,TOTAL,BE324	76520	76276	75927	76086	75198	74700 b	74456	73902 b	73067 b	72380	71938	71411	70718	70387	69966	69719	69674	69737	70016	70056	: 	: 	: 	: 	: 	: 	: 	: 	: 	: 
NR,T,TOTAL,BE325	191391	190440	189978	189248	188678	187834 b	186783	185419 b	184411 b	183169	182155	181217	180154	178659	177398	176409	175357	174801	174142	173297	: 	: 	: 	: 	: 	: 	: 	: 	: 	: 
NR,T,TOTAL,BE326	152358	152284	152118	151943	151554	151386 b	151267	150950 b	150284 b	149082	148558	148178	147475	146977	146627	146211	146212	146426	146253	146086	: 	: 	: 	: 	: 	: 	: 	: 	: 	: 
NR,T,TOTAL,BE327	147634	147705	147504	147419	146944	146786 b	146568	145998 b	145430 b	144486	143683	142931	142196	141748	141337	140977	140831	140830	140673	140550	: 	: 	: 	: 	: 	: 	: 	: 	: 	: 
NR,T,TOTAL,BE33	1110068	1108371	1106039	1103490	1098903	1095661 b	1093191	1088074 b	1082136 b	1067685	1060035	1053722	1047414	1040297	1034024	1029605	1025842	1024130	1020042	1019442	: 	: 	: 	: 	: 	: 	: 	: 	: 	: 
NR,T,TOTAL,BE331	113528	113165	112976	112674	112015	111522 b	110895	109959 b	109199 b	107832	106793	105770	104756	103972	103565	102709	102135	101224	100543	100020	: 	: 	: 	: 	: 	: 	: 	: 	: 	: 
NR,T,TOTAL,BE332	626627	626222	625131	623887	621764	620167 b	618934	615592 b	612363 b	604062	600269	597478	594579	590972	588287	587033	585444	585726	584398	585678	: 	: 	: 	: 	: 	: 	: 	: 	: 	: 
NR,T,TOTAL,BE334	81498	80969	80330	79569	78955	78477 b	78122	77396 b	76684 b	75588	74831	73905	73106	72267	71350	70497	69759	69380	68767	68198	: 	: 	: 	: 	: 	: 	: 	: 	: 	: 
NR,T,TOTAL,BE335	210512	210486	210298	210028	209429	208840 b	208648	208486 b	207631 b	204981	203602	202400	201298	199967	198310	197467	: 	: 	: 	: 	: 	: 	: 	: 	: 	: 	: 	: 	: 	: 
NR,T,TOTAL,BE336	77903	77529	77304	77332	76740	76655 b	76592	76641 b	76259 b	75222	74540	74169	73675	73119	72512	71899	: 	: 	: 	: 	: 	: 	: 	: 	: 	: 	: 	: 	: 	: 
NR,T,TOTAL,BE34	286685	285010	284617	283257	280261	278219 b	277690	275713 b	273205 b	269023	266950	264084	261178	258547	256004	254120	252295	250406	248750	246820	: 	: 	: 	: 	: 	: 	: 	: 	: 	: 
NR,T,TOTAL,BE341	63062	62520	62318	61186	60675	60330 b	59924	59289 b	58597 b	57850	57376	56392	55593	54911	54241	53648	53232	52749	52301	51902	: 	: 	: 	: 	: 	: 	: 	: 	: 	: 
NR,T,TOTAL,BE342	49125	48828	48745	48484	47210	46701 b	46686	46224 b	46003 b	45061	44555	44012	43444	42801	42466	42097	41906	41505	41103	40574	: 	: 	: 	: 	: 	: 	: 	: 	: 	: 
NR,T,TOTAL,BE343	57283	56870	56836	57122	56525	56079 b	56226	56014 b	55656 b	54214	54003	53593	53123	52806	52108	51998	51486	51101	50911	50359	: 	: 	: 	: 	: 	: 	: 	: 	: 	: 
NR,T,TOTAL,BE344	63424	63105	63162	62864	62500	61888 b	61691	61265 b	60460 b	59861	59385	58726	58151	57660	57231	56687	56331	56039	55743	55598	: 	: 	: 	: 	: 	: 	: 	: 	: 	: 
NR,T,TOTAL,BE345	53791	53687	53556	53601	53351	53221 b	53163	52921 b	52489 b	52037	51631	51361	50867	50369	49958	49690	49340	49012	48692	48387	: 	: 	: 	: 	: 	: 	: 	: 	: 	: 
NR,T,TOTAL,BE35	496891	495158	494127	492074	488876	486230 b	484880	482728 b	479386 b	472281	468605	465380	461983	458574	455863	452856	450395	447775	445824	443903	: 	: 	: 	: 	: 	: 	: 	: 	: 	: 
NR,T,TOTAL,BE351	112159	111566	111521	111128	109782	109031 b	109332	108863 b	108301 b	105998	105378	104719	104017	103118	102570	101705	101295	100719	100298	99683	: 	: 	: 	: 	: 	: 	: 	: 	: 	: 
NR,T,TOTAL,BE352	317552	316606	315190	313321	312113	310628 b	308970	307347 b	304968 b	301472	298835	296494	294320	292318	290576	288659	286930	285181	283793	282727	: 	: 	: 	: 	: 	: 	: 	: 	: 	: 
NR,T,TOTAL,BE353	67180	66986	67416	67625	66981	66571 b	66578	66518 b	66117 b	64811	64392	64167	63646	63138	62717	62492	62170	61875	61733	61493	: 	: 	: 	: 	: 	: 	: 	: 	: 	: 
NR,T,TOTAL,BG	7000039	7050034	7101859	7153784	7202198	7245677	7284552	7327224	7369431	7421766	7467119	7518002	7572673	7629371	7688573	7745147	7805506	7868815	8149468	8190876	8230371	8283200	8340936	8384715	8427418	8459763	8484863	8595465	8669269	8767308
NR,T,TOTAL,BG3	3487586	3524208	3560451	3596383	3631150	3664440	3693421	3724884	3755275	3798246	3836745	3878688	3922739	3968665	4017103	4064253	4115423	4169387	4328514	4364632	: 	: 	: 	: 	4536558	4561808	4579774	4638021	4675689	4730338
NR,T,TOTAL,BG31	742304	755956	769623	783909	797142	810401	823469	836601	848230	865332	881573	898371	916308	934755	954395	973553	993778	1015303	1067180	1081257	: 	: 	: 	: 	1143962	1157224	1166687	1178488	1187620	1199004
NR,T,TOTAL,BG311	84865	86927	88867	91235	93361	95467	97546	99481	101200	103836	106417	109146	111818	114695	117687	120630	123667	127020	136212	138794	: 	: 	: 	: 	148802	149852	151484	153920	155510	157256
NR,T,TOTAL,BG312	129637	132214	134669	137188	139350	141596	143662	145984	148263	151254	154088	156996	160139	163467	166876	170470	174164	178115	188464	191129	: 	: 	: 	: 	205520	207310	208128	209204	211802	214338
NR,T,TOTAL,BG313	162549	165645	168727	172007	175169	178395	181574	184662	187099	190606	193977	197421	201079	204870	208848	212948	217240	221636	253081	255589	: 	: 	: 	: 	267084	269043	270701	272810	273901	276429
NR,T,TOTAL,BG314	240380	244209	248138	251986	255749	259363	262969	266865	270115	275579	280660	285905	291695	297401	303760	309336	315473	322064	314965	319356	: 	: 	: 	: 	337709	342719	346214	350301	352726	355531
NR,T,TOTAL,BG315	124873	126961	129222	131493	133513	135580	137718	139609	141553	144057	146431	148903	151577	154322	157224	160169	163234	166468	174458	176389	: 	: 	: 	: 	184847	188300	190160	192253	193681	195450
NR,T,TOTAL,BG32	784168	794998	805441	815441	825536	835813	844511	853468	862120	873801	884857	897075	909962	923643	938073	952025	966969	982500	1040117	1047670	: 	: 	: 	: 	1089887	1093159	1096989	1117561	1130138	1150702
NR,T,TOTAL,BG321	235708	239132	242259	245006	247782	251126	253580	256279	258838	261441	263821	266888	270078	273859	277770	281698	285576	289505	298738	301284	: 	: 	: 	: 	316942	317714	318096	321758	321068	324861
NR,T,TOTAL,BG322	108404	110254	112334	114272	116351	118271	119971	121389	122842	124779	126654	128716	130706	132803	135101	137212	139624	142036	152317	153485	: 	: 	: 	: 	159553	160463	161921	164124	164718	166468
NR,T,TOTAL,BG323	218556	221336	223489	225674	227685	229784	231580	233767	235477	238173	240808	243580	246494	249467	252717	255670	259036	262576	273234	275538	: 	: 	: 	: 	284217	287301	288758	294134	300847	306430
NR,T,TOTAL,BG324	112229	113714	115402	117241	119048	120594	122166	123600	125369	127825	130097	132438	135080	137714	140433	143164	146056	149093	164001	164971	: 	: 	: 	: 	169236	167654	167268	173568	176695	183374
NR,T,TOTAL,BG325	109271	110562	111957	113248	114670	116038	117214	118433	119594	121583	123477	125453	127604	129800	132052	134281	136677	139290	151827	152392	: 	: 	: 	: 	159939	160027	160946	163977	166810	169569
NR,T,TOTAL,BG33	929035	933705	939262	944458	949957	954536	957460	961965	966328	971932	976062	981143	986125	991217	996533	1001647	1007579	1013873	1017848	1026019	: 	: 	: 	: 	1057657	1064816	1067248	1082553	1093617	1109186
NR,T,TOTAL,BG331	471252	472120	472654	472926	473804	474076	473415	474344	474776	474004	472503	471315	470123	468834	467632	466366	465035	463883	435524	440563	: 	: 	: 	: 	456036	460476	463054	462448	462816	463483
NR,T,TOTAL,BG332	173831	176145	178438	180601	182808	184680	186445	188088	189862	192296	194519	196852	199138	201622	204037	206487	209380	212386	224636	225978	: 	: 	: 	: 	230248	231856	232712	238516	241915	246649
NR,T,TOTAL,BG333	172355	172966	174476	175720	176925	178061	178814	179668	180710	183090	185108	187476	189716	192040	194506	196797	199233	201861	213934	214877	: 	: 	: 	: 	221781	221747	220183	228553	232629	239903
NR,T,TOTAL,BG334	111597	112474	113694	115211	116420	117719	118786	119865	120980	122542	123932	125500	127148	128721	130358	131997	133931	135743	143754	144601	: 	: 	: 	: 	149592	150737	151299	153036	156257	159151
NR,T,TOTAL,BG34	1032079	1039549	1046125	1052575	1058515	1063690	1067981	1072850	1078597	1087181	1094253	1102099	1110344	1119050	1128102	1137028	1147097	1157711	1203369	1209686	: 	: 	: 	: 	1245052	1246609	1248850	1259419	1264314	1271446
NR,T,TOTAL,BG341	410331	411579	412684	413884	414184	414485	414154	414947	415909	416880	417082	417668	418229	418884	419631	420360	421288	422575	425366	427152	: 	: 	: 	: 	439637	440180	440380	442760	443897	444969
NR,T,TOTAL,BG342	186495	188433	189788	191185	192644	193925	195345	196712	197640	199784	201521	203437	205246	207210	209284	211253	213572	216041	228611	229690	: 	: 	: 	: 	234875	234541	234688	235824	235341	237239
NR,T,TOTAL,BG343	118897	120470	122276	123821	125724	127176	128650	130056	131552	133775	135833	137955	140244	142626	145058	147490	150196	152954	166415	167649	: 	: 	: 	: 	174534	175284	176601	178040	178099	180389
NR,T,TOTAL,BG344	316356	319067	321377	323685	325963	328104	329832	331135	333496	336742	339817	343039	346625	350330	354129	357925	362041	366141	382977	385195	: 	: 	: 	: 	396006	396604	397181	402795	406977	408849
NR,T,TOTAL,BG4	3512453	3525826	3541408	3557401	3571048	3581237	3591131	3602340	3614156	3623520	3630374	3639314	3649934	3660706	3671470	3680894	3690083	3699428	3820954	3826244	: 	: 	: 	: 	3890860	3897955	3905089	3957444	3993580	4036970
NR,T,TOTAL,BG41	2102205	2108394	2115344	2121185	2125212	2127618	2128783	2131233	2133731	2132634	2129855	2127498	2126182	2124449	2122105	2118410	2113323	2107264	2143110	2142700	: 	: 	: 	: 	2165613	2169161	2175593	2192041	2205038	2216396
NR,T,TOTAL,BG411	1328120	1325429	1323637	1319804	1316557	1309634	1302316	1296615	1291795	1283266	1273869	1264405	1255122	1245295	1234271	1221916	1207281	1190675	1222180	1211531	: 	: 	: 	: 	1191743	1188563	1189641	1198799	1202877	1208703
NR,T,TOTAL,BG412	229041	231563	234185	237080	238061	240877	243254	245616	247625	249668	251462	253486	255954	258283	260936	263622	266547	269875	256270	262151	: 	: 	: 	: 	283138	285935	289672	292373	298137	300568
NR,T,TOTAL,BG413	305123	307882	310321	312831	315577	318110	320160	322025	323728	325417	326745	328070	329699	331392	333295	334994	336983	339178	343918	345138	: 	: 	: 	: 	351558	352086	351773	352449	352353	351843
NR,T,TOTAL,BG414	120880	122421	123770	125456	127048	128696	130240	131987	133696	135055	136272	137728	139201	140789	142347	144124	145969	147964	151769	153321	: 	: 	: 	: 	160525	162612	163252	166310	175614	175213
NR,T,TOTAL,BG415	119041	121099	123431	126014	127969	130301	132813	134990	136887	139228	141507	143809	146206	148690	151256	153754	156543	159572	168973	170559	: 	: 	: 	: 	178649	179965	181255	182110	176057	180069
NR,T,TOTAL,BG42	1410248	1417432	1426064	1436216	1445836	1453619	1462348	1471107	1480425	1490886	1500519	1511816	1523752	1536257	1549365	1562484	1576760	1592164	1677844	1683544	: 	: 	: 	: 	1725247	1728794	1729496	1765403	1788542	1820574
NR,T,TOTAL,BG421	668334	669796	671573	673283	675586	678197	678860	680884	683298	685860	687879	690683	693734	697194	700627	703830	707748	711933	728246	729447	: 	: 	: 	: 	736445	735688	734390	741486	748257	752817
NR,T,TOTAL,BG422	228141	231276	233415	236383	237664	239312	241676	243955	246534	248944	251319	254012	256852	259764	262903	266122	269289	273252	289829	291770	: 	: 	: 	: 	291801	293645	295243	300986	305104	312484
NR,T,TOTAL,BG423	255479	257965	260814	263630	266549	269287	271721	273803	275768	278765	281642	284786	288142	291607	295132	298770	302647	306506	313851	315225	: 	: 	: 	: 	325423	326468	326203	328059	327051	327603
NR,T,TOTAL,BG424	105421	107282	109425	111601	113984	116218	118751	120456	121887	123446	124988	126657	128362	130034	131907	133809	135776	137703	144558	145940	: 	: 	: 	: 	157813	159308	159809	161826	162959	164277
NR,T,TOTAL,BG425	152873	151113	150837	151319	152053	150605	151340	152009	152938	153871	154691	155678	156662	157658	158796	159953	161300	162770	201360	201162	: 	: 	: 	: 	213765	213685	213851	233046	245171	263393
NR,T,TOTAL,CH	8544527	8484130	8419550	8327126	8237666	8139631	8039060	7954662	7870134 b	7785806	7701856	7593494	7508739	7459128	7415102	7364148	7313853	7255653	7204055	7164444	7123537	7096465	7081346	7062354	7019019	6968570	6907959	6842768	6757188	6673850
NR,T,TOTAL,CH0	8544527	8484130	8419550	8327126	8237666	8139631	8039060	7954662	7870134 b	7785806	7701856	7593494	7508739	7459128	7415102	7364148	7313853	7255653	7204055	7164444	7123537	7096465	7081346	7062354	7019019	6968570	6907959	6842768	6757188	6673850
NR,T,TOTAL,CH01	1642580	1629841	1613522	1593839	1570594	1545817	1519189	1503500	1483680 b	1462210	1437592	1408796	1389988	1376306	1362754	1348106	1331131	1317017	1305284	1294974	1284981	1278174	1273374	1272434	1263139	1251055	1239307	1226417	1208141	1188697
NR,T,TOTAL,CH011	799145	793129	784822	773407	761446	749373	734356	725944	713281 b	701526	688245	672039	662145	654093	647382	639105	631039	624980	619097	616275	611613	608153	606471	605677	602099	596736	593007	587283	577524	571973
NR,T,TOTAL,CH012	343955	341463	339176	335696	331763	327011	321732	317022	312684 b	307392	303241	298580	294608	291575	287976	285008	281345	278419	276314	275632	274458	273362	272315	271291	269341	266713	262389	257730	251962	243705
NR,T,TOTAL,CH013	499480	495249	489524	484736	477385	469433	463101	460534	457715 b	453292	446106	438177	433235	430638	427396	423993	418747	413618	408146	403067	398910	396659	394588	395466	391699	387606	383911	381404	378655	373019
NR,T,TOTAL,CH02	1877154	1868886	1859557	1842251	1826251	1808480	1788791	1770429	1755696 b	1741923	1730412	1715800	1703966	1696509	1690135	1681531	1675111	1667070	1658575	1656109	1651269	1644527	1643751	1640214	1634467	1628750	1633795	1622455	1604696	1588738
NR,T,TOTAL,CH021	1034977	1031126	1026513	1017483	1009418	1001281	992617	985046	979802 b	974235	969299	962982	958897	957064	955378	951957	949590	946310	944024	943427	941144	938647	940928	941879	941747	941147	953458	949770	942425	937365
NR,T,TOTAL,CH022	318714	315074	311914	307461	303377	297622	291395	284668	278493 b	273159	268537	263241	258252	253954	250377	246656	243400	240339	237044	234307	232086	229947	227866	224552	222227	218704	214555	210783	206674	204328
NR,T,TOTAL,CH023	273194	271432	269441	266418	263719	261437	259283	256990	255284 b	252748	251830	250240	248613	247937	247379	246807	246280	245264	243668	243908	243450	241559	240777	239264	237338	236389	234878	232600	229086	223534
NR,T,TOTAL,CH024	176850	177964	178567	178107	177327	176402	174554	173183	172085 b	171647	170924	169782	168912	168444	167910	167047	166767	166227	165456	165649	165594	165410	165232	165258	164176	163884	162581	161774	159722	158569
NR,T,TOTAL,CH025	73419	73290	73122	72782	72410	71738	70942	70542	70032 b	70134	69822	69555	69292	69110	69091	69064	69074	68930	68923	68818	68995	68964	68948	69261	68979	68626	68323	67528	66789	64942
NR,T,TOTAL,CH03	1161105	1151919	1142156	1128723	1117158	1104353	1091302	1079913	1070820 b	1060753	1049518	1035934	1026801	1021034	1017180	1011729	1005450	997850	992009	987699	983728	982386	980489	976977	971427	966728	941764	934798	923166	909789
NR,T,TOTAL,CH031	194766	193908	193070	191817	190580	189335	187425	186255	184950 b	187898	186672	185227	184822	185601	186753	186653	186719	186469	187422	188458	190505	193053	194913	195759	197054	197403	196634	195647	193828	190347
NR,T,TOTAL,CH032	288132	287023	285624	283231	281301	278656	276537	275360	274404 b	272815	271214	269145	267166	266089	265305	264402	262949	261083	259634	258602	256761	255305	253911	252331	251259	250380	233151	232333	231303	229030
NR,T,TOTAL,CH033	678207	670988	663462	653675	645277	636362	627340	618298	611466 b	600040	591632	581562	574813	569344	565122	560674	555782	550298	543685	540639	536462	534028	531665	528887	523114	518945	511979	506818	498035	490412
NR,T,TOTAL,CH04	1520968	1504346	1487969	1466424	1446354	1425538	1408575	1392396	1373068 b	1351297	1332727	1307567	1284052	1272590	1261810	1249893	1241312	1226931	1211647	1198569	1187609	1181614	1178848	1175457	1168567	1162083	1158077	1151718	1143249	1144899
NR,T,TOTAL,CH040	1520968	1504346	1487969	1466424	1446354	1425538	1408575	1392396	1373068 b	1351297	1332727	1307567	1284052	1272590	1261810	1249893	1241312	1226931	1211647	1198569	1187609	1181614	1178848	1175457	1168567	1162083	1158077	1151718	1143249	1144899
NR,T,TOTAL,CH05	1176321	1169358	1162684	1153485	1144572	1134781	1123672	1113929	1103641 b	1094202	1085698	1073904	1065253	1061852	1059586	1056524	1051164	1045895	1043836	1041863	1038600	1036181	1036625	1033084	1027485	1017546	1005266	992243	976557	957931
NR,T,TOTAL,CH051	40403	40349	40147	40028	39794	39593	39369	39217	38608 b	38479	38370	38237	38084	38173	38317	38502	38322	38216	38196	38708	38698	38735	39161	39410	39388	39138	38976	38720	38200	37253
NR,T,TOTAL,CH052	81991	81351	80769	79836	79417	78783	77955	77139	76356 b	75657	75303	74527	73866	73764	73788	73968	73834	73229	73025	73552	73725	73741	73835	74035	73894	73588	73028	72457	71677	70949
NR,T,TOTAL,CH053	55234	55178	54954	54543	54064	53691	53438	53313	53017 b	53043	53054	52654	52509	52561	52841	52976	53097	53138	53479	53737	53816	54011	54136	54104	54227	54087	53449	52437	51553	50882
NR,T,TOTAL,CH054	16145	16105	16003	15974	15854	15778	15717	15743	15688 b	15681	15549	15471	15300	15220	15029	15010	14985	14977	15012	14946	14873	14887	14833	14750	14742	14680	14548	14251	14108	13504
NR,T,TOTAL,CH055	507697	504686	502552	499065	495824	491699	487060	483156	478907 b	474676	471152	465937	461810	459999	458821	457289	455251	452904	450239	447609	444891	443880	443839	442350	440744	436967	432819	427648	421176	414718
NR,T,TOTAL,CH056	198379	197888	197550	196610	195886	194959	193920	193388	192621 b	191861	190459	188762	187920	187803	187812	186943	185771	185225	185889	186026	186118	185532	185999	185063	184155	181957	179279	176188	173523	169005
NR,T,TOTAL,CH057	276472	273801	270709	267429	263733	260278	256213	251973	248444 b	244805	241811	238316	235764	234332	232978	231836	229904	228206	227481	227285	226479	225395	224822	223372	220335	217129	213167	210542	206320	201620
NR,T,TOTAL,CH06	813056	806071	799287	790458	782374	774123	765879	757552	749476 b	739701	733173	722913	713828	708561	703706	699050	694429	688362	682489	676732	671171	667995	663429	658989	651803	644453	635642	625137	614635	600773
NR,T,TOTAL,CH061	409557	406506	403397	398762	394604	390349	386082	381966	377610 b	372964	368742	363475	359110	356384	354731	353175	351889	350017	346473	345357	343254	342916	341809	340536	337941	335385	331830	326283	321424	314837
NR,T,TOTAL,CH062	36433	36299	36145	35973	36008	35865	35693	35382	35422 b	35335	35162	34989	34948	35087	35083	35118	35209	34992	35190	35487	35612	35769	35861	35876	35933	35727	35544	35363	35029	33511
NR,T,TOTAL,CH063	159165	157301	155863	154093	152759	151396	149830	147904	146730 b	144686	143719	141024	138832	137522	135989	134903	133227	131264	128855	128248	126479	125149	123788	122409	120576	118528	116090	113553	111075	108063
NR,T,TOTAL,CH064	37841	37575	37378	37076	36834	36507	36115	35885	35585 b	35032	34429	33997	33755	33269	33162	33142	32961	32678	32356	32225	31989	31831	31440	31310	30958	30837	30247	29712	29017	28323
NR,T,TOTAL,CH065	43223	42969	42556	42420	42080	41888	41584	41311	41024 b	40794	40737	40287	40012	39803	39497	39070	38736	38389	37810	37657	37320	37232	36794	36466	35983	35393	34866	34344	33678	32030
NR,T,TOTAL,CH066	126837	125421	123948	122134	120089	118118	116575	115104	113105 b	110890	110384	109141	107171	106496	105244	103642	102407	101022	99714	97758	96517	95098	93737	92392	90412	88583	87065	85882	84412	84009
NR,T,TOTAL,CH07	353343	353709	354375	351946	350363	346539	341652	336943	333753 b	335720	332736	328580	324851	322276	319931	317315	315256	312528	310215	308498	306179	305588	304830	305199	302131	297955	294108	290000	286744	283023
NR,T,TOTAL,CH070	353343	353709	354375	351946	350363	346539	341652	336943	333753 b	335720	332736	328580	324851	322276	319931	317315	315256	312528	310215	308498	306179	305588	304830	305199	302131	297955	294108	290000	286744	283023
NR,T,TOTAL,CY	875899	864236	854802	848319	847008	858000	865878	862011	839751	819140	796930	776333	757916	744013	733067	722893	713720	705539	697549	690497	682862	675215	666313	656333	645399	632944	619231	603069	587141	572655
NR,T,TOTAL,CY0	875899	864236	854802	848319	847008	858000	865878	862011	839751	819140	796930	776333	757916	744013	733067	722893	713720	705539	697549	690497	682862	675215	666313	656333	645399	632944	619231	603069	587141	572655
NR,T,TOTAL,CY00	875899	864236	854802	848319	847008	858000	865878	862011	839751	819140	796930	776333	757916	744013	733067	722893	713720	705539	697549	690497	682862	675215	666313	656333	645399	632944	619231	603069	587141	572655
NR,T,TOTAL,CY000	875899	864236	854802	848319	847008	858000	865878	862011	839751	819140	796930	776333	757916	744013	733067	722893	713720	705539	697549	690497	682862	675215	666313	656333	645399	632944	619231	603069	587141	572655
NR,T,TOTAL,CZ	10649800	10610055	10578820	10553843	10538275	10512419	10516125	10505445	10486731	10462088	10425783	10343422	10254233	10223577	10198855	10195347	10192649	10201182	10232027	10278098	10289621	10299125	10309137	10321344	10333161	10334013	10325697	10312548	10304607	10362102
NR,T,TOTAL,CZ0	10649800	10610055	10578820	10553843	10538275	10512419	10516125	10505445	10486731	10462088	10425783	10343422	10254233	10223577	10198855	10195347	10192649	10201182	10232027	10278098	: 	: 	: 	: 	: 	: 	10325697	10312548	: 	: 
NR,T,TOTAL,CZ01	1308632	1294513	1280508	1267449	1259079	1243201	1246780	1241664	1234037	1227932	1214300	1195521	1173933	1169892	1161334	1158738	1157443	1157876	1170476	1186855	: 	: 	: 	: 	: 	: 	1217315	1216889	: 	: 
NR,T,TOTAL,CZ010	1308632	1294513	1280508	1267449	1259079	1243201	1246780	1241664	1234037	1227932	1214300	1195521	1173933	1169892	1161334	1158738	1157443	1157876	1170476	1186855	: 	: 	: 	: 	: 	: 	1217315	1216889	: 	: 
NR,T,TOTAL,CZ02	1369332	1352795	1338982	1326876	1315299	1302336	1291816	1279345	1264986	1247330	1230405	1201524	1174964	1157881	1143925	1135690	1128603	1123895	1121591	1111354	: 	: 	: 	: 	: 	: 	1110114	1111244	: 	: 
NR,T,TOTAL,CZ020	1369332	1352795	1338982	1326876	1315299	1302336	1291816	1279345	1264986	1247330	1230405	1201524	1174964	1157881	1143925	1135690	1128603	1123895	1121591	1111354	: 	: 	: 	: 	: 	: 	1110114	1111244	: 	: 
NR,T,TOTAL,CZ03	1226805	1221012	1217411	1214450	1212423	1210176	1209298	1207847	1207027	1205834	1202477	1191156	1181719	1176931	1173457	1174257	1173537	1173715	1176097	1177982	: 	: 	: 	: 	: 	: 	1181934	1181555	: 	: 
NR,T,TOTAL,CZ031	642133	640196	638782	637834	637300	636707	636611	636138	635771	634814	633679	630870	627899	626000	624302	624488	624394	624223	625293	: 	: 	: 	: 	: 	: 	: 	625097	624111	: 	: 
NR,T,TOTAL,CZ032	584672	580816	578629	576616	575123	573469	572687	571709	571256	571020	568798	560286	553820	550931	549155	549769	549143	549492	550804	: 	: 	: 	: 	: 	: 	: 	556837	557444	: 	: 
NR,T,TOTAL,CZ04	1115685	1116766	1118126	1120654	1123265	1125429	1128490	1131191	1132252	1133425	1134887	1130335	1120755	1121590	1122142	1121756	1121734	1122089	1124813	1131974	: 	: 	: 	: 	: 	: 	1129161	1127613	: 	: 
NR,T,TOTAL,CZ041	294896	295686	296749	297828	299293	300309	301726	303165	303804	304305	305406	304823	302347	302418	303132	303179	303521	303371	304433	: 	: 	: 	: 	: 	: 	: 	303987	303180	: 	: 
NR,T,TOTAL,CZ042	820789	821080	821377	822826	823972	825120	826764	828026	828448	829120	829481	825512	818408	819172	819010	818577	818213	818718	820380	: 	: 	: 	: 	: 	: 	: 	825174	824433	: 	: 
NR,T,TOTAL,CZ05	1513693	1510726	1508527	1507209	1506813	1506503	1507980	1508867	1508735	1506467	1503865	1494631	1485575	1481215	1478378	1479468	1481433	1483483	1487400	1489407	: 	: 	: 	: 	: 	: 	1491757	1488681	: 	: 
NR,T,TOTAL,CZ051	442356	441300	440636	439639	438851	438609	438594	438600	437920	437070	435507	432312	429343	427821	426600	427009	426857	427165	428247	: 	: 	: 	: 	: 	: 	: 	427405	425959	: 	: 
NR,T,TOTAL,CZ052	551021	551089	550804	551421	551590	551909	552946	553856	554555	554027	554097	551785	549250	548024	547024	547368	548306	549268	550892	: 	: 	: 	: 	: 	: 	: 	554055	553439	: 	: 
NR,T,TOTAL,CZ053	520316	518337	517087	516149	516372	515985	516440	516411	516260	515370	514261	510534	506982	505370	504754	505091	506270	507050	508261	: 	: 	: 	: 	: 	: 	: 	510297	509283	: 	: 
NR,T,TOTAL,CZ06	1696941	1692123	1687764	1684500	1682748	1680287	1679857	1678250	1675872	1671993	1666778	1657593	1646898	1643258	1642020	1641297	1640225	1643202	1647278	1658761	: 	: 	: 	: 	: 	: 	1662566	1659514	: 	: 
NR,T,TOTAL,CZ063	509274	508916	508952	509475	509895	510209	511207	511937	512245	512788	513386	511867	510071	509437	509045	509694	510069	511002	512233	: 	: 	: 	: 	: 	: 	: 	514917	514227	: 	: 
NR,T,TOTAL,CZ064	1187667	1183207	1178812	1175025	1172853	1170078	1168650	1166313	1163627	1159205	1153392	1145726	1136827	1133821	1132975	1131603	1130156	1132200	1135045	: 	: 	: 	: 	: 	: 	: 	1147649	1145287	: 	: 
NR,T,TOTAL,CZ07	1215413	1216234	1217623	1219394	1220972	1222655	1225302	1227668	1229117	1229931	1230437	1229618	1227080	1227045	1228319	1231188	1233376	1236388	1239089	1240355	: 	: 	: 	: 	: 	: 	1249343	1246021	: 	: 
NR,T,TOTAL,CZ071	632492	633178	633925	634718	635711	636356	637609	638638	639030	639418	639660	639522	637896	637477	638079	639672	640492	642448	644066	: 	: 	: 	: 	: 	: 	: 	649757	647911	: 	: 
NR,T,TOTAL,CZ072	582921	583056	583698	584676	585261	586299	587693	589030	590087	590513	590777	590096	589184	589568	590240	591516	592884	593940	595023	: 	: 	: 	: 	: 	: 	: 	599586	598110	: 	: 
NR,T,TOTAL,CZ08	1203299	1205886	1209879	1213311	1217676	1221832	1226602	1230613	1234705	1239176	1242634	1243044	1243309	1245765	1249280	1252953	1256298	1260534	1265283	1281410	: 	: 	: 	: 	: 	: 	1283507	1281031	: 	: 
NR,T,TOTAL,CZ080	1203299	1205886	1209879	1213311	1217676	1221832	1226602	1230613	1234705	1239176	1242634	1243044	1243309	1245765	1249280	1252953	1256298	1260534	1265283	1281410	: 	: 	: 	: 	: 	: 	1283507	1281031	: 	: 
NR,T,TOTAL,DE	83019213	82792351	82521653	82175684	81197537	80767463	80523746	80327900	80222065 b	81802257	82002356	82217837	82314906	82437995	82500849	82531671	82536680	82440309	82259540	82163475	82037011	82057379	82012162	81817499	81538603	81338093	80974632	80274564	79753227	79112831
NR,T,TOTAL,DE1	11069533	11023425	10951893	10879618	10716644	10631278	10569111	10512441	10478505 b	10744921	10749506	10749755	10738753	10735701	10717419	10692556	10661320	10600906	10524415	10475932	: 	: 	: 	: 	: 	: 	: 	: 	: 	: 
NR,T,TOTAL,DE11	4143418	4126688	4098278	4069533	4008288	3972881	3947568	3924922	3910637 b	4000848	4006313	4007095	4005380	4007373	4003172	3994612	3985000	3964162	3935352	3917305	: 	: 	: 	: 	: 	: 	: 	: 	: 	: 
NR,T,TOTAL,DE111	634830	632743	628032	623738	612441	604297	597939	591015	583868 b	601646	600068	597176	593923	592569	590657	589161	588477	587152	583874	582443	: 	: 	: 	: 	: 	: 	: 	: 	: 	: 
NR,T,TOTAL,DE112	391640	389548	385888	381281	374279	370392	367208	364458	363500 b	371616	372827	372755	372228	372155	372113	371678	370337	367830	364987	362048	: 	: 	: 	: 	: 	: 	: 	: 	: 	: 
NR,T,TOTAL,DE113	533859	532447	528792	524127	516779	512279	508577	504961	502462 b	514109	514646	514503	514108	514245	513105	511564	509495	505340	500666	497826	: 	: 	: 	: 	: 	: 	: 	: 	: 	: 
NR,T,TOTAL,DE114	257253	256345	254618	252749	250117	248813	247835	247194	247675 b	253522	254833	255807	256967	257783	258492	258707	258488	257651	256792	256136	: 	: 	: 	: 	: 	: 	: 	: 	: 	: 
NR,T,TOTAL,DE115	543984	542630	537902	534074	526377	521633	516748	512086	509018 b	516874	515898	515146	513998	513317	511830	509681	507043	503229	497764	495443	: 	: 	: 	: 	: 	: 	: 	: 	: 	: 
NR,T,TOTAL,DE116	426158	424878	422698	419456	414016	411025	408827	407150	406806 b	415696	416255	417131	417609	417697	417463	416635	415764	412959	409296	407213	: 	: 	: 	: 	: 	: 	: 	: 	: 	: 
NR,T,TOTAL,DE117	125960	125113	123771	122567	119841	118122	117531	116716	115407 b	122415	122098	121627	121384	121613	121320	120705	120683	120163	119305	119526	: 	: 	: 	: 	: 	: 	: 	: 	: 	: 
NR,T,TOTAL,DE118	343068	340772	337571	334388	329250	326035	324543	323168	322778 b	329054	329743	330302	329979	329503	328866	327540	326229	324043	320955	317578	: 	: 	: 	: 	: 	: 	: 	: 	: 	: 
NR,T,TOTAL,DE119	112010	111392	110689	110181	108816	107866	107498	107200	107258 b	109028	109499	109900	109717	109718	109756	109755	109519	108920	107754	106930	: 	: 	: 	: 	: 	: 	: 	: 	: 	: 
NR,T,TOTAL,DE11A	195861	194203	192958	191614	188974	187682	186928	186427	186366 b	188694	189158	189288	189346	189580	189041	188563	188229	186967	185728	184819	: 	: 	: 	: 	: 	: 	: 	: 	: 	: 
NR,T,TOTAL,DE11B	132321	132189	132274	132181	130299	129857	129842	130431	130764 b	134211	134939	135387	136296	137259	137736	137474	137284	137508	137057	137135	: 	: 	: 	: 	: 	: 	: 	: 	: 	: 
NR,T,TOTAL,DE11C	132472	132006	131498	130527	128894	127947	127608	127691	128030 b	131854	132773	133449	134164	135174	135737	136337	136957	137055	136976	136890	: 	: 	: 	: 	: 	: 	: 	: 	: 	: 
NR,T,TOTAL,DE11D	314002	312422	311587	312650	308205	306933	306484	306425	306705 b	312129	313576	314624	315661	316760	317056	316812	316495	315345	314198	313318	: 	: 	: 	: 	: 	: 	: 	: 	: 	: 
NR,T,TOTAL,DE12	2805129	2795783	2779314	2761977	2721266	2702831	2686573	2671524	2663588 b	2740503	2740164	2739274	2734260	2732455	2727733	2722550	2716682	2701376	2684425	2676257	: 	: 	: 	: 	: 	: 	: 	: 	: 	: 
NR,T,TOTAL,DE121	55123	54718	54307	54160	53342	53012	52585	52424	52383 b	54494	54777	54853	54855	54581	54301	53938	53643	53084	52729	52627	: 	: 	: 	: 	: 	: 	: 	: 	: 	: 
NR,T,TOTAL,DE122	313092	311919	309999	307755	300051	299103	296033	291995	289100 b	291959	290736	288917	286327	285263	284163	282595	281334	279578	278558	277204	: 	: 	: 	: 	: 	: 	: 	: 	: 	: 
NR,T,TOTAL,DE123	444232	442673	440337	435841	431315	429186	427106	424510	423757 b	431606	431381	431519	430351	429603	428312	427149	425768	422952	419555	416429	: 	: 	: 	: 	: 	: 	: 	: 	: 	: 
NR,T,TOTAL,DE124	231018	230216	228907	227474	224687	223311	222472	222201	221998 b	226912	227111	227929	228006	228408	227549	226669	225896	224309	223328	223529	: 	: 	: 	: 	: 	: 	: 	: 	: 	: 
NR,T,TOTAL,DE125	160355	160601	159914	156267	154715	152113	150335	148415	146116 b	146466	145642	145311	144634	142993	143123	142959	142575	141509	140259	139672	: 	: 	: 	: 	: 	: 	: 	: 	: 	: 
NR,T,TOTAL,DE126	309370	307997	304781	305780	299844	296690	294627	291458	289717 b	311969	311342	309795	307914	307900	307499	308353	308759	308385	306729	307730	: 	: 	: 	: 	: 	: 	: 	: 	: 	: 
NR,T,TOTAL,DE127	143535	143376	143278	142936	141651	141584	141847	142435	143290 b	147782	148763	149572	150022	150628	151131	150920	150951	150091	149424	148938	: 	: 	: 	: 	: 	: 	: 	: 	: 	: 
NR,T,TOTAL,DE128	547625	546745	544400	541859	534729	531013	527287	525204	523787 b	536281	535284	534989	534220	533993	532788	531649	530608	527796	524028	521954	: 	: 	: 	: 	: 	: 	: 	: 	: 	: 
NR,T,TOTAL,DE129	125542	124289	123493	122247	119291	117754	116425	115211	114258 b	119788	119839	119423	119156	119021	118847	119046	118785	118002	117156	117227	: 	: 	: 	: 	: 	: 	: 	: 	: 	: 
NR,T,TOTAL,DE12A	158397	157424	155960	155359	152766	151461	150709	150990	151304 b	158055	158702	159644	160341	161069	161530	161524	161249	160115	158959	158294	: 	: 	: 	: 	: 	: 	: 	: 	: 	: 
NR,T,TOTAL,DE12B	198905	198369	197246	196066	193728	192811	192092	191461	191473 b	194554	195315	195457	196159	196417	196083	195379	194839	193873	192852	191590	: 	: 	: 	: 	: 	: 	: 	: 	: 	: 
NR,T,TOTAL,DE12C	117935	117456	116692	116233	115147	114793	115055	115220	116405 b	120637	121272	121865	122275	122579	122407	122369	122275	121682	120848	121063	: 	: 	: 	: 	: 	: 	: 	: 	: 	: 
NR,T,TOTAL,DE13	2264469	2254674	2239734	2224535	2191622	2174500	2162340	2150906	2142723 b	2196018	2195681	2196410	2193178	2190727	2185027	2178813	2170481	2156851	2137625	2125364	: 	: 	: 	: 	: 	: 	: 	: 	: 	: 
NR,T,TOTAL,DE131	230241	229636	227590	226393	222203	220286	218043	214234	209224 b	221924	219665	219430	217547	215966	213998	212495	210234	208294	205102	202455	: 	: 	: 	: 	: 	: 	: 	: 	: 	: 
NR,T,TOTAL,DE132	262795	262405	260416	257343	252749	250137	247711	246437	245406 b	250418	250132	250183	250013	249535	248400	247002	245342	243043	240545	238770	: 	: 	: 	: 	: 	: 	: 	: 	: 	: 
NR,T,TOTAL,DE133	165383	164712	163251	162082	159708	158177	157399	156723	156310 b	157791	157667	157629	157265	156728	156069	155160	154506	152953	151414	150406	: 	: 	: 	: 	: 	: 	: 	: 	: 	: 
NR,T,TOTAL,DE134	429479	425932	423359	420106	415639	412678	411700	410408	410028 b	417267	417613	417754	416973	416410	415405	414292	413008	411491	408126	405607	: 	: 	: 	: 	: 	: 	: 	: 	: 	: 
NR,T,TOTAL,DE135	139455	138858	138327	137500	135912	135319	135553	136049	136641 b	140307	141073	141551	141765	142148	142357	142322	142302	141761	140873	140628	: 	: 	: 	: 	: 	: 	: 	: 	: 	: 
NR,T,TOTAL,DE136	212381	211207	210084	209648	206116	205090	204585	203978	204295 b	207259	208691	209709	210617	211320	211712	211807	211922	211321	210347	209605	: 	: 	: 	: 	: 	: 	: 	: 	: 	: 
NR,T,TOTAL,DE137	140152	139397	138119	136606	134607	133198	132476	132192	132158 b	134712	135141	135306	135291	135297	135035	134614	134407	133866	132916	132274	: 	: 	: 	: 	: 	: 	: 	: 	: 	: 
NR,T,TOTAL,DE138	285325	284015	282191	280288	275785	273407	270568	268263	266645 b	277555	276240	275120	274752	274692	274096	272966	271373	268859	266183	264540	: 	: 	: 	: 	: 	: 	: 	: 	: 	: 
NR,T,TOTAL,DE139	228639	228314	227545	226708	223692	221943	220606	219481	218813 b	222401	222596	222528	221787	221357	220689	221098	220523	219149	217175	216111	: 	: 	: 	: 	: 	: 	: 	: 	: 	: 
NR,T,TOTAL,DE13A	170619	170198	168852	167861	165211	164265	163699	163141	163203 b	166384	166863	167200	167168	167274	167266	167057	166864	166114	164944	164968	: 	: 	: 	: 	: 	: 	: 	: 	: 	: 
NR,T,TOTAL,DE14	1856517	1846280	1834567	1823573	1795468	1781066	1772630	1765089	1761557 b	1807552	1807348	1806976	1805935	1805146	1801487	1796581	1789157	1778517	1767013	1757006	: 	: 	: 	: 	: 	: 	: 	: 	: 	: 
NR,T,TOTAL,DE141	286748	285754	284082	282113	278031	276019	274691	273646	273352 b	280927	281080	281580	281891	282049	281779	281690	280613	279177	277995	276671	: 	: 	: 	: 	: 	: 	: 	: 	: 	: 
NR,T,TOTAL,DE142	227331	225755	224635	221837	218355	216535	214894	212800	212073 b	220782	218692	217482	217172	216477	215835	214365	212993	211058	208535	207030	: 	: 	: 	: 	: 	: 	: 	: 	: 	: 
NR,T,TOTAL,DE143	188935	188170	187401	188595	186360	184615	184658	185129	185786 b	189337	190294	191531	192138	192722	192961	193387	193696	193196	192891	192920	: 	: 	: 	: 	: 	: 	: 	: 	: 	: 
NR,T,TOTAL,DE144	126329	125596	123953	122636	120714	119218	117977	117541	116614 b	122087	121648	121434	120925	120625	120107	119807	119155	118347	117233	116103	: 	: 	: 	: 	: 	: 	: 	: 	: 	: 
NR,T,TOTAL,DE145	196047	194629	193318	192104	189129	187892	187123	186444	186364 b	189884	190403	190212	190189	190233	189717	189101	188146	187000	185929	184803	: 	: 	: 	: 	: 	: 	: 	: 	: 	: 
NR,T,TOTAL,DE146	199742	198265	196206	194019	190438	188696	187747	187508	187278 b	189403	189296	189089	188810	188532	187885	187138	185980	184548	182979	181409	: 	: 	: 	: 	: 	: 	: 	: 	: 	: 
NR,T,TOTAL,DE147	216227	214655	213070	212201	209386	207450	205843	204483	203091 b	207710	207766	206759	205832	205446	204392	203523	202449	200948	199181	198024	: 	: 	: 	: 	: 	: 	: 	: 	: 	: 
NR,T,TOTAL,DE148	284285	283264	281627	279296	275339	273540	272425	270129	269206 b	276363	276474	276470	275900	275677	275079	273681	272273	270572	268770	267147	: 	: 	: 	: 	: 	: 	: 	: 	: 	: 
NR,T,TOTAL,DE149	130873	130192	130275	130772	127716	127101	127272	127409	127793 b	131059	131695	132419	133078	133385	133732	133889	133852	133671	133500	132899	: 	: 	: 	: 	: 	: 	: 	: 	: 	: 
NR,T,TOTAL,DE2	13076721	12997204	12930751	12843514	12691568	12604244	12519571	12443372	12383404 b	12510331	12519728	12520332	12492658	12468726	12443893	12423386	12387351	12329714	12230255	12154967	: 	: 	: 	: 	: 	: 	: 	: 	: 	: 
NR,T,TOTAL,DE21	4686163	4649534	4633323	4588944	4519979	4469342	4415649	4363176	4313946 b	4346465	4335137	4313446	4279112	4238195	4211118	4195673	4169657	4138402	4083077	4033643	: 	: 	: 	: 	: 	: 	: 	: 	: 	: 
NR,T,TOTAL,DE211	136981	135244	133639	132438	131002	129136	127886	126076	124463 b	124387	123925	123055	122167	121314	120157	119528	118416	117311	115722	114826	: 	: 	: 	: 	: 	: 	: 	: 	: 	: 
NR,T,TOTAL,DE212	1471508	1456039	1464301	1450381	1429584	1407836	1388308	1364920	1340607 b	1330440	1326807	1311573	1294608	1259677	1249176	1247873	1234692	1227958	1210223	1194560	: 	: 	: 	: 	: 	: 	: 	: 	: 	: 
NR,T,TOTAL,DE213	63324	63080	62672	61844	60889	60464	59935	59543	59326 b	60877	60711	60674	60394	60226	60108	59988	59820	59310	58908	58721	: 	: 	: 	: 	: 	: 	: 	: 	: 	: 
NR,T,TOTAL,DE214	111210	110338	109422	108485	107465	106965	106515	106342	105950 b	107903	108182	108773	108789	109227	109367	109611	109590	109023	108268	107945	: 	: 	: 	: 	: 	: 	: 	: 	: 	: 
NR,T,TOTAL,DE215	105722	105052	104480	103907	102976	102346	101875	101263	100611 b	102034	102162	102383	102407	102587	102177	101738	101304	100626	99848	99281	: 	: 	: 	: 	: 	: 	: 	: 	: 	: 
NR,T,TOTAL,DE216	127227	126572	125668	124930	123340	122118	120664	119733	119075 b	121247	120869	120834	120308	120633	119678	118731	118152	117416	116017	114765	: 	: 	: 	: 	: 	: 	: 	: 	: 	: 
NR,T,TOTAL,DE217	153884	152703	150839	149370	146279	144407	142021	139921	138170 b	137680	136801	136272	134965	134382	133480	132990	132267	131345	129547	127972	: 	: 	: 	: 	: 	: 	: 	: 	: 	: 
NR,T,TOTAL,DE218	142142	140800	139016	137421	134873	133007	131011	128870	127042 b	127907	127085	126400	125052	123895	122913	122136	121612	120416	118764	116404	: 	: 	: 	: 	: 	: 	: 	: 	: 	: 
NR,T,TOTAL,DE219	132341	131646	130808	128805	127189	125858	125039	123961	123345 b	124699	124811	124419	123745	123233	123181	122972	122466	121031	119561	118430	: 	: 	: 	: 	: 	: 	: 	: 	: 	: 
NR,T,TOTAL,DE21A	137660	136884	135429	133747	131839	130238	128289	126676	125378 b	126370	125544	124876	123703	123094	122123	120568	119216	117949	115939	113460	: 	: 	: 	: 	: 	: 	: 	: 	: 	: 
NR,T,TOTAL,DE21B	179116	177997	175803	173225	170357	169010	166286	164232	162336 b	165483	165582	164692	162452	160655	159367	158140	157161	155396	152307	149712	: 	: 	: 	: 	: 	: 	: 	: 	: 	: 
NR,T,TOTAL,DE21C	219320	217831	216857	213481	210278	208272	205194	203029	200842 b	203129	201845	201148	200362	199783	198901	197995	197392	195869	193092	190995	: 	: 	: 	: 	: 	: 	: 	: 	: 	: 
NR,T,TOTAL,DE21D	88467	88155	87877	87385	85931	85443	84710	84234	83943 b	86305	86478	86872	86923	87351	87013	87441	87709	87408	86577	86217	: 	: 	: 	: 	: 	: 	: 	: 	: 	: 
NR,T,TOTAL,DE21E	120071	119141	118725	117657	116118	114926	114223	113539	112923 b	114134	113739	113311	112283	112080	111281	110303	109025	107609	105939	104233	: 	: 	: 	: 	: 	: 	: 	: 	: 	: 
NR,T,TOTAL,DE21F	99726	99189	98828	98286	96773	96049	94759	93971	93548 b	95484	95241	95267	95045	94970	93942	93688	93350	92720	91654	90669	: 	: 	: 	: 	: 	: 	: 	: 	: 	: 
NR,T,TOTAL,DE21G	115250	114486	113222	112034	110296	109227	107363	106803	106367 b	110258	110248	110536	110623	110930	110940	110840	110570	109733	108480	107907	: 	: 	: 	: 	: 	: 	: 	: 	: 	: 
NR,T,TOTAL,DE21H	348871	346433	343405	340003	332800	329981	325744	320855	315767 b	319573	317543	315462	311493	309080	306182	303604	302750	299883	295247	289702	: 	: 	: 	: 	: 	: 	: 	: 	: 	: 
NR,T,TOTAL,DE21I	96680	96164	95759	94654	93505	92700	91783	90973	90473 b	91258	91190	91067	90945	91181	91254	91084	90810	90224	89215	88580	: 	: 	: 	: 	: 	: 	: 	: 	: 	: 
NR,T,TOTAL,DE21J	127151	126244	125085	124128	121594	119987	118349	116973	116027 b	116991	116725	116407	116014	115809	115382	114489	113881	113111	111669	110423	: 	: 	: 	: 	: 	: 	: 	: 	: 	: 
NR,T,TOTAL,DE21K	260983	259449	257466	256074	251850	249810	247133	245264	243847 b	248819	248268	248047	246828	247057	245132	243714	242729	240106	236480	233478	: 	: 	: 	: 	: 	: 	: 	: 	: 	: 
NR,T,TOTAL,DE21L	136092	135545	134732	133621	131873	130811	129530	128111	126797 b	130010	129861	129515	128789	129091	128283	127723	127478	126588	124956	123045	: 	: 	: 	: 	: 	: 	: 	: 	: 	: 
NR,T,TOTAL,DE21M	177089	176290	175431	174162	171978	170364	169464	168827	168436 b	170614	170594	170546	170440	170906	170449	170264	169600	168827	167646	166672	: 	: 	: 	: 	: 	: 	: 	: 	: 	: 
NR,T,TOTAL,DE21N	135348	134252	133859	132906	131190	130387	129568	129060	128673 b	130863	130926	131317	130777	131034	130632	130253	129667	128543	127018	125646	: 	: 	: 	: 	: 	: 	: 	: 	: 	: 
NR,T,TOTAL,DE22	1238528	1230037	1219397	1212119	1197558	1189153	1181472	1175923	1172475 b	1189194	1191910	1194138	1193820	1196923	1196178	1194472	1191476	1185467	1176206	1170170	: 	: 	: 	: 	: 	: 	: 	: 	: 	: 
NR,T,TOTAL,DE221	72404	71193	70025	69211	67509	66179	65322	64277	63301 b	62735	62606	62629	61923	61368	60545	60282	60075	59513	58746	58515	: 	: 	: 	: 	: 	: 	: 	: 	: 	: 
NR,T,TOTAL,DE222	52469	51781	51074	50566	49952	49454	49038	48623	48667 b	50627	50717	50741	50644	50651	50537	50683	50810	50669	50536	50291	: 	: 	: 	: 	: 	: 	: 	: 	: 	: 
NR,T,TOTAL,DE223	47794	47586	47142	46806	46027	45502	45099	44642	44367 b	44493	44496	44625	44504	44633	44683	44473	44364	44316	44014	43906	: 	: 	: 	: 	: 	: 	: 	: 	: 	: 
NR,T,TOTAL,DE224	119326	118741	117601	116596	115699	115374	114733	114690	114410 b	116851	117273	117594	117517	117492	117284	116967	116943	116558	115532	115288	: 	: 	: 	: 	: 	: 	: 	: 	: 	: 
NR,T,TOTAL,DE225	78355	78345	78180	78122	77927	77626	77817	78130	78233 b	79685	80044	80427	80771	81582	81975	82363	82471	82553	82434	82445	: 	: 	: 	: 	: 	: 	: 	: 	: 	: 
NR,T,TOTAL,DE226	122258	121119	119969	118965	116495	115232	113996	113191	112560 b	113071	113120	113088	112927	113237	112939	112846	112051	110918	109510	108721	: 	: 	: 	: 	: 	: 	: 	: 	: 	: 
NR,T,TOTAL,DE227	158698	157239	155442	154577	151819	150316	148862	147758	147064 b	148350	148513	148286	147990	148101	147736	146857	145892	144504	142442	140582	: 	: 	: 	: 	: 	: 	: 	: 	: 	: 
NR,T,TOTAL,DE228	192043	190504	188904	188336	186284	185671	184905	184531	184265 b	187594	187965	188462	188474	189142	189027	188533	188090	187355	186509	185627	: 	: 	: 	: 	: 	: 	: 	: 	: 	: 
NR,T,TOTAL,DE229	77656	77489	77187	76812	76265	76257	76329	76525	77014 b	79327	79736	80195	80748	81416	81796	82162	82555	82721	82512	82526	: 	: 	: 	: 	: 	: 	: 	: 	: 	: 
NR,T,TOTAL,DE22A	120659	120371	119617	119218	118164	117654	117437	116849	116731 b	118157	118622	118800	118944	119598	119727	119729	119416	119107	118167	117612	: 	: 	: 	: 	: 	: 	: 	: 	: 	: 
NR,T,TOTAL,DE22B	100649	99838	99221	98806	97967	97323	96667	96140	95808 b	97631	97702	97810	97734	97797	97848	97485	96902	96035	95242	94520	: 	: 	: 	: 	: 	: 	: 	: 	: 	: 
NR,T,TOTAL,DE22C	96217	95831	95035	94104	93450	92565	91267	90567	90055 b	90673	91116	91481	91644	91906	92081	92092	91907	91218	90562	90137	: 	: 	: 	: 	: 	: 	: 	: 	: 	: 
NR,T,TOTAL,DE23	1109269	1104407	1098378	1092339	1082761	1077991	1074738	1072091	1071424 b	1081417	1083780	1086684	1087939	1089543	1090289	1089826	1088929	1085609	1079217	1074338	: 	: 	: 	: 	: 	: 	: 	: 	: 	: 
NR,T,TOTAL,DE231	41970	42248	42348	41861	41535	41592	41578	41790	42034 b	43715	44059	44216	44394	44618	44593	44596	44443	44217	43794	43367	: 	: 	: 	: 	: 	: 	: 	: 	: 	: 
NR,T,TOTAL,DE232	152610	150894	148638	145465	142292	140276	138296	136352	135238 b	134218	133525	132495	131342	129859	128917	128604	128029	127198	125676	125236	: 	: 	: 	: 	: 	: 	: 	: 	: 	: 
NR,T,TOTAL,DE233	42520	42543	42494	42055	41817	41726	41684	41734	41736 b	42058	42219	42445	42496	42672	42775	42684	42821	43071	43030	42997	: 	: 	: 	: 	: 	: 	: 	: 	: 	: 
NR,T,TOTAL,DE234	103109	102836	103009	103568	103045	103074	103352	103597	104070 b	105727	106224	107069	107683	108159	108784	108886	109044	109083	108899	108368	: 	: 	: 	: 	: 	: 	: 	: 	: 	: 
NR,T,TOTAL,DE235	127882	127339	126918	126359	125844	125553	125620	125504	125787 b	128498	129092	129605	130111	130871	131306	131489	131622	131416	131035	130951	: 	: 	: 	: 	: 	: 	: 	: 	: 	: 
NR,T,TOTAL,DE236	133561	132644	131662	130385	128975	127826	127145	126746	126489 b	128049	128130	128488	128529	128613	128725	128625	128027	127312	126369	125329	: 	: 	: 	: 	: 	: 	: 	: 	: 	: 
NR,T,TOTAL,DE237	94352	94486	94528	95078	95184	95447	95849	96094	96536 b	97791	98426	99007	99496	100081	100480	100933	101444	101043	101011	100738	: 	: 	: 	: 	: 	: 	: 	: 	: 	: 
NR,T,TOTAL,DE238	193572	192200	190481	189390	187205	185980	184344	183161	182015 b	183045	182812	182721	182388	182193	181406	180354	179389	178095	176067	174119	: 	: 	: 	: 	: 	: 	: 	: 	: 	: 
NR,T,TOTAL,DE239	147189	146487	145382	144864	143614	143060	142947	142630	142462 b	142979	143340	144089	144411	144748	144904	144780	144751	144370	143343	142812	: 	: 	: 	: 	: 	: 	: 	: 	: 	: 
NR,T,TOTAL,DE23A	72504	72730	72918	73314	73250	73457	73923	74483	75057 b	75337	75953	76549	77089	77729	78399	78875	79359	79804	79993	80421	: 	: 	: 	: 	: 	: 	: 	: 	: 	: 
NR,T,TOTAL,DE24	1067482	1066840	1062394	1059358	1055955	1056365	1058711	1061573	1065322 b	1076400	1082516	1088845	1094525	1101390	1106541	1109674	1112655	1113788	1113251	1114155	: 	: 	: 	: 	: 	: 	: 	: 	: 	: 
NR,T,TOTAL,DE241	77592	77179	75743	73331	71952	71167	70863	70712	70590 b	69827	69989	69884	69574	70081	70026	69899	69726	69396	69036	69004	: 	: 	: 	: 	: 	: 	: 	: 	: 	: 
NR,T,TOTAL,DE242	74657	73999	73065	72148	71601	71572	71482	71214	70862 b	72576	72935	73097	73503	73997	74548	74818	74558	74519	74153	73967	: 	: 	: 	: 	: 	: 	: 	: 	: 	: 
NR,T,TOTAL,DE243	41249	41236	41071	41257	41062	40994	41022	40991	41143 b	41177	41316	41283	41638	41950	42082	42257	42629	42798	42756	43272	: 	: 	: 	: 	: 	: 	: 	: 	: 	: 
NR,T,TOTAL,DE244	45930	45950	45183	44660	44325	44522	44461	44511	44899 b	46779	47275	47744	48191	48723	49163	49685	50150	50654	50741	51133	: 	: 	: 	: 	: 	: 	: 	: 	: 	: 
NR,T,TOTAL,DE245	147086	146584	146042	145570	144695	144425	143758	143746	143596 b	144442	144524	144949	144993	144825	144831	144268	143877	143107	142372	141687	: 	: 	: 	: 	: 	: 	: 	: 	: 	: 
NR,T,TOTAL,DE246	103656	103805	103876	104306	104615	104637	104901	105227	105533 b	106488	106952	107649	108256	108724	109219	109404	109302	109249	109124	108895	: 	: 	: 	: 	: 	: 	: 	: 	: 	: 
NR,T,TOTAL,DE247	86906	86885	86734	86599	86715	86719	87006	87404	87847 b	88943	89503	90244	90786	91325	91785	92053	92205	92199	92243	92304	: 	: 	: 	: 	: 	: 	: 	: 	: 	: 
NR,T,TOTAL,DE248	116099	115681	115259	114834	113900	113424	113331	112986	112763 b	113236	113289	113389	113397	113543	113447	113258	113331	112838	112500	111848	: 	: 	: 	: 	: 	: 	: 	: 	: 	: 
NR,T,TOTAL,DE249	95311	95773	95915	96429	96608	97096	97873	98787	99863 b	101252	102475	103686	104613	105715	106632	107505	108198	108744	109026	109661	: 	: 	: 	: 	: 	: 	: 	: 	: 	: 
NR,T,TOTAL,DE24A	67135	67474	67613	67916	67998	68484	69095	69599	70149 b	70941	71609	72289	72909	73678	74275	74582	75038	75458	75591	75905	: 	: 	: 	: 	: 	: 	: 	: 	: 	: 
NR,T,TOTAL,DE24B	71845	72012	71993	72468	72541	72898	73211	73710	74257 b	74967	75593	76153	76641	77141	77556	77940	78266	78674	78825	78815	: 	: 	: 	: 	: 	: 	: 	: 	: 	: 
NR,T,TOTAL,DE24C	66838	66777	66640	66655	66540	66644	67109	67245	67361 b	68286	68617	69045	69519	70057	70350	70640	70984	70874	70840	70910	: 	: 	: 	: 	: 	: 	: 	: 	: 	: 
NR,T,TOTAL,DE24D	73178	73485	73260	73185	73403	73783	74599	75441	76459 b	77486	78439	79433	80505	81631	82627	83365	84391	85278	86044	86754	: 	: 	: 	: 	: 	: 	: 	: 	: 	: 
NR,T,TOTAL,DE25	1770401	1759643	1750059	1738686	1715195	1707376	1698515	1688414	1679849 b	1710145	1712405	1714123	1712622	1712275	1708972	1706615	1703869	1698343	1689066	1683282	: 	: 	: 	: 	: 	: 	: 	: 	: 	: 
NR,T,TOTAL,DE251	41847	41652	41532	41159	40010	39839	39684	39600	39548 b	40420	40454	40330	40412	40624	40512	40708	40537	40412	40165	40163	: 	: 	: 	: 	: 	: 	: 	: 	: 	: 
NR,T,TOTAL,DE252	111962	110998	110238	108336	106423	105624	105412	104312	103552 b	105554	104980	104650	103753	103197	102578	102449	102198	101912	100778	100750	: 	: 	: 	: 	: 	: 	: 	: 	: 	: 
NR,T,TOTAL,DE253	127748	126526	125403	124171	121519	119808	118358	116640	114972 b	114044	114071	114130	113627	113422	112506	111892	111784	111257	110477	109771	: 	: 	: 	: 	: 	: 	: 	: 	: 	: 
NR,T,TOTAL,DE254	518365	515201	511628	509975	501072	498876	495121	490085	484725 b	503673	503638	503110	500855	499237	495302	493553	493397	491307	488400	486628	: 	: 	: 	: 	: 	: 	: 	: 	: 	: 
NR,T,TOTAL,DE255	40792	40781	40707	40428	39941	39546	39137	38610	38359 b	38751	38771	38753	38862	38791	38630	38586	38633	38518	38213	37947	: 	: 	: 	: 	: 	: 	: 	: 	: 	: 
NR,T,TOTAL,DE256	183949	183256	182178	181314	179419	178914	178289	178262	178575 b	180719	181417	182293	183052	183755	184576	184333	183967	183668	183207	182307	: 	: 	: 	: 	: 	: 	: 	: 	: 	: 
NR,T,TOTAL,DE257	136271	135334	134640	134136	132830	132012	131227	130747	130111 b	131059	131097	130873	130788	130489	130652	130660	130455	129751	128939	128177	: 	: 	: 	: 	: 	: 	: 	: 	: 	: 
NR,T,TOTAL,DE258	117387	116193	115971	114291	113847	114513	113959	113259	112503 b	114475	114496	114483	114203	114024	114297	114571	113840	113530	112896	113369	: 	: 	: 	: 	: 	: 	: 	: 	: 	: 
NR,T,TOTAL,DE259	170365	169752	168893	167643	165918	165000	164564	164079	164045 b	166491	167152	167444	168111	168389	169075	169146	168811	168693	168024	167483	: 	: 	: 	: 	: 	: 	: 	: 	: 	: 
NR,T,TOTAL,DE25A	100364	99641	99332	98751	97808	97482	97409	97518	97565 b	98044	98509	99106	99490	99979	100033	99768	99618	99156	98671	98201	: 	: 	: 	: 	: 	: 	: 	: 	: 	: 
NR,T,TOTAL,DE25B	126958	126101	125563	125140	123890	123431	123168	123120	123326 b	124329	124811	125240	125306	125708	125757	125722	125280	124963	124187	123496	: 	: 	: 	: 	: 	: 	: 	: 	: 	: 
NR,T,TOTAL,DE25C	94393	94208	93974	93342	92518	92331	92187	92182	92568 b	92586	93009	93711	94163	94660	95054	95227	95349	95176	95109	94990	: 	: 	: 	: 	: 	: 	: 	: 	: 	: 
NR,T,TOTAL,DE26	1317124	1313375	1309209	1306048	1298849	1297992	1297727	1299076	1302144 b	1321957	1327497	1334767	1337876	1341481	1344629	1344740	1344300	1340912	1335991	1333803	: 	: 	: 	: 	: 	: 	: 	: 	: 	: 
NR,T,TOTAL,DE261	70527	69928	69187	68986	68167	67844	67681	67470	67326 b	68722	68747	68646	68664	68642	68703	68607	68682	68361	67592	67028	: 	: 	: 	: 	: 	: 	: 	: 	: 	: 
NR,T,TOTAL,DE262	54032	53437	52724	51969	51610	51851	52098	52118	52255 b	53533	53588	53798	53970	54273	54467	54601	54670	54568	54325	54511	: 	: 	: 	: 	: 	: 	: 	: 	: 	: 
NR,T,TOTAL,DE263	127880	126635	126010	124873	124219	124698	124577	124449	124542 b	133195	133501	135212	134913	133906	133539	132687	131582	129915	127966	127350	: 	: 	: 	: 	: 	: 	: 	: 	: 	: 
NR,T,TOTAL,DE264	174208	173969	173504	173695	172776	172791	172575	172351	172806 b	172990	173707	174168	174543	174974	175406	175214	174863	174577	173915	173730	: 	: 	: 	: 	: 	: 	: 	: 	: 	: 
NR,T,TOTAL,DE265	103218	103265	103100	103106	102901	102865	103124	103653	104184 b	104932	105770	106628	107267	107988	108607	108926	109382	109498	109328	109413	: 	: 	: 	: 	: 	: 	: 	: 	: 	: 
NR,T,TOTAL,DE266	79690	79796	79855	79723	79676	79965	80224	80469	81075 b	83442	83895	84676	85313	86094	86731	86824	86811	86717	86609	87076	: 	: 	: 	: 	: 	: 	: 	: 	: 	: 
NR,T,TOTAL,DE267	84599	84464	84373	84581	84152	84090	84226	84440	84713 b	85379	85914	86477	87063	87607	87878	88256	88301	88412	88509	88371	: 	: 	: 	: 	: 	: 	: 	: 	: 	: 
NR,T,TOTAL,DE268	90909	90429	89748	89306	88492	88097	87899	87731	87688 b	88692	88976	89293	89378	89501	89525	89498	89335	89104	88986	88730	: 	: 	: 	: 	: 	: 	: 	: 	: 	: 
NR,T,TOTAL,DE269	128756	128484	128543	128446	127941	127909	127944	128122	128586 b	129047	129648	130303	130692	131376	131543	131548	131568	131369	131261	130635	: 	: 	: 	: 	: 	: 	: 	: 	: 	: 
NR,T,TOTAL,DE26A	126365	126523	126301	126123	125915	126295	126496	127154	127695 b	128637	129439	130148	130678	131218	131770	132090	132393	132206	132012	132014	: 	: 	: 	: 	: 	: 	: 	: 	: 	: 
NR,T,TOTAL,DE26B	115106	115105	114823	114813	113747	113007	112857	112991	113146 b	113425	114039	114657	115173	115924	116380	116653	116868	116874	116569	116290	: 	: 	: 	: 	: 	: 	: 	: 	: 	: 
NR,T,TOTAL,DE26C	161834	161340	161041	160427	159253	158580	158026	158128	158128 b	159963	160273	160761	160222	159978	160080	159836	159845	159311	158919	158655	: 	: 	: 	: 	: 	: 	: 	: 	: 	: 
NR,T,TOTAL,DE27	1887754	1873368	1857991	1846020	1821271	1806025	1792759	1783119	1778244 b	1784753	1786483	1788329	1786764	1788919	1786166	1782386	1776465	1767193	1753447	1745576	: 	: 	: 	: 	: 	: 	: 	: 	: 	: 
NR,T,TOTAL,DE271	295135	292851	289584	286374	281111	276542	272699	269402	267350 b	263646	263313	262992	262512	262676	260407	259217	259231	257836	254982	254867	: 	: 	: 	: 	: 	: 	: 	: 	: 	: 
NR,T,TOTAL,DE272	43893	43478	43134	42731	42014	41759	41570	41460	41564 b	41881	41966	42043	41945	42183	42430	42581	42665	42246	41905	41772	: 	: 	: 	: 	: 	: 	: 	: 	: 	: 
NR,T,TOTAL,DE273	68907	68330	67529	66947	65624	65044	64625	64300	64142 b	62007	62135	61703	61480	61360	61576	61504	61609	61505	61389	61348	: 	: 	: 	: 	: 	: 	: 	: 	: 	: 
NR,T,TOTAL,DE274	43837	43470	43293	42841	42201	41772	41551	41242	41253 b	41085	41050	41021	41111	41107	41191	41133	41132	41101	40849	40993	: 	: 	: 	: 	: 	: 	: 	: 	: 	: 
NR,T,TOTAL,DE275	133596	132596	131399	130916	129294	128435	127250	126720	126163 b	127859	127717	127785	127531	127446	127238	126711	125534	124501	123263	121833	: 	: 	: 	: 	: 	: 	: 	: 	: 	: 
NR,T,TOTAL,DE276	251534	249838	247539	245600	242697	240911	239004	237839	236860 b	239898	240294	240976	241033	241381	241494	240874	239979	238536	236422	235035	: 	: 	: 	: 	: 	: 	: 	: 	: 	: 
NR,T,TOTAL,DE277	96021	95159	94556	94575	93478	93129	93122	93212	93504 b	94009	94328	94759	95124	95512	95626	95417	95005	94435	93773	93479	: 	: 	: 	: 	: 	: 	: 	: 	: 	: 
NR,T,TOTAL,DE278	125747	124519	123498	123153	121828	120696	120130	120134	120304 b	120619	121165	121691	121833	122450	122636	122942	122574	122114	121563	121284	: 	: 	: 	: 	: 	: 	: 	: 	: 	: 
NR,T,TOTAL,DE279	174200	172546	171011	170309	167847	166643	165270	164388	163652 b	165201	164771	164135	163495	163387	163504	163082	162214	161110	159670	158923	: 	: 	: 	: 	: 	: 	: 	: 	: 	: 
NR,T,TOTAL,DE27A	81669	81148	80961	80429	79387	78939	78641	78455	78312 b	79858	80027	80139	79733	79467	78900	78643	78240	77850	77106	76815	: 	: 	: 	: 	: 	: 	: 	: 	: 	: 
NR,T,TOTAL,DE27B	140316	139278	138265	137709	135894	134771	134118	133607	133433 b	134070	134112	134462	134551	134766	134206	133782	133196	132389	131546	130650	: 	: 	: 	: 	: 	: 	: 	: 	: 	: 
NR,T,TOTAL,DE27C	144041	142544	141165	140419	138712	137484	136383	135597	135150 b	135286	135569	135898	135699	135708	135858	135804	135300	134920	133709	132773	: 	: 	: 	: 	: 	: 	: 	: 	: 	: 
NR,T,TOTAL,DE27D	133496	133043	132298	131345	130203	129422	128939	128072	127900 b	129181	129550	130035	130321	130969	131141	131222	130833	130335	129865	129085	: 	: 	: 	: 	: 	: 	: 	: 	: 	: 
NR,T,TOTAL,DE27E	155362	154568	153759	152672	150981	150478	149457	148691	148657 b	150153	150486	150690	150396	150507	149959	149474	148953	148315	147405	146719	: 	: 	: 	: 	: 	: 	: 	: 	: 	: 
NR,T,TOTAL,DE3	3644826	3613495	3574830	3520031	3469849	3421829	3375222	3326002	3278346 b	3442675	3431675	3416255	3404037	3395189	3387828	3388477	3392425	3388434	3382169	3386667	: 	: 	: 	: 	: 	: 	: 	: 	: 	: 
NR,T,TOTAL,DE30	3644826	3613495	3574830	3520031	3469849	3421829	3375222	3326002	3278346 b	3442675	3431675	3416255	3404037	3395189	3387828	3388477	3392425	3388434	3382169	3386667	: 	: 	: 	: 	: 	: 	: 	: 	: 	: 
NR,T,TOTAL,DE300	3644826	3613495	3574830	3520031	3469849	3421829	3375222	3326002	3278346 b	3442675	3431675	3416255	3404037	3395189	3387828	3388477	3392425	3388434	3382169	3386667	: 	: 	: 	: 	: 	: 	: 	: 	: 	: 
NR,T,TOTAL,DE4	2511917	2504040	2494648	2484826	2457872	2449193	2449511	2453180	2461242 b	2511525	2522493	2535737	2547772	2559483	2567704	2574521	2582379	2593040	2601962	2601207	: 	: 	: 	: 	: 	: 	: 	: 	: 	: 
NR,T,TOTAL,DE40	2511917	2504040	2494648	2484826	2457872	2449193	2449511	2453180	2461242 b	2511525	2522493	2535737	2547772	2559483	2567704	2574521	2582379	2593040	2601962	2601207	: 	: 	: 	: 	: 	: 	: 	: 	: 	: 
NR,T,TOTAL,DE401	72124	71886	71664	71574	71032	71032	71149	71381	71622 b	72264	72516	72954	73475	74129	74875	75485	76166	77245	78404	79828	: 	: 	: 	: 	: 	: 	: 	: 	: 	: 
NR,T,TOTAL,DE402	100219	101036	100416	99687	99491	99595	99913	99974	100141 b	101671	101785	102811	103837	105309	106415	107549	109144	111125	113618	115970	: 	: 	: 	: 	: 	: 	: 	: 	: 	: 
NR,T,TOTAL,DE403	57873	58237	58193	58092	57649	58018	58537	59063	59397 b	60625	61286	61969	62594	63748	65242	67014	68351	70308	72131	73832	: 	: 	: 	: 	: 	: 	: 	: 	: 	: 
NR,T,TOTAL,DE404	178089	175710	171810	167745	164042	161468	159456	157603	155677 b	154606	152966	150833	148813	147583	145707	144979	143246	141907	140668	139695	: 	: 	: 	: 	: 	: 	: 	: 	: 	: 
NR,T,TOTAL,DE405	182760	180864	179365	177411	174981	173754	173193	172572	172522 b	176904	177644	177589	177396	176693	175861	173951	172382	171490	170288	167914	: 	: 	: 	: 	: 	: 	: 	: 	: 	: 
NR,T,TOTAL,DE406	169067	167319	166074	164528	161952	160793	160314	160108	160372 b	161708	161482	161699	161756	161937	161179	160173	159923	159568	158994	157341	: 	: 	: 	: 	: 	: 	: 	: 	: 	: 
NR,T,TOTAL,DE407	102638	103455	104397	104673	104997	106157	107649	109087	110772 b	113586	115560	117522	119773	122031	124041	125526	127159	129066	131161	132873	: 	: 	: 	: 	: 	: 	: 	: 	: 	: 
NR,T,TOTAL,DE408	161909	160710	159685	158236	155408	153874	153294	152915	152605 b	154984	155141	155359	155408	155019	154044	153328	152667	151514	149285	146064	: 	: 	: 	: 	: 	: 	: 	: 	: 	: 
NR,T,TOTAL,DE409	194328	192921	191685	190714	188422	187668	186925	187085	187880 b	191067	191241	191640	191998	192122	192131	191729	190678	189634	188277	186573	: 	: 	: 	: 	: 	: 	: 	: 	: 	: 
NR,T,TOTAL,DE40A	211249	209893	208639	207524	204898	203012	202162	201199	200883 b	202776	202231	201945	201289	200184	198550	197055	195399	194022	192123	189191	: 	: 	: 	: 	: 	: 	: 	: 	: 	: 
NR,T,TOTAL,DE40B	110476	111122	111962	112450	112896	113842	115212	116898	118506 b	123426	125216	127278	129581	132032	134025	136251	139062	141959	145110	148124	: 	: 	: 	: 	: 	: 	: 	: 	: 	: 
NR,T,TOTAL,DE40C	178658	178347	178849	182397	177823	176850	177047	177764	178780 b	185062	186542	188035	189185	190728	192001	193062	194169	195670	196453	196784	: 	: 	: 	: 	: 	: 	: 	: 	: 	: 
NR,T,TOTAL,DE40D	99078	99368	99414	99110	98886	98944	99125	99753	100588 b	103734	104786	105812	106830	108027	108893	110057	111009	111878	112930	114273	: 	: 	: 	: 	: 	: 	: 	: 	: 	: 
NR,T,TOTAL,DE40E	214664	213214	212207	210910	207498	205520	204388	203391	202837 b	204594	204277	204510	204007	203477	202630	201335	200313	198690	196644	193086	: 	: 	: 	: 	: 	: 	: 	: 	: 	: 
NR,T,TOTAL,DE40F	76508	77263	77813	77573	77550	77993	78799	79574	80744 b	83086	84284	85705	87221	88340	89792	91214	92646	94015	95701	97076	: 	: 	: 	: 	: 	: 	: 	: 	: 	: 
NR,T,TOTAL,DE40G	114429	115456	116826	117635	118030	118899	120178	121571	123266 b	128470	130626	132798	135017	136896	139464	141256	143642	145929	148700	150171	: 	: 	: 	: 	: 	: 	: 	: 	: 	: 
NR,T,TOTAL,DE40H	168296	166890	164771	163553	161488	160448	159686	159511	159376 b	161847	162073	162320	162383	161902	161400	161146	160708	160414	159735	158326	: 	: 	: 	: 	: 	: 	: 	: 	: 	: 
NR,T,TOTAL,DE40I	119552	120349	120878	121014	120829	121326	122484	123731	125274 b	131115	132837	134958	137209	139326	141454	143411	145715	148606	151740	154086	: 	: 	: 	: 	: 	: 	: 	: 	: 	: 
NR,T,TOTAL,DE5	682986	681032	678753	671489	661888	657391	654774	652182	651467 b	661716	661866	663082	663979	663467	663213	663129	662098	659651	660225	663065	: 	: 	: 	: 	: 	: 	: 	: 	: 	: 
NR,T,TOTAL,DE50	682986	681032	678753	671489	661888	657391	654774	652182	651467 b	661716	661866	663082	663979	663467	663213	663129	662098	659651	660225	663065	: 	: 	: 	: 	: 	: 	: 	: 	: 	: 
NR,T,TOTAL,DE501	569352	568006	565719	557464	551767	548547	546451	544043	542956 b	547685	547360	547769	547934	546852	545932	544853	542987	540950	539403	540330	: 	: 	: 	: 	: 	: 	: 	: 	: 	: 
NR,T,TOTAL,DE502	113634	113026	113034	114025	110121	108844	108323	108139	108511 b	114031	114506	115313	116045	116615	117281	118276	119111	118701	120822	122735	: 	: 	: 	: 	: 	: 	: 	: 	: 	: 
NR,T,TOTAL,DE6	1841179	1830584	1810438	1787408	1762791	1746342	1734272	1718187	1705700 b	1774224	1772100	1770629	1754182	1743627	1734830	1734083	1728806	1726363	1715392	1704735	: 	: 	: 	: 	: 	: 	: 	: 	: 	: 
NR,T,TOTAL,DE60	1841179	1830584	1810438	1787408	1762791	1746342	1734272	1718187	1705700 b	1774224	1772100	1770629	1754182	1743627	1734830	1734083	1728806	1726363	1715392	1704735	: 	: 	: 	: 	: 	: 	: 	: 	: 	: 
NR,T,TOTAL,DE600	1841179	1830584	1810438	1787408	1762791	1746342	1734272	1718187	1705700 b	1774224	1772100	1770629	1754182	1743627	1734830	1734083	1728806	1726363	1715392	1704735	: 	: 	: 	: 	: 	: 	: 	: 	: 	: 
NR,T,TOTAL,DE7	6265809	6243262	6213088	6176172	6093888	6045425	6016481	5993771	5969408 b	6061951	6064953	6072555	6075359	6092354	6097765	6089428	6091618	6077826	6068129	6051966	: 	: 	: 	: 	: 	: 	: 	: 	: 	: 
NR,T,TOTAL,DE71	3998724	3978050	3951234	3922369	3863818	3822479	3791381	3763611	3734199 b	3792941	3784767	3780232	3772906	3778124	3775025	3762995	3761749	3746852	3737589	3719354	: 	: 	: 	: 	: 	: 	: 	: 	: 	: 
NR,T,TOTAL,DE711	159207	158254	157437	155353	151879	149743	147925	145845	141201 b	143332	142310	142191	141257	140562	140078	139698	138959	138457	138242	137776	: 	: 	: 	: 	: 	: 	: 	: 	: 	: 
NR,T,TOTAL,DE712	753056	746878	736414	732688	717624	701350	687775	676533	664931 b	671927	664838	659021	652610	651899	646889	643432	643726	641076	646550	643821	: 	: 	: 	: 	: 	: 	: 	: 	: 	: 
NR,T,TOTAL,DE713	128744	126658	124589	123734	120988	119203	116945	114855	112751 b	118770	118977	118245	117564	119430	119527	119208	119233	118429	117535	116627	: 	: 	: 	: 	: 	: 	: 	: 	: 	: 
NR,T,TOTAL,DE714	278342	278654	277619	276218	275116	273871	272636	270952	268198 b	277493	276742	275849	275562	274611	274076	271995	271553	271076	270109	268716	: 	: 	: 	: 	: 	: 	: 	: 	: 	: 
NR,T,TOTAL,DE715	269694	268780	267935	266928	263822	262322	261695	261158	260996 b	262796	263465	264380	264985	266312	266316	265852	265491	264695	263730	262613	: 	: 	: 	: 	: 	: 	: 	: 	: 	: 
NR,T,TOTAL,DE716	297399	296048	294744	292773	287966	285407	284413	283465	282636 b	288918	288701	289071	289635	290292	290915	290179	289717	288463	286780	285484	: 	: 	: 	: 	: 	: 	: 	: 	: 	: 
NR,T,TOTAL,DE717	274526	271403	269045	266042	260793	257301	254883	252770	250499 b	253599	253576	253013	252133	251905	252283	251633	252020	250478	249266	248190	: 	: 	: 	: 	: 	: 	: 	: 	: 	: 
NR,T,TOTAL,DE718	236564	235995	234991	233427	230798	229167	228098	226964	226039 b	226290	225737	226043	226552	227338	227708	226881	227167	226683	225638	223976	: 	: 	: 	: 	: 	: 	: 	: 	: 	: 
NR,T,TOTAL,DE719	418950	418208	416715	411956	407619	404995	403134	401823	400976 b	407022	407456	408162	408826	409941	410203	409589	409487	408144	405942	404375	: 	: 	: 	: 	: 	: 	: 	: 	: 	: 
NR,T,TOTAL,DE71A	237735	236969	235708	232848	229976	228021	226113	224823	223812 b	226647	226072	225426	224347	224057	224029	223082	222892	221730	220264	218170	: 	: 	: 	: 	: 	: 	: 	: 	: 	: 
NR,T,TOTAL,DE71B	96798	96597	96473	97000	96082	96201	96648	96785	97012 b	97502	98092	98954	99640	100174	100522	100654	100525	100113	99667	99373	: 	: 	: 	: 	: 	: 	: 	: 	: 	: 
NR,T,TOTAL,DE71C	354092	351692	349982	347357	341669	338300	336265	334019	332014 b	337163	336818	336671	336579	337481	338252	337305	337451	336555	335030	333336	: 	: 	: 	: 	: 	: 	: 	: 	: 	: 
NR,T,TOTAL,DE71D	187157	186602	185668	184114	182117	181190	180911	180506	180448 b	183303	183487	184152	184288	185237	185557	185487	185665	184897	184576	184328	: 	: 	: 	: 	: 	: 	: 	: 	: 	: 
NR,T,TOTAL,DE71E	306460	305312	303914	301931	297369	295408	293940	293113	292686 b	298179	298496	299054	298928	298885	298670	298000	297863	296056	294260	292569	: 	: 	: 	: 	: 	: 	: 	: 	: 	: 
NR,T,TOTAL,DE72	1047262	1045807	1043643	1040091	1029020	1023150	1023277	1025525	1027159 b	1044269	1048683	1053259	1057553	1061323	1064228	1065467	1065909	1065028	1063538	1063503	: 	: 	: 	: 	: 	: 	: 	: 	: 	: 
NR,T,TOTAL,DE721	268876	267056	265699	262505	259834	253820	253041	252587	251622 b	255765	255299	255776	255925	255896	256246	256088	255370	254331	253587	253210	: 	: 	: 	: 	: 	: 	: 	: 	: 	: 
NR,T,TOTAL,DE722	253777	254164	254074	253167	251440	251327	252106	252899	253968 b	254878	256582	258063	259359	260512	261406	262227	262852	263043	262859	262951	: 	: 	: 	: 	: 	: 	: 	: 	: 	: 
NR,T,TOTAL,DE723	172083	171971	172120	171922	170385	169964	169904	170471	170803 b	171487	172738	173754	174541	175750	176158	175836	175850	175679	175317	175089	: 	: 	: 	: 	: 	: 	: 	: 	: 	: 
NR,T,TOTAL,DE724	246648	246165	245013	245241	241598	241656	241279	241574	241871 b	251150	251800	252187	252938	253384	253700	253821	253888	253500	253279	253583	: 	: 	: 	: 	: 	: 	: 	: 	: 	: 
NR,T,TOTAL,DE725	105878	106451	106737	107256	105763	106383	106947	107994	108895 b	110989	112264	113479	114790	115781	116718	117495	117949	118475	118496	118670	: 	: 	: 	: 	: 	: 	: 	: 	: 	: 
NR,T,TOTAL,DE73	1219823	1219405	1218211	1213712	1201050	1199796	1201823	1204635	1208050 b	1224741	1231503	1239064	1244900	1252907	1258512	1260966	1263960	1265946	1267002	1269109	: 	: 	: 	: 	: 	: 	: 	: 	: 	: 
NR,T,TOTAL,DE731	201585	200736	199062	197984	194747	194087	192874	191854	190895 b	194774	194168	193803	193518	194427	194464	194322	194146	194748	194766	196211	: 	: 	: 	: 	: 	: 	: 	: 	: 	: 
NR,T,TOTAL,DE732	222584	221783	221170	220132	217326	216314	216093	215945	216535 b	217759	218421	219055	219420	219813	220184	219571	219034	218326	217710	217080	: 	: 	: 	: 	: 	: 	: 	: 	: 	: 
NR,T,TOTAL,DE733	120829	121101	121037	121166	119394	119651	120165	120776	120937 b	122812	123984	125211	126100	127156	127777	128517	129153	130010	130654	131131	: 	: 	: 	: 	: 	: 	: 	: 	: 	: 
NR,T,TOTAL,DE734	236633	236674	236905	235813	233451	233352	234206	234680	235279 b	237973	239236	240728	242117	243791	244845	245368	245837	245735	245997	245591	: 	: 	: 	: 	: 	: 	: 	: 	: 	: 
NR,T,TOTAL,DE735	180222	180754	181105	180310	179466	179429	180279	181327	182422 b	183714	185310	187058	188335	189935	191291	192115	192947	193404	193345	193367	: 	: 	: 	: 	: 	: 	: 	: 	: 	: 
NR,T,TOTAL,DE736	156953	157256	157967	157592	156460	156607	157293	158210	159508 b	163129	164652	166053	167121	168293	169259	169631	170401	170430	170568	170709	: 	: 	: 	: 	: 	: 	: 	: 	: 	: 
NR,T,TOTAL,DE737	101017	101101	100965	100715	100206	100356	100913	101843	102474 b	104580	105732	107156	108289	109492	110692	111442	112442	113293	113962	115020	: 	: 	: 	: 	: 	: 	: 	: 	: 	: 
NR,T,TOTAL,DE8	1609675	1611119	1610674	1612362	1599138	1596505	1600327	1606899	1614789 b	1651216	1664356	1679682	1693754	1707266	1719653	1732226	1744624	1759877	1775703	1789322	: 	: 	: 	: 	: 	: 	: 	: 	: 	: 
NR,T,TOTAL,DE80	1609675	1611119	1610674	1612362	1599138	1596505	1600327	1606899	1614789 b	1651216	1664356	1679682	1693754	1707266	1719653	1732226	1744624	1759877	1775703	1789322	: 	: 	: 	: 	: 	: 	: 	: 	: 	: 
NR,T,TOTAL,DE803	208886	208409	207513	206011	204167	203431	202887	201813	200414 b	201442	201096	200413	199868	199288	198993	198303	198259	198964	200506	203279	: 	: 	: 	: 	: 	: 	: 	: 	: 	: 
NR,T,TOTAL,DE804	95818	95797	95668	96800	92138	91583	91264	91327	91330 b	95041	95551	95855	96280	96656	97110	97694	98742	99978	101267	102878	: 	: 	: 	: 	: 	: 	: 	: 	: 	: 
NR,T,TOTAL,DE80J	259130	260574	261816	262517	261733	262412	264261	266593	268753 b	: 	: 	: 	: 	: 	: 	: 	: 	: 	: 	: 	: 	: 	: 	: 	: 	: 	: 	: 	: 	: 
NR,T,TOTAL,DE80K	215113	214635	213945	213473	211878	210555	210732	211863	213181 b	: 	: 	: 	: 	: 	: 	: 	: 	: 	: 	: 	: 	: 	: 	: 	: 	: 	: 	: 	: 	: 
NR,T,TOTAL,DE80L	224684	225123	224971	224820	223470	223109	223718	224751	226176 b	: 	: 	: 	: 	: 	: 	: 	: 	: 	: 	: 	: 	: 	: 	: 	: 	: 	: 	: 	: 	: 
NR,T,TOTAL,DE80M	156729	156993	156825	156270	155424	155265	155801	156004	157152 b	: 	: 	: 	: 	: 	: 	: 	: 	: 	: 	: 	: 	: 	: 	: 	: 	: 	: 	: 	: 	: 
NR,T,TOTAL,DE80N	236697	237066	237374	238358	237697	238185	239291	240971	242518 b	: 	: 	: 	: 	: 	: 	: 	: 	: 	: 	: 	: 	: 	: 	: 	: 	: 	: 	: 	: 	: 
NR,T,TOTAL,DE80O	212618	212522	212562	214113	212631	211965	212373	213577	215265 b	: 	: 	: 	: 	: 	: 	: 	: 	: 	: 	: 	: 	: 	: 	: 	: 	: 	: 	: 	: 	: 
NR,T,TOTAL,DE9	7982448	7962775	7945685	7926599	7826739	7790559	7778995	7774253	7778828 b	7928815	7947244	7971684	7982685	7993946	8000909	7993415	7980472	7956416	7926193	7898760	: 	: 	: 	: 	: 	: 	: 	: 	: 	: 
NR,T,TOTAL,DE91	1596396	1595734	1595609	1598164	1579754	1574936	1574527	1575968	1579623 b	1616720	1623649	1633318	1641776	1650435	1658918	1662595	1665368	1666864	1668603	1669634	: 	: 	: 	: 	: 	: 	: 	: 	: 	: 
NR,T,TOTAL,DE911	248292	248023	248667	251364	248502	247227	245798	243829	242376 b	247400	246012	245810	245467	245273	245872	245076	245392	245516	245816	246322	: 	: 	: 	: 	: 	: 	: 	: 	: 	: 
NR,T,TOTAL,DE912	104948	104548	103668	101079	98966	98197	98095	98588	99223 b	103446	104423	105320	106665	107726	108763	109855	110817	111696	112302	112934	: 	: 	: 	: 	: 	: 	: 	: 	: 	: 
NR,T,TOTAL,DE913	124151	123914	123909	124045	123027	122457	121758	120889	119787 b	121109	120538	120009	120493	121199	122148	122724	122331	121887	121805	121954	: 	: 	: 	: 	: 	: 	: 	: 	: 	: 
NR,T,TOTAL,DE914	175920	175079	174749	174205	172541	171475	171015	170865	171426 b	173223	173765	174401	174974	175298	175192	174696	173863	172880	171501	170033	: 	: 	: 	: 	: 	: 	: 	: 	: 	: 
NR,T,TOTAL,DE915	253646	253646	253646	255653	250220	248249	247988	248025	248212 b	259281	259902	261260	261398	262091	263611	264285	264952	265058	265396	265819	: 	: 	: 	: 	: 	: 	: 	: 	: 	: 
NR,T,TOTAL,DE916	137014	137563	137979	138236	137256	137833	138655	139575	140507 b	144680	146187	148091	149656	151452	152758	153825	154638	155610	156247	157013	: 	: 	: 	: 	: 	: 	: 	: 	: 	: 
NR,T,TOTAL,DE917	91307	91720	92079	91500	90908	90423	90391	90919	91637 b	93903	94870	95871	96972	97749	98470	98732	99140	99527	100033	100634	: 	: 	: 	: 	: 	: 	: 	: 	: 	: 
NR,T,TOTAL,DE918	132765	133046	133610	134896	133905	134661	135418	136516	137933 b	140553	142321	144044	145488	146690	147772	148451	149345	150100	151112	151845	: 	: 	: 	: 	: 	: 	: 	: 	: 	: 
NR,T,TOTAL,DE919	73419	73419	73419	73885	73793	74367	75245	76172	77114 b	78253	79355	80300	81073	81916	82706	83375	83997	84750	85451	86192	: 	: 	: 	: 	: 	: 	: 	: 	: 	: 
NR,T,TOTAL,DE91A	133965	133368	132979	132320	130601	130147	130047	130165	130535 b	132066	132613	133560	134178	134581	134492	134356	133834	132998	132243	131291	: 	: 	: 	: 	: 	: 	: 	: 	: 	: 
NR,T,TOTAL,DE91B	119960	120437	120904	120981	120035	119900	120117	120425	120873 b	122806	123663	124652	125412	126460	127134	127220	127059	126842	126697	125597	: 	: 	: 	: 	: 	: 	: 	: 	: 	: 
NR,T,TOTAL,DE91C	328074	328036	327065	329538	324013	322616	: 	: 	: 	: 	: 	: 	: 	: 	: 	: 	: 	: 	: 	: 	: 	: 	: 	: 	: 	: 	: 	: 	: 	: 
NR,T,TOTAL,DE92	2149805	2144120	2139976	2132290	2108413	2099079	2094931	2093431	2093945 b	2142440	2149181	2156841	2160253	2163919	2166626	2167157	2167876	2163904	2158307	2152759	: 	: 	: 	: 	: 	: 	: 	: 	: 	: 
NR,T,TOTAL,DE922	216886	216012	215082	213976	211093	209955	209671	209745	209898 b	213634	214379	215142	215406	215548	215273	214786	213963	212761	211227	210004	: 	: 	: 	: 	: 	: 	: 	: 	: 	: 
NR,T,TOTAL,DE923	148559	148296	148265	148281	147813	147755	148532	149513	150942 b	155164	156398	157867	158658	159840	160469	161259	161871	162290	162663	162891	: 	: 	: 	: 	: 	: 	: 	: 	: 	: 
NR,T,TOTAL,DE925	276594	276640	277300	277055	274554	274519	275330	276383	278227 b	284551	286663	288623	289984	290643	291620	292358	292908	293091	292979	292466	: 	: 	: 	: 	: 	: 	: 	: 	: 	: 
NR,T,TOTAL,DE926	70975	71144	71510	71659	71438	71877	72459	73155	73946 b	74094	75092	76103	76888	77918	78683	79715	80338	80866	81389	81870	: 	: 	: 	: 	: 	: 	: 	: 	: 	: 
NR,T,TOTAL,DE927	121386	121470	121503	120632	119631	119848	120225	121390	121354 b	122989	123881	124895	125436	125870	126134	126032	126167	126310	125938	125745	: 	: 	: 	: 	: 	: 	: 	: 	: 	: 
NR,T,TOTAL,DE928	157781	157883	157616	156206	155847	155599	156039	157026	157930 b	161746	162971	164172	165109	165557	166111	166283	166751	166548	166020	165534	: 	: 	: 	: 	: 	: 	: 	: 	: 	: 
NR,T,TOTAL,DE929	1157624	1152675	1148700	1144481	1128037	1119526	1112675	1106219	1101648 b	1130262	1129797	1130039	1128772	1128543	1128336	1126724	1125878	1122038	1118091	1114249	: 	: 	: 	: 	: 	: 	: 	: 	: 	: 
NR,T,TOTAL,DE93	1710914	1706464	1703945	1699969	1677715	1670199	1667332	1667127	1669999 b	1693654	1696643	1701132	1702938	1704133	1702971	1698434	1692192	1683438	1672467	1660653	: 	: 	: 	: 	: 	: 	: 	: 	: 	: 
NR,T,TOTAL,DE931	178936	178764	178370	177971	176157	175552	175706	176054	176969 b	179247	180130	181115	181936	182444	182737	182665	182421	181962	181792	181441	: 	: 	: 	: 	: 	: 	: 	: 	: 	: 
NR,T,TOTAL,DE932	198213	198100	198670	198103	196787	196607	197433	198115	199204 b	201188	202124	202933	204235	205276	206308	206545	206304	206192	204843	203833	: 	: 	: 	: 	: 	: 	: 	: 	: 	: 
NR,T,TOTAL,DE933	252776	251511	250326	248122	245199	242871	240548	239269	238221 b	245624	244640	243888	242748	241827	239973	238385	237204	235110	232799	229961	: 	: 	: 	: 	: 	: 	: 	: 	: 	: 
NR,T,TOTAL,DE934	48424	48357	48825	50128	48728	48670	48928	49082	49285 b	49699	49965	50465	50878	51352	51578	51624	51766	51820	52100	52079	: 	: 	: 	: 	: 	: 	: 	: 	: 	: 
NR,T,TOTAL,DE935	183372	182930	181605	180719	178122	176727	175640	174685	173850 b	177042	176512	176445	175906	175441	174566	173164	171563	168734	166661	164347	: 	: 	: 	: 	: 	: 	: 	: 	: 	: 
NR,T,TOTAL,DE936	113517	113105	112695	113579	111484	110882	110816	110842	111091 b	112029	112486	112679	112498	112741	112793	112502	111992	111473	110582	109538	: 	: 	: 	: 	: 	: 	: 	: 	: 	: 
NR,T,TOTAL,DE937	163455	163377	163372	163253	161842	161308	161780	162182	163101 b	164064	164603	165074	164958	164875	164932	164360	163565	163058	161692	160036	: 	: 	: 	: 	: 	: 	: 	: 	: 	: 
NR,T,TOTAL,DE938	139755	139099	139641	140264	136200	136251	135772	136072	136921 b	140053	140792	141692	142234	142678	142819	142740	142264	141192	140203	139173	: 	: 	: 	: 	: 	: 	: 	: 	: 	: 
NR,T,TOTAL,DE939	203102	201887	201638	200054	197448	196516	195779	195606	195254 b	196952	196891	197091	197122	196475	195727	195098	193956	192973	191690	190729	: 	: 	: 	: 	: 	: 	: 	: 	: 	: 
NR,T,TOTAL,DE93A	92572	92744	92961	93131	92533	92356	92801	93284	93778 b	94428	94940	95983	96458	96940	97271	97324	97464	97635	97285	97231	: 	: 	: 	: 	: 	: 	: 	: 	: 	: 
NR,T,TOTAL,DE93B	136792	136590	135842	134645	133215	132459	132129	131936	132325 b	133328	133560	133767	133965	134084	134267	134027	133693	133289	132820	132285	: 	: 	: 	: 	: 	: 	: 	: 	: 	: 
NR,T,TOTAL,DE94	2525333	2516457	2506155	2496176	2460857	2446345	2442205	2437727	2435261 b	2476001	2477771	2480393	2477718	2475459	2472394	2465229	2455036	2442210	2426816	2415714	: 	: 	: 	: 	: 	: 	: 	: 	: 	: 
NR,T,TOTAL,DE941	77607	77521	77045	76323	74804	74052	73588	73364	73257 b	74512	74751	75135	75320	75916	76094	75986	76083	76284	76644	76903	: 	: 	: 	: 	: 	: 	: 	: 	: 	: 
NR,T,TOTAL,DE942	50195	50607	50486	50694	50016	49790	49751	49848	49920 b	51292	51562	51714	51742	51693	51670	51445	51351	51185	50963	51173	: 	: 	: 	: 	: 	: 	: 	: 	: 	: 
NR,T,TOTAL,DE943	168210	167081	165711	163830	160907	159610	158658	157706	157467 b	161334	160279	159563	159060	158565	158394	158340	157437	155908	154832	154125	: 	: 	: 	: 	: 	: 	: 	: 	: 	: 
NR,T,TOTAL,DE944	164748	164374	164070	162403	156897	156315	155625	154513	153718 b	163514	163286	162870	163020	163814	164489	165517	164561	164195	164101	164539	: 	: 	: 	: 	: 	: 	: 	: 	: 	: 
NR,T,TOTAL,DE945	76278	76316	76201	75995	75534	75728	76545	76926	77516 b	81137	81411	82192	82797	83552	84118	84586	84751	84994	85287	86453	: 	: 	: 	: 	: 	: 	: 	: 	: 	: 
NR,T,TOTAL,DE946	124071	123377	122698	121435	119917	118865	118489	117951	117098 b	117517	117102	117041	116626	115891	115176	114524	113164	111994	110650	109458	: 	: 	: 	: 	: 	: 	: 	: 	: 	: 
NR,T,TOTAL,DE947	189848	189949	190066	189199	187998	187058	186673	186713	187317 b	188973	189381	190293	190252	190128	190110	189652	188979	188363	187403	186024	: 	: 	: 	: 	: 	: 	: 	: 	: 	: 
NR,T,TOTAL,DE948	169348	167925	165930	164734	162350	160176	160033	159290	158361 b	157506	157268	157164	156241	155642	154804	153283	152299	150973	149647	147894	: 	: 	: 	: 	: 	: 	: 	: 	: 	: 
NR,T,TOTAL,DE949	325657	323636	321391	319488	315757	313689	312855	311634	311073 b	313098	313824	313533	311965	310088	309245	307734	306685	304698	303034	301079	: 	: 	: 	: 	: 	: 	: 	: 	: 	: 
NR,T,TOTAL,DE94A	98460	98509	98409	97900	96937	97093	97327	97857	98215 b	99851	100307	100779	101192	101412	101760	101657	101653	101402	100889	100335	: 	: 	: 	: 	: 	: 	: 	: 	: 	: 
NR,T,TOTAL,DE94B	136511	135859	135770	135662	134329	133678	133652	133400	133596 b	135346	135508	135270	134840	134442	133903	132975	132254	131086	129759	128995	: 	: 	: 	: 	: 	: 	: 	: 	: 	: 
NR,T,TOTAL,DE94C	169809	168946	168253	167548	165809	164792	164202	163991	163704 b	164837	164947	165088	165347	165056	164522	164540	163789	162765	161425	160313	: 	: 	: 	: 	: 	: 	: 	: 	: 	: 
NR,T,TOTAL,DE94D	130144	129924	129484	128608	126798	125778	125413	125265	124780 b	126571	125943	126131	125949	125731	125175	124564	123704	122550	121017	119302	: 	: 	: 	: 	: 	: 	: 	: 	: 	: 
NR,T,TOTAL,DE94E	357343	356140	354807	358079	351316	350302	350444	350418	350554 b	357056	358236	358852	359340	359449	359399	358041	356873	355871	353313	353038	: 	: 	: 	: 	: 	: 	: 	: 	: 	: 
NR,T,TOTAL,DE94F	141598	140540	139671	137866	136184	134188	133462	132752	131608 b	134838	134506	134404	133104	132401	131660	130471	129533	128189	126434	124655	: 	: 	: 	: 	: 	: 	: 	: 	: 	: 
NR,T,TOTAL,DE94G	88624	89022	89282	89239	88765	88831	89126	89527	90224 b	91228	91968	92622	93094	93725	94075	94242	94333	94332	94084	94130	: 	: 	: 	: 	: 	: 	: 	: 	: 	: 
NR,T,TOTAL,DE94H	56882	56731	56881	57173	56539	56400	56362	56572	56853 b	57391	57492	57742	57829	57954	57800	57672	57587	57421	57334	57298	: 	: 	: 	: 	: 	: 	: 	: 	: 	: 
NR,T,TOTAL,DEA	17932651	17912134	17890100	17865516	17638098	17571856	17554329	17544938	17545192 b	17872763	17933064	17996621	18028745	18058105	18075352	18079686	18076355	18052092	18009865	17999800	: 	: 	: 	: 	: 	: 	: 	: 	: 	: 
NR,T,TOTAL,DEA1	5202321	5198820	5190790	5173623	5108290	5088748	5081061	5077103	5081231 b	5172839	5191042	5208288	5217129	5226648	5237855	5245132	5249280	5255328	5254317	5264468	: 	: 	: 	: 	: 	: 	: 	: 	: 	: 
NR,T,TOTAL,DEA11	619294	617280	613230	612178	604527	598686	593682	589649	585975 b	586217	584217	581122	577505	574514	572663	572511	571886	570765	569364	568855	: 	: 	: 	: 	: 	: 	: 	: 	: 	: 
NR,T,TOTAL,DEA12	498590	498110	499845	491231	485465	486855	486816	487470	489231 b	491931	494048	496665	499111	501564	504403	506496	508664	512030	514915	519793	: 	: 	: 	: 	: 	: 	: 	: 	: 	: 
NR,T,TOTAL,DEA13	583109	583393	583084	582624	573784	569884	566862	565900	567263 b	576259	579759	582140	583198	585430	588084	589499	585481	591889	595243	599515	: 	: 	: 	: 	: 	: 	: 	: 	: 	: 
NR,T,TOTAL,DEA14	227020	226699	226812	225144	222500	222058	222026	221864	222585 b	235414	236333	236516	237104	237701	238270	238565	239183	239559	239916	241769	: 	: 	: 	: 	: 	: 	: 	: 	: 	: 
NR,T,TOTAL,DEA15	261454	262188	260925	259996	256853	255430	255087	254834	255677 b	258251	258848	260018	260951	261444	261966	262391	263104	262963	263014	263697	: 	: 	: 	: 	: 	: 	: 	: 	: 	: 
NR,T,TOTAL,DEA16	170880	171265	170936	169278	167108	166640	166654	166804	167034 b	167471	168288	168925	169414	169917	170327	170745	172171	172332	172862	173895	: 	: 	: 	: 	: 	: 	: 	: 	: 	: 
NR,T,TOTAL,DEA17	210829	211422	211382	210934	209292	209097	210005	210256	210490 b	214024	215670	217108	218181	218898	219309	220033	220928	221619	222151	222349	: 	: 	: 	: 	: 	: 	: 	: 	: 	: 
NR,T,TOTAL,DEA18	110994	110584	110611	109499	109009	108955	109352	110132	111038 b	111422	112679	113935	114925	115864	116827	117717	118339	118753	119287	120125	: 	: 	: 	: 	: 	: 	: 	: 	: 	: 
NR,T,TOTAL,DEA19	159360	158803	158908	158726	156771	155768	155316	155080	155330 b	160992	161779	162575	162948	163581	164205	164543	164740	165032	164973	165583	: 	: 	: 	: 	: 	: 	: 	: 	: 	: 
NR,T,TOTAL,DEA1A	354382	353590	352390	350046	345425	343488	342885	342570	342771 b	351050	353308	356420	358330	359237	361077	362137	363522	364784	366434	368993	: 	: 	: 	: 	: 	: 	: 	: 	: 	: 
NR,T,TOTAL,DEA1B	310974	311270	310329	310337	304963	302698	301977	301171	300881 b	308090	308448	308928	308331	307703	306850	305599	304176	301861	299362	297608	: 	: 	: 	: 	: 	: 	: 	: 	: 	: 
NR,T,TOTAL,DEA1C	485684	485409	484770	483279	477760	476633	477397	477919	478366 b	496445	499193	502045	503492	504972	506061	507164	508703	509023	507699	506649	: 	: 	: 	: 	: 	: 	: 	: 	: 	: 
NR,T,TOTAL,DEA1D	451007	449408	447431	450026	442522	440602	439225	437732	437078 b	443112	443608	444515	444700	445255	446305	446308	446493	445683	443865	443071	: 	: 	: 	: 	: 	: 	: 	: 	: 	: 
NR,T,TOTAL,DEA1E	298935	298733	298422	297661	295067	294921	295448	295982	296497 b	301797	302689	303331	303506	304140	304344	303943	303984	302795	300842	299199	: 	: 	: 	: 	: 	: 	: 	: 	: 	: 
NR,T,TOTAL,DEA1F	459809	460666	461715	462664	457244	457033	458329	459740	461015 b	470364	472175	474045	475433	476428	477164	477481	477906	476240	474390	473367	: 	: 	: 	: 	: 	: 	: 	: 	: 	: 
NR,T,TOTAL,DEA2	4468904	4454228	4439416	4422371	4361724	4333015	4315912	4299064	4282911 b	4383044	4386271	4391062	4384669	4378622	4363797	4350368	4331419	4309953	4281548	4263675	: 	: 	: 	: 	: 	: 	: 	: 	: 	: 
NR,T,TOTAL,DEA22	327258	325490	322125	318809	313958	311287	309869	307530	304476 b	319841	317949	316416	314299	312818	311938	311052	308921	306016	302247	301048	: 	: 	: 	: 	: 	: 	: 	: 	: 	: 
NR,T,TOTAL,DEA23	1085664	1080394	1075935	1060582	1046680	1034175	1024373	1013665	1002785 b	998105	995420	995397	989766	983347	969709	965954	968639	967940	962884	962507	: 	: 	: 	: 	: 	: 	: 	: 	: 	: 
NR,T,TOTAL,DEA24	163838	163577	163113	163487	161540	160819	159926	159373	158947 b	160593	161322	161345	161336	161227	161601	161543	160268	160829	161047	160841	: 	: 	: 	: 	: 	: 	: 	: 	: 	: 
NR,T,TOTAL,DEA26	263722	262889	262072	262828	259073	258385	258651	258524	259088 b	268637	269607	270725	270917	272478	272908	272936	272473	271074	268564	266457	: 	: 	: 	: 	: 	: 	: 	: 	: 	: 
NR,T,TOTAL,DEA27	470089	467209	465549	466657	459448	456602	454792	452792	450988 b	464018	464061	464209	463147	462862	462873	461810	460894	458430	455487	452503	: 	: 	: 	: 	: 	: 	: 	: 	: 	: 
NR,T,TOTAL,DEA28	192840	192127	191202	191165	188158	187437	187724	187801	188162 b	192088	192638	192973	193191	193304	193199	192575	191635	190581	189316	187885	: 	: 	: 	: 	: 	: 	: 	: 	: 	: 
NR,T,TOTAL,DEA29	254322	253106	252651	252527	249310	248233	247827	248161	248229 b	255158	256004	256850	257282	257326	256956	255782	254589	252275	250400	248283	: 	: 	: 	: 	: 	: 	: 	: 	: 	: 
NR,T,TOTAL,DEA2A	272471	272968	273139	273452	270618	270290	271332	272287	273517 b	282636	284890	286801	288405	289836	290614	290308	290055	289518	288170	286398	: 	: 	: 	: 	: 	: 	: 	: 	: 	: 
NR,T,TOTAL,DEA2B	283455	283344	283304	282729	279497	278440	277997	277816	278518 b	277214	277635	278345	278658	279092	279397	278770	278086	276525	275474	275712	: 	: 	: 	: 	: 	: 	: 	: 	: 	: 
NR,T,TOTAL,DEA2C	599780	599056	597854	596213	585781	582280	580588	579594	577859 b	598407	598225	599042	598805	597857	596565	593414	588896	583051	576993	572637	: 	: 	: 	: 	: 	: 	: 	: 	: 	: 
NR,T,TOTAL,DEA2D	555465	554068	552472	553922	547661	545067	542833	541521	540342 b	: 	: 	: 	: 	: 	: 	: 	: 	: 	: 	: 	: 	: 	: 	: 	: 	: 	: 	: 	: 	: 
NR,T,TOTAL,DEA3	2623619	2621153	2619376	2614229	2580664	2574148	2572390	2572221	2568358 b	2597636	2605365	2614361	2619372	2622623	2624489	2625745	2625637	2620240	2612301	2608779	: 	: 	: 	: 	: 	: 	: 	: 	: 	: 
NR,T,TOTAL,DEA31	117383	117364	117409	117143	116017	116055	116498	117074	117474 b	117241	117756	118597	118975	119356	119910	120324	120758	120780	120611	121097	: 	: 	: 	: 	: 	: 	: 	: 	: 	: 
NR,T,TOTAL,DEA32	260654	260305	262528	260368	257651	257850	257607	257994	259383 b	259744	262063	264765	266772	268102	270107	272445	274926	276740	278695	281979	: 	: 	: 	: 	: 	: 	: 	: 	: 	: 
NR,T,TOTAL,DEA33	314319	313559	311846	310039	302178	299708	296599	293393	281750 b	275543	273875	272951	272106	270868	270038	269579	268945	267197	265609	264670	: 	: 	: 	: 	: 	: 	: 	: 	: 	: 
NR,T,TOTAL,DEA34	370676	369718	369226	369666	365191	364271	363819	364093	364502 b	369666	370323	370196	369500	369112	367457	366679	364865	362834	359573	356706	: 	: 	: 	: 	: 	: 	: 	: 	: 	: 
NR,T,TOTAL,DEA35	219929	219360	219019	218401	215996	215282	215087	215031	215634 b	220261	220662	221381	221494	221001	220984	219915	218573	216805	214893	212780	: 	: 	: 	: 	: 	: 	: 	: 	: 	: 
NR,T,TOTAL,DEA36	615261	616824	617195	617807	613092	613878	615778	617831	620862 b	632535	636180	639811	643411	646558	649310	651397	654276	656053	657592	660459	: 	: 	: 	: 	: 	: 	: 	: 	: 	: 
NR,T,TOTAL,DEA37	447614	446565	444409	443374	437127	434481	434170	433820	434784 b	443643	444399	445019	444393	444231	443055	441985	440127	437545	434885	432552	: 	: 	: 	: 	: 	: 	: 	: 	: 	: 
NR,T,TOTAL,DEA38	277783	277458	277744	277431	273412	272623	272832	272985	273969 b	279003	280107	281641	282721	283395	283628	283421	283167	282286	280443	278536	: 	: 	: 	: 	: 	: 	: 	: 	: 	: 
NR,T,TOTAL,DEA4	2055310	2054343	2054205	2057996	2029648	2024392	2025415	2027126	2031337 b	2043212	2050638	2059198	2065413	2069758	2072488	2071803	2069290	2063244	2055795	2048620	: 	: 	: 	: 	: 	: 	: 	: 	: 	: 
NR,T,TOTAL,DEA41	333786	332552	333451	333090	329782	328864	328314	327199	327103 b	323084	323615	324912	325846	326925	328012	328452	324815	323373	321758	321125	: 	: 	: 	: 	: 	: 	: 	: 	: 	: 
NR,T,TOTAL,DEA42	364083	363049	361828	360642	354463	352334	351624	350814	349909 b	353514	353944	354239	354057	353250	352399	350528	349688	347954	345379	342879	: 	: 	: 	: 	: 	: 	: 	: 	: 	: 
NR,T,TOTAL,DEA43	250783	251539	251074	252122	249219	248988	249147	249947	251194 b	250247	251567	252949	253751	254507	254938	255284	255819	255393	254754	253964	: 	: 	: 	: 	: 	: 	: 	: 	: 	: 
NR,T,TOTAL,DEA44	140667	141565	141855	144010	142770	142788	143709	144891	146136 b	148470	149800	151277	152627	153550	154289	154829	155354	155518	155808	155668	: 	: 	: 	: 	: 	: 	: 	: 	: 	: 
NR,T,TOTAL,DEA45	348391	349069	348933	350750	345127	345374	346496	347729	349663 b	353007	355178	357582	359192	360858	362527	363720	365049	364990	365006	364863	: 	: 	: 	: 	: 	: 	: 	: 	: 	: 
NR,T,TOTAL,DEA46	310710	311207	311866	313050	309216	309356	309990	310932	312885 b	315784	317665	319401	320813	321965	322649	323290	323654	323055	322789	322011	: 	: 	: 	: 	: 	: 	: 	: 	: 	: 
NR,T,TOTAL,DEA47	306890	305362	305198	304332	299071	296688	296135	295614	294447 b	299106	298869	298838	299127	298703	297674	295700	294911	292961	290301	288110	: 	: 	: 	: 	: 	: 	: 	: 	: 	: 
NR,T,TOTAL,DEA5	3582497	3583590	3586313	3597297	3557772	3551553	3559551	3569424	3581355 b	3676032	3699748	3723712	3742162	3760454	3776723	3786638	3800729	3803327	3805904	3814258	: 	: 	: 	: 	: 	: 	: 	: 	: 	: 
NR,T,TOTAL,DEA51	364628	365529	364920	364742	361876	361734	362213	362585	363084 b	376319	378596	381542	383743	385626	388179	387283	388869	390087	391147	392830	: 	: 	: 	: 	: 	: 	: 	: 	: 	: 
NR,T,TOTAL,DEA52	587010	586600	585813	586181	580511	575944	572087	571403	571195 b	581308	584412	586909	587624	588168	588680	589661	590831	589240	588994	590213	: 	: 	: 	: 	: 	: 	: 	: 	: 	: 
NR,T,TOTAL,DEA53	188814	187730	188266	189044	186716	185996	186243	187333	188311 b	190121	192177	193748	195671	196934	198780	200039	201109	202060	203151	205201	: 	: 	: 	: 	: 	: 	: 	: 	: 	: 
NR,T,TOTAL,DEA54	179111	179185	179571	179397	176580	176048	176440	176474	176065 b	181741	182459	183065	183672	184239	184926	184961	184578	183805	182427	181804	: 	: 	: 	: 	: 	: 	: 	: 	: 	: 
NR,T,TOTAL,DEA55	156374	156490	156774	155851	154608	154417	154563	154887	155455 b	165632	166924	168454	169991	170992	171831	172870	173645	174018	174529	175661	: 	: 	: 	: 	: 	: 	: 	: 	: 	: 
NR,T,TOTAL,DEA56	324296	324670	325374	325954	322916	322731	324223	325145	326824 b	333729	335914	338466	340557	342642	344824	346124	348410	349988	350781	351413	: 	: 	: 	: 	: 	: 	: 	: 	: 	: 
NR,T,TOTAL,DEA57	260475	261591	262269	263762	261561	261999	263720	265199	267277 b	269927	271891	273898	275522	277219	277715	279336	280849	281480	281830	283055	: 	: 	: 	: 	: 	: 	: 	: 	: 	: 
NR,T,TOTAL,DEA58	412120	413383	414886	416171	413820	416240	419976	422614	425051 b	434031	437785	441704	445043	448800	451421	453781	456163	457079	457465	459615	: 	: 	: 	: 	: 	: 	: 	: 	: 	: 
NR,T,TOTAL,DEA59	134775	134808	134983	136365	134759	134947	135523	136144	136670 b	139666	140481	140973	141259	141776	142140	142113	142095	141705	141207	140921	: 	: 	: 	: 	: 	: 	: 	: 	: 	: 
NR,T,TOTAL,DEA5A	278210	277977	277933	280800	275909	274904	275594	276227	277281 b	284405	286299	288441	289826	291372	292869	294420	295405	295787	296256	297207	: 	: 	: 	: 	: 	: 	: 	: 	: 	: 
NR,T,TOTAL,DEA5B	301902	301693	301655	302995	296742	294971	296029	296540	297049 b	305097	306131	307159	307790	308856	309013	308831	308943	307809	306377	306131	: 	: 	: 	: 	: 	: 	: 	: 	: 	: 
NR,T,TOTAL,DEA5C	394782	393934	393869	396035	391774	391622	392940	394873	397093 b	414056	416679	419353	421464	423830	426345	427219	429832	430269	431740	430207	: 	: 	: 	: 	: 	: 	: 	: 	: 	: 
NR,T,TOTAL,DEB	4084844	4073679	4066053	4052803	4011582	3994366	3990278	3990033	3994185 b	4012675	4028351	4045643	4052860	4058843	4061105	4058682	4057727	4049066	4034557	4030773	: 	: 	: 	: 	: 	: 	: 	: 	: 	: 
NR,T,TOTAL,DEB1	1495885	1493055	1492187	1488308	1477202	1474378	1476237	1480166	1486160 b	1490711	1499457	1507919	1513939	1521494	1527507	1527919	1527611	1524695	1519561	1516237	: 	: 	: 	: 	: 	: 	: 	: 	: 	: 
NR,T,TOTAL,DEB11	114024	113844	113605	112586	111434	110643	109779	107954	107756 b	106445	106293	106087	105888	106501	107039	107608	107891	107730	107950	108003	: 	: 	: 	: 	: 	: 	: 	: 	: 	: 
NR,T,TOTAL,DEB12	129727	128914	128455	127770	126643	126102	125837	125951	126241 b	128063	128509	129096	129520	130467	130976	130900	130772	130141	129462	128947	: 	: 	: 	: 	: 	: 	: 	: 	: 	: 
NR,T,TOTAL,DEB13	128705	128791	128961	129171	128228	128373	129166	129962	131093 b	132873	133785	134912	135752	136425	136892	137285	137410	137659	137223	137456	: 	: 	: 	: 	: 	: 	: 	: 	: 	: 
NR,T,TOTAL,DEB14	158080	157549	157392	156821	155944	155297	155306	155404	155485 b	155842	156660	157471	157811	158319	158746	158389	158047	157843	157576	157087	: 	: 	: 	: 	: 	: 	: 	: 	: 	: 
NR,T,TOTAL,DEB15	80720	80728	80799	80615	80591	80673	81135	82323	83055 b	84201	85217	86469	87007	87783	88755	89471	89932	90201	90294	90143	: 	: 	: 	: 	: 	: 	: 	: 	: 	: 
NR,T,TOTAL,DEB16	62926	62926	62926	63476	63106	63202	63475	63890	64350 b	63884	64489	64863	65282	65732	66067	66062	65998	65860	65664	65540	: 	: 	: 	: 	: 	: 	: 	: 	: 	: 
NR,T,TOTAL,DEB17	214259	213554	212968	211925	210441	209785	210035	210246	210637 b	211079	212102	212944	213236	213667	213963	213249	213052	212344	210812	209706	: 	: 	: 	: 	: 	: 	: 	: 	: 	: 
NR,T,TOTAL,DEB18	181941	181655	181537	180655	179317	179454	179812	180497	180905 b	181492	182537	183618	184518	185259	186046	185739	185653	185004	184278	183929	: 	: 	: 	: 	: 	: 	: 	: 	: 	: 
NR,T,TOTAL,DEB19	101964	101964	101964	101444	100880	100770	101002	101639	102560 b	102878	103609	104263	105050	105705	106076	106094	106018	105591	105380	105038	: 	: 	: 	: 	: 	: 	: 	: 	: 	: 
NR,T,TOTAL,DEB1A	122308	122381	122553	123543	121487	121375	121838	122609	123526 b	124474	125477	126258	127218	128095	129022	129486	129684	129608	129082	128953	: 	: 	: 	: 	: 	: 	: 	: 	: 	: 
NR,T,TOTAL,DEB1B	201597	201039	201027	200302	199131	198704	198852	199691	200552 b	199480	200779	201938	202657	203541	203925	203636	203154	202714	201840	201435	: 	: 	: 	: 	: 	: 	: 	: 	: 	: 
NR,T,TOTAL,DEB1C	61587	61662	61864	62391	62041	62114	: 	: 	: 	: 	: 	: 	: 	: 	: 	: 	: 	: 	: 	: 	: 	: 	: 	: 	: 	: 	: 	: 	: 	: 
NR,T,TOTAL,DEB1D	102937	102938	103026	102529	101945	101858	: 	: 	: 	: 	: 	: 	: 	: 	: 	: 	: 	: 	: 	: 	: 	: 	: 	: 	: 	: 	: 	: 	: 	: 
NR,T,TOTAL,DEB2	531007	529597	528728	532715	521863	519136	518289	518370	518554 b	513794	515322	515972	515819	513363	513861	513755	513702	512990	511754	511548	: 	: 	: 	: 	: 	: 	: 	: 	: 	: 
NR,T,TOTAL,DEB21	110636	110013	110111	114914	108472	107233	106544	106284	105834 b	104587	104640	103888	103518	99843	100163	100180	100234	100024	99410	99891	: 	: 	: 	: 	: 	: 	: 	: 	: 	: 
NR,T,TOTAL,DEB22	112262	112134	112006	111828	110981	110643	110833	112308	112424 b	111543	112452	113043	113466	113960	114389	114160	114293	113998	113899	113752	: 	: 	: 	: 	: 	: 	: 	: 	: 	: 
NR,T,TOTAL,DEB23	98561	98213	98021	97180	96408	96158	95946	95751	95912 b	94394	94828	95219	95409	95982	95762	95850	96098	96308	96468	96244	: 	: 	: 	: 	: 	: 	: 	: 	: 	: 
NR,T,TOTAL,DEB24	60603	60705	60757	60794	60775	60765	61073	61533	62155 b	61789	62201	62813	63161	63646	63934	64285	64241	64464	64367	64331	: 	: 	: 	: 	: 	: 	: 	: 	: 	: 
NR,T,TOTAL,DEB25	148945	148532	147833	147999	145227	144337	143893	142494	142229 b	141481	141201	141009	140265	139932	139613	139280	138836	138196	137610	137330	: 	: 	: 	: 	: 	: 	: 	: 	: 	: 
NR,T,TOTAL,DEB3	2057952	2051027	2045138	2031780	2012517	2000852	1995752	1991497	1989471 b	2008170	2013572	2021752	2023102	2023986	2019737	2017008	2016414	2011381	2003242	2002988	: 	: 	: 	: 	: 	: 	: 	: 	: 	: 
NR,T,TOTAL,DEB31	48561	48417	48445	48363	47724	47332	47035	46617	46414 b	46874	46948	47090	46938	47225	47516	47564	47699	47827	47763	48213	: 	: 	: 	: 	: 	: 	: 	: 	: 	: 
NR,T,TOTAL,DEB32	99845	99684	99302	98520	97382	97162	97112	96963	96432 b	99275	97436	97770	98044	98372	99182	99095	99469	99794	99825	100025	: 	: 	: 	: 	: 	: 	: 	: 	: 	: 
NR,T,TOTAL,DEB33	46677	46292	46006	45362	44465	43825	43641	43476	43176 b	42994	43008	43063	43048	42028	41821	41502	41396	41089	41122	40810	: 	: 	: 	: 	: 	: 	: 	: 	: 	: 
NR,T,TOTAL,DEB34	171061	168497	166621	164718	163832	161518	160179	158637	157345 b	163340	163467	163777	163560	163343	163383	162836	162436	162458	162233	163771	: 	: 	: 	: 	: 	: 	: 	: 	: 	: 
NR,T,TOTAL,DEB35	217118	215110	213528	209779	206991	204268	202756	201002	199647 b	197778	197623	198118	196425	194372	186061	185532	186103	185293	182870	183134	: 	: 	: 	: 	: 	: 	: 	: 	: 	: 
NR,T,TOTAL,DEB36	53148	53353	53209	52999	52564	52400	52268	52322	52251 b	53525	53658	53683	53506	53628	53894	53939	53892	53822	53917	53886	: 	: 	: 	: 	: 	: 	: 	: 	: 	: 
NR,T,TOTAL,DEB37	40403	40632	40416	40125	40046	40101	40267	40655	41013 b	40808	41358	41875	42427	43137	43637	43971	44367	44822	45212	45773	: 	: 	: 	: 	: 	: 	: 	: 	: 	: 
NR,T,TOTAL,DEB38	50378	50931	50551	50284	49855	49740	49764	49712	49542 b	49811	49930	50673	50648	50501	50347	50247	50156	49956	49776	49851	: 	: 	: 	: 	: 	: 	: 	: 	: 	: 
NR,T,TOTAL,DEB39	83330	83081	82595	82102	81010	80296	79727	79526	79217 b	81784	82040	82290	82212	81545	81250	81100	81111	80625	80361	80361	: 	: 	: 	: 	: 	: 	: 	: 	: 	: 
NR,T,TOTAL,DEB3A	34209	34270	34428	34260	34011	34084	34064	34161	34306 b	34109	34525	34719	34842	35219	35499	35521	35846	35799	35719	35646	: 	: 	: 	: 	: 	: 	: 	: 	: 	: 
NR,T,TOTAL,DEB3B	129244	128519	128197	127274	125998	125213	125173	125109	125242 b	124758	125244	125697	126058	126328	126814	126772	126103	125303	124183	123113	: 	: 	: 	: 	: 	: 	: 	: 	: 	: 
NR,T,TOTAL,DEB3C	132660	132739	132960	132203	131530	131041	130927	130920	131232 b	133052	133576	134341	134628	135116	135061	134818	134726	134303	133815	133517	: 	: 	: 	: 	: 	: 	: 	: 	: 	: 
NR,T,TOTAL,DEB3D	75101	75102	75203	75230	74962	75192	75508	75822	76200 b	76571	77350	77877	78320	78825	79317	79215	78942	78740	78401	78258	: 	: 	: 	: 	: 	: 	: 	: 	: 	: 
NR,T,TOTAL,DEB3E	129075	128477	128205	127303	126266	125434	124889	124294	124062 b	124982	125603	125822	125425	125268	125348	124852	124669	124380	123362	123003	: 	: 	: 	: 	: 	: 	: 	: 	: 	: 
NR,T,TOTAL,DEB3F	106057	105649	105504	104966	104288	104117	104443	104910	105661 b	106149	107192	107875	108364	109202	109637	110029	110145	110207	110103	110142	: 	: 	: 	: 	: 	: 	: 	: 	: 	: 
NR,T,TOTAL,DEB3G	70526	70764	70899	70997	70883	71098	71766	72458	73199 b	73306	73987	74876	75809	76541	77184	77667	78111	78530	78685	79184	: 	: 	: 	: 	: 	: 	: 	: 	: 	: 
NR,T,TOTAL,DEB3H	110356	110622	110885	110526	109735	109026	108752	108300	108437 b	109133	109625	109957	110211	110639	110938	110524	110276	109694	109375	109028	: 	: 	: 	: 	: 	: 	: 	: 	: 	: 
NR,T,TOTAL,DEB3I	154201	153629	153043	151546	150051	149068	148079	147341	146751 b	148733	149084	149202	149187	148902	148718	148270	148060	147396	146986	146479	: 	: 	: 	: 	: 	: 	: 	: 	: 	: 
NR,T,TOTAL,DEB3J	210889	209785	209184	208749	204514	203338	202222	201264	200605 b	201583	201410	201451	200938	200486	200112	198824	197739	196072	194156	193066	: 	: 	: 	: 	: 	: 	: 	: 	: 	: 
NR,T,TOTAL,DEB3K	95113	95474	95957	96474	96410	96599	97180	98008	98739 b	99605	100508	101596	102512	103309	104018	104730	105168	105271	105378	105728	: 	: 	: 	: 	: 	: 	: 	: 	: 	: 
NR,T,TOTAL,DEC	990509	994187	996651	995597	989035	990718	994287	997855	1001879 b	1022585	1030324	1036598	1043167	1050293	1056417	1061376	1064988	1066470	1068703	1071501	: 	: 	: 	: 	: 	: 	: 	: 	: 	: 
NR,T,TOTAL,DEC0	990509	994187	996651	995597	989035	990718	994287	997855	1001879 b	1022585	1030324	1036598	1043167	1050293	1056417	1061376	1064988	1066470	1068703	1071501	: 	: 	: 	: 	: 	: 	: 	: 	: 	: 
NR,T,TOTAL,DEC01	329708	330150	329593	327380	325604	325978	326638	326996	327752 b	333469	335669	336826	339553	341940	344573	347310	349102	349948	350924	351816	: 	: 	: 	: 	: 	: 	: 	: 	: 	: 
NR,T,TOTAL,DEC02	103366	103656	103908	103997	102987	103135	103520	103639	103830 b	105241	105782	106001	105996	106282	106426	106324	106361	106222	105954	105856	: 	: 	: 	: 	: 	: 	: 	: 	: 	: 
NR,T,TOTAL,DEC03	132206	133297	133984	133735	133021	133222	134099	134957	135831 b	138586	139948	141426	142478	143645	144704	145547	146315	146678	147464	148069	: 	: 	: 	: 	: 	: 	: 	: 	: 	: 
NR,T,TOTAL,DEC04	195201	195815	196609	197009	195632	195976	196611	197452	198344 b	204448	206215	207723	208962	210343	211318	211784	211796	211681	211671	212559	: 	: 	: 	: 	: 	: 	: 	: 	: 	: 
NR,T,TOTAL,DEC05	142631	143402	144100	144584	143532	143851	144291	145099	145689 b	149680	150785	151859	152888	153997	154722	155602	156306	156732	157309	157625	: 	: 	: 	: 	: 	: 	: 	: 	: 	: 
NR,T,TOTAL,DEC06	87397	87867	88457	88892	88259	88556	89128	89712	90433 b	91161	91925	92763	93290	94086	94674	94809	95108	95209	95381	95576	: 	: 	: 	: 	: 	: 	: 	: 	: 	: 
NR,T,TOTAL,DED	4077937	4081308	4081783	4084851	4055274	4046385	4050204	4054182	4066256 b	4168732	4192801	4220200	4249774	4273754	4296284	4321437	4349059	4384192	4425581	4459686	: 	: 	: 	: 	: 	: 	: 	: 	: 	: 
NR,T,TOTAL,DED2	1598199	1598573	1600155	1602754	1592765	1590927	1591320	1591710	1594568 b	1631486	1638111	1646716	1657114	1662482	1667676	1674343	1683138	1695745	1712562	1724703	: 	: 	: 	: 	: 	: 	: 	: 	: 	: 
NR,T,TOTAL,DED21	554649	551072	547172	543825	536308	530754	525105	517765	511352 b	517052	512234	507513	504795	495181	487421	483632	480228	478631	477807	476668	: 	: 	: 	: 	: 	: 	: 	: 	: 	: 
NR,T,TOTAL,DED2C	300880	302634	304691	306273	306570	308350	310898	313618	316395 b	: 	: 	: 	: 	: 	: 	: 	: 	: 	: 	: 	: 	: 	: 	: 	: 	: 	: 	: 	: 	: 
NR,T,TOTAL,DED2D	254894	256587	258337	260000	260188	262168	264673	267815	271210 b	: 	: 	: 	: 	: 	: 	: 	: 	: 	: 	: 	: 	: 	: 	: 	: 	: 	: 	: 	: 	: 
NR,T,TOTAL,DED2E	242165	242862	243889	245244	243745	243716	244717	246237	247936 b	: 	: 	: 	: 	: 	: 	: 	: 	: 	: 	: 	: 	: 	: 	: 	: 	: 	: 	: 	: 	: 
NR,T,TOTAL,DED2F	245611	245418	246066	247412	245954	245939	245927	246275	247675 b	: 	: 	: 	: 	: 	: 	: 	: 	: 	: 	: 	: 	: 	: 	: 	: 	: 	: 	: 	: 	: 
NR,T,TOTAL,DED4	1436445	1444953	1454144	1465612	1463341	1468954	1480210	1491442	1505254 b	: 	: 	: 	: 	: 	: 	: 	: 	: 	: 	: 	: 	: 	: 	: 	: 	: 	: 	: 	: 	: 
NR,T,TOTAL,DED41	247237	246855	246353	248645	243521	242022	241210	240543	240511 b	243089	243880	244951	245700	246587	248365	249922	252618	255798	259246	263222	: 	: 	: 	: 	: 	: 	: 	: 	: 	: 
NR,T,TOTAL,DED42	337696	340373	344136	347665	349582	351309	355275	359103	363387 b	: 	: 	: 	: 	: 	: 	: 	: 	: 	: 	: 	: 	: 	: 	: 	: 	: 	: 	: 	: 	: 
NR,T,TOTAL,DED43	306185	308153	310505	312450	312711	314591	317204	320062	323365 b	: 	: 	: 	: 	: 	: 	: 	: 	: 	: 	: 	: 	: 	: 	: 	: 	: 	: 	: 	: 	: 
NR,T,TOTAL,DED44	227796	229584	231051	232318	232390	233970	236227	238443	241110 b	: 	: 	: 	: 	: 	: 	: 	: 	: 	: 	: 	: 	: 	: 	: 	: 	: 	: 	: 	: 	: 
NR,T,TOTAL,DED45	317531	319988	322099	324534	325137	327062	330294	333291	336881 b	: 	: 	: 	: 	: 	: 	: 	: 	: 	: 	: 	: 	: 	: 	: 	: 	: 	: 	: 	: 	: 
NR,T,TOTAL,DED5	1043293	1037782	1027484	1016485	999168	986504	978674	971030	966434 b	: 	: 	: 	: 	: 	: 	: 	: 	: 	: 	: 	: 	: 	: 	: 	: 	: 	: 	: 	: 	: 
NR,T,TOTAL,DED51	587857	581980	571088	560472	544479	531562	520838	510043	501382 b	518862	515469	510512	506578	502651	498491	497531	494795	493052	493208	489532	: 	: 	: 	: 	: 	: 	: 	: 	: 	: 
NR,T,TOTAL,DED52	257763	258008	258333	258408	257647	257596	259207	260925	262983 b	: 	: 	: 	: 	: 	: 	: 	: 	: 	: 	: 	: 	: 	: 	: 	: 	: 	: 	: 	: 	: 
NR,T,TOTAL,DED53	197673	197794	198063	197605	197042	197346	198629	200062	202069 b	: 	: 	: 	: 	: 	: 	: 	: 	: 	: 	: 	: 	: 	: 	: 	: 	: 	: 	: 	: 	: 
NR,T,TOTAL,DEE	2208321	2223081	2236252	2245470	2235548	2244577	2259393	2276736	2297386 b	2356219	2381872	2412472	2441787	2469716	2494437	2522941	2548911	2580626	2615375	2648737	: 	: 	: 	: 	: 	: 	: 	: 	: 	: 
NR,T,TOTAL,DEE0	2208321	2223081	2236252	2245470	2235548	2244577	2259393	2276736	2297386 b	2356219	2381872	2412472	2441787	2469716	2494437	2522941	2548911	2580626	2615375	2648737	: 	: 	: 	: 	: 	: 	: 	: 	: 	: 
NR,T,TOTAL,DEE01	81237	82111	82505	82919	83061	83616	84606	85488	86485 b	87764	88693	89934	91243	: 	: 	: 	: 	: 	: 	: 	: 	: 	: 	: 	: 	: 	: 	: 	: 	: 
NR,T,TOTAL,DEE02	239257	239173	238005	236991	232470	231565	231440	230494	229778 b	232323	233013	234295	235720	237198	238497	240119	239355	243045	247736	254360	: 	: 	: 	: 	: 	: 	: 	: 	: 	: 
NR,T,TOTAL,DEE03	238697	238478	238136	235723	232306	231021	229924	228910	228009 b	230456	230047	230140	229826	229126	226675	227535	228170	229755	231450	235073	: 	: 	: 	: 	: 	: 	: 	: 	: 	: 
NR,T,TOTAL,DEE04	83765	84457	85236	86164	86071	86312	86878	87624	88675 b	90471	91922	93323	94545	96040	97176	98276	99405	100428	101134	101828	: 	: 	: 	: 	: 	: 	: 	: 	: 	: 
NR,T,TOTAL,DEE05	159854	161264	163100	164817	165076	166828	168475	170827	173147 b	179263	182023	184877	187873	: 	: 	: 	: 	: 	: 	: 	: 	: 	: 	: 	: 	: 	: 	: 	: 	: 
NR,T,TOTAL,DEE06	89928	90465	91345	91693	91359	91721	92367	93242	94288 b	97355	98122	99693	101092	: 	: 	: 	: 	: 	: 	: 	: 	: 	: 	: 	: 	: 	: 	: 	: 	: 
NR,T,TOTAL,DEE07	171734	172619	172959	173473	172829	172955	174001	175198	176745 b	180702	182866	185457	187833	: 	: 	: 	: 	: 	: 	: 	: 	: 	: 	: 	: 	: 	: 	: 	: 	: 
NR,T,TOTAL,DEE08	180190	181968	183174	184081	184055	184956	186081	188149	190754 b	196422	199186	201932	205097	: 	: 	: 	: 	: 	: 	: 	: 	: 	: 	: 	: 	: 	: 	: 	: 	: 
NR,T,TOTAL,DEE09	214446	216299	219643	221366	219618	221043	223094	225191	228039 b	234690	237653	241017	244248	: 	: 	: 	: 	: 	: 	: 	: 	: 	: 	: 	: 	: 	: 	: 	: 	: 
NR,T,TOTAL,DEE0A	136249	138013	139781	141408	142054	143246	144735	146659	148810 b	152523	155255	158223	160984	: 	: 	: 	: 	: 	: 	: 	: 	: 	: 	: 	: 	: 	: 	: 	: 	: 
NR,T,TOTAL,DEE0B	184582	185494	185951	186431	186510	187690	189217	190747	192474 b	199025	201273	203989	206146	: 	: 	: 	: 	: 	: 	: 	: 	: 	: 	: 	: 	: 	: 	: 	: 	: 
NR,T,TOTAL,DEE0C	190560	192739	194575	196695	196750	198715	201210	203785	206512 b	212605	215591	219222	222727	: 	: 	: 	: 	: 	: 	: 	: 	: 	: 	: 	: 	: 	: 	: 	: 	: 
NR,T,TOTAL,DEE0D	111982	113186	114393	115262	114668	115471	116666	118268	119896 b	123674	125429	127464	129481	131267	133187	135647	136866	138553	140604	142536	: 	: 	: 	: 	: 	: 	: 	: 	: 	: 
NR,T,TOTAL,DEE0E	125840	126815	127449	128447	128721	129438	130699	132154	133774 b	138946	140799	142906	144972	: 	: 	: 	: 	: 	: 	: 	: 	: 	: 	: 	: 	: 	: 	: 	: 	: 
NR,T,TOTAL,DEF	2896712	2889821	2881926	2858714	2830864	2815955	2806531	2802266	2800134 b	2832027	2834260	2837373	2834254	2832950	2828760	2823171	2816507	2804249	2789761	2777275	: 	: 	: 	: 	: 	: 	: 	: 	: 	: 
NR,T,TOTAL,DEF0	2896712	2889821	2881926	2858714	2830864	2815955	2806531	2802266	2800134 b	2832027	2834260	2837373	2834254	2832950	2828760	2823171	2816507	2804249	2789761	2777275	: 	: 	: 	: 	: 	: 	: 	: 	: 	: 
NR,T,TOTAL,DEF01	89504	88519	87432	85942	84694	83971	83462	82801	82206 b	88502	88718	87792	86630	86080	85762	85300	84704	84480	84281	84449	: 	: 	: 	: 	: 	: 	: 	: 	: 	: 
NR,T,TOTAL,DEF02	247548	247943	247441	246306	243148	241533	239866	237667	235437 b	238281	237579	236902	235366	234433	233329	233039	233270	232242	232612	233795	: 	: 	: 	: 	: 	: 	: 	: 	: 	: 
NR,T,TOTAL,DEF03	217198	216318	216712	216253	214420	212958	211713	210679	210325 b	209818	210892	211541	211213	211825	211874	212754	213301	213496	213399	213326	: 	: 	: 	: 	: 	: 	: 	: 	: 	: 
NR,T,TOTAL,DEF04	79487	79335	79680	79197	77588	77058	76951	77201	77275 b	76897	77100	77595	77936	78072	78555	78951	79544	79646	79831	80243	: 	: 	: 	: 	: 	: 	: 	: 	: 	: 
NR,T,TOTAL,DEF05	133210	133447	133560	132917	132685	132665	132965	133487	134188 b	135279	135759	136451	136829	137261	137398	137428	137447	137447	137174	136920	: 	: 	: 	: 	: 	: 	: 	: 	: 	: 
NR,T,TOTAL,DEF06	197264	196074	195063	192999	190703	189043	187905	187296	186939 b	186629	186984	187094	186911	186471	185958	184896	183804	181661	179848	177703	: 	: 	: 	: 	: 	: 	: 	: 	: 	: 
NR,T,TOTAL,DEF07	165507	165462	164926	163960	162203	161923	162237	163029	163526 b	165771	166270	166727	166783	166956	166610	166342	165678	165026	164280	163974	: 	: 	: 	: 	: 	: 	: 	: 	: 	: 
NR,T,TOTAL,DEF08	200581	200584	200813	199574	198355	197835	197882	197960	198646 b	204948	205191	205688	205952	206040	205589	205140	204498	203386	202247	201400	: 	: 	: 	: 	: 	: 	: 	: 	: 	: 
NR,T,TOTAL,DEF09	314391	312662	310653	307471	304087	301223	298826	297307	295873 b	302430	301518	301320	300402	299392	298272	296941	295643	293914	291609	289557	: 	: 	: 	: 	: 	: 	: 	: 	: 	: 
NR,T,TOTAL,DEF0A	128647	128842	128703	128304	126865	126643	126721	127212	128028 b	134573	134912	135422	135562	135655	135446	135038	134368	133624	132895	131960	: 	: 	: 	: 	: 	: 	: 	: 	: 	: 
NR,T,TOTAL,DEF0B	272775	273022	272337	270378	268628	268075	268058	268846	269563 b	270626	271393	272488	272591	273039	273130	273133	272681	271643	270110	268220	: 	: 	: 	: 	: 	: 	: 	: 	: 	: 
NR,T,TOTAL,DEF0C	200025	199503	198685	196839	195593	195135	194911	195721	196309 b	198426	198649	199101	199264	199671	199999	199608	199227	198390	197754	196416	: 	: 	: 	: 	: 	: 	: 	: 	: 	: 
NR,T,TOTAL,DEF0D	276032	274025	272235	267503	264972	263202	261988	261141	260488 b	258150	257945	258336	257749	257002	256166	255631	254165	252758	250112	247611	: 	: 	: 	: 	: 	: 	: 	: 	: 	: 
NR,T,TOTAL,DEF0E	131347	131613	131875	131457	130218	130017	130135	130543	131156 b	133370	134090	134664	135834	136470	136978	136996	136913	136548	136027	135798	: 	: 	: 	: 	: 	: 	: 	: 	: 	: 
NR,T,TOTAL,DEF0F	243196	242472	241811	239614	236705	234674	232911	231376	230175 b	228327	227260	226252	225232	224583	223694	221974	221264	219988	217582	215903	: 	: 	: 	: 	: 	: 	: 	: 	: 	: 
NR,T,TOTAL,DEG	2143145	2151205	2158128	2170714	2156759	2160840	2170460	2181603	2195344 b	2249882	2267763	2289219	2311140	2334575	2355280	2373157	2392040	2411387	2431255	2449082	: 	: 	: 	: 	: 	: 	: 	: 	: 	: 
NR,T,TOTAL,DEG0	2143145	2151205	2158128	2170714	2156759	2160840	2170460	2181603	2195344 b	2249882	2267763	2289219	2311140	2334575	2355280	2373157	2392040	2411387	2431255	2449082	: 	: 	: 	: 	: 	: 	: 	: 	: 	: 
NR,T,TOTAL,DEG01	213699	212988	211113	210118	206219	204880	203485	201952	200638 b	203830	203333	202929	202658	202844	202450	201645	199967	200126	200564	201267	: 	: 	: 	: 	: 	: 	: 	: 	: 	: 
NR,T,TOTAL,DEG02	94152	94859	94750	96011	94492	94977	95384	95746	96270 b	99987	100643	101618	102733	103948	105153	106365	108082	109926	112835	114718	: 	: 	: 	: 	: 	: 	: 	: 	: 	: 
NR,T,TOTAL,DEG03	111407	111099	110321	109527	108207	107679	106915	106428	106028 b	104449	103392	102752	102494	102532	102442	102634	100542	101157	99893	99779	: 	: 	: 	: 	: 	: 	: 	: 	: 	: 
NR,T,TOTAL,DEG04	34835	35166	35608	36778	36208	35665	35967	36570	37121 b	39526	40173	41015	41861	42689	43652	44529	45569	46765	48025	49206	: 	: 	: 	: 	: 	: 	: 	: 	: 	: 
NR,T,TOTAL,DEG05	65090	64426	64355	64131	63477	63315	63236	62886	62816 b	65233	64938	64720	64481	64594	64491	64409	64069	63522	62425	62452	: 	: 	: 	: 	: 	: 	: 	: 	: 	: 
NR,T,TOTAL,DEG06	100380	100645	101033	101325	100730	100951	101312	101906	102555 b	106052	106937	107924	108883	109999	110843	111455	112498	113427	114109	114718	: 	: 	: 	: 	: 	: 	: 	: 	: 	: 
NR,T,TOTAL,DEG07	83822	84697	85098	85355	85055	85380	85921	86734	87535 b	90357	91120	91762	92630	93612	94519	95620	96628	97685	98609	99355	: 	: 	: 	: 	: 	: 	: 	: 	: 	: 
NR,T,TOTAL,DEG09	102912	103504	103948	105273	103922	104245	104947	105683	106401 b	109606	110581	111643	112620	113962	115100	116069	117324	118446	119504	120643	: 	: 	: 	: 	: 	: 	: 	: 	: 	: 
NR,T,TOTAL,DEG0A	75009	75818	76685	77110	77148	77656	78618	79464	80443 b	82650	83835	85362	87058	88307	89517	90758	91940	92983	94343	95290	: 	: 	: 	: 	: 	: 	: 	: 	: 	: 
NR,T,TOTAL,DEG0B	122347	122952	123506	124623	125056	125574	126208	127042	128221 b	131312	132780	134262	135805	137267	138642	139637	141055	142488	143702	144546	: 	: 	: 	: 	: 	: 	: 	: 	: 	: 
NR,T,TOTAL,DEG0C	135452	135521	135430	136831	135381	135155	135376	135986	136716 b	138857	140041	141405	142491	143745	144833	145383	146632	147418	148527	149491	: 	: 	: 	: 	: 	: 	: 	: 	: 	: 
NR,T,TOTAL,DEG0D	69655	70027	70118	70600	70537	70833	71005	71544	72060 b	73688	74359	75257	76097	76865	77831	78671	79592	80323	81204	81884	: 	: 	: 	: 	: 	: 	: 	: 	: 	: 
NR,T,TOTAL,DEG0E	63553	63923	64330	64524	64673	65032	65540	66007	66701 b	67816	68596	69425	70210	71022	71521	72000	72769	73246	73839	74167	: 	: 	: 	: 	: 	: 	: 	: 	: 	: 
NR,T,TOTAL,DEG0F	108742	108830	109167	109620	108899	108958	109531	110135	110721 b	112804	113416	114445	115753	117014	118112	119336	120446	121040	121806	122513	: 	: 	: 	: 	: 	: 	: 	: 	: 	: 
NR,T,TOTAL,DEG0G	81947	82131	82316	82127	81641	81704	82016	82458	82837 b	84935	85509	86568	87399	88292	88862	89480	90262	90905	91443	91937	: 	: 	: 	: 	: 	: 	: 	: 	: 	: 
NR,T,TOTAL,DEG0H	56196	56361	56507	56818	56809	57252	57802	58465	59149 b	60560	61315	62384	63122	64005	64983	65683	66562	67175	67833	68423	: 	: 	: 	: 	: 	: 	: 	: 	: 	: 
NR,T,TOTAL,DEG0I	106356	107368	108315	109278	109646	110307	111463	112555	113638 b	118303	119817	121542	123516	125087	126692	127910	129610	131015	132885	134307	: 	: 	: 	: 	: 	: 	: 	: 	: 	: 
NR,T,TOTAL,DEG0J	83051	82990	84525	86184	83966	84001	84282	84677	85207 b	87400	88199	88935	89827	90761	91470	92311	92969	93404	93929	93679	: 	: 	: 	: 	: 	: 	: 	: 	: 	: 
NR,T,TOTAL,DEG0K	80868	81501	82362	82951	82887	83654	84435	85259	86151 b	88632	89825	90910	92093	93281	94501	95376	96607	97568	98592	99651	: 	: 	: 	: 	: 	: 	: 	: 	: 	: 
NR,T,TOTAL,DEG0L	98159	99275	99717	101114	101382	102167	103297	104464	105993 b	109003	110747	112682	114384	116320	118053	119500	121129	122459	123869	125156	: 	: 	: 	: 	: 	: 	: 	: 	: 	: 
NR,T,TOTAL,DEG0M	90118	90650	91607	92344	92705	93605	94749	95829	97203 b	100215	101705	103313	104721	106365	107893	109304	110887	112421	114200	115689	: 	: 	: 	: 	: 	: 	: 	: 	: 	: 
NR,T,TOTAL,DEG0N	42370	42710	42588	42417	41884	41567	41744	41708	41778 b	42847	43051	43308	43626	43727	43915	44081	44306	44242	44442	44499	: 	: 	: 	: 	: 	: 	: 	: 	: 	: 
NR,T,TOTAL,DEG0P	123025	123764	124729	125655	125835	126283	127227	128105	129162 b	131820	133451	135058	136678	138337	139805	141001	142595	143646	144677	145712	: 	: 	: 	: 	: 	: 	: 	: 	: 	: 
NR,T,TOTAL,DK	5806081	5781190	5748769	5707251	5659715	5627235	5602628	5580516	5560628	5534738	5511451	5475791	5447084	5427459	5411405	5397640	5383507	5368354	5349212	5330020	5313577	5294860	5275121	5251027	5215718	5196642	5180614	5162126	5146469	5135409
NR,T,TOTAL,DK0	5806081	5781190	5748769	5707251	5659715	5627235	5602628	5580516	5560628	5534738	5511451	5475791	5447084	5427459	5411405	5397640	5383507	5368354	5349212	5330020	: 	: 	: 	: 	: 	: 	: 	: 	: 	: 
NR,T,TOTAL,DK01	1835562	1822659	1807404	1789174	1768125	1749405	1732068	1714589	1699387	1680271	1662285	1645825	1636749	: 	: 	: 	: 	: 	: 	: 	: 	: 	: 	: 	: 	: 	: 	: 	: 	: 
NR,T,TOTAL,DK011	784618	775033	764816	752964	739977	728243	716958	704108	692876	678873	667228	656582	648889	: 	: 	: 	: 	: 	: 	: 	: 	: 	: 	: 	: 	: 	: 	: 	: 	: 
NR,T,TOTAL,DK012	547534	546059	542601	539241	535355	530612	525393	520784	516751	512692	508183	504481	503407	: 	: 	: 	: 	: 	: 	: 	: 	: 	: 	: 	: 	: 	: 	: 	: 	: 
NR,T,TOTAL,DK013	463748	461852	460214	457122	452874	450245	448910	448291	447864	446451	444215	441849	441318	: 	: 	: 	: 	: 	: 	: 	: 	: 	: 	: 	: 	: 	: 	: 	: 	: 
NR,T,TOTAL,DK014	39662	39715	39773	39847	39919	40305	40807	41406	41896	42255	42659	42913	43135	: 	: 	: 	: 	: 	: 	: 	: 	: 	: 	: 	: 	: 	: 	: 	: 	: 
NR,T,TOTAL,DK02	836738	835024	832553	827499	820480	816726	816359	817907	819763	820564	821252	819427	816118	: 	: 	: 	: 	: 	: 	: 	: 	: 	: 	: 	: 	: 	: 	: 	: 	: 
NR,T,TOTAL,DK021	249359	247774	246594	244698	241870	239016	237351	236429	235519	234574	233605	232459	232200	: 	: 	: 	: 	: 	: 	: 	: 	: 	: 	: 	: 	: 	: 	: 	: 	: 
NR,T,TOTAL,DK022	587379	587250	585959	582801	578610	577710	579008	581478	584244	585990	587647	586968	583918	: 	: 	: 	: 	: 	: 	: 	: 	: 	: 	: 	: 	: 	: 	: 	: 	: 
NR,T,TOTAL,DK03	1223348	1220763	1217224	1211770	1205728	1202509	1201419	1201342	1200656	1200277	1199667	1194659	1189817	: 	: 	: 	: 	: 	: 	: 	: 	: 	: 	: 	: 	: 	: 	: 	: 	: 
NR,T,TOTAL,DK031	498481	496243	494049	491474	488578	486709	485672	485190	484969	484862	484346	482410	480616	: 	: 	: 	: 	: 	: 	: 	: 	: 	: 	: 	: 	: 	: 	: 	: 	: 
NR,T,TOTAL,DK032	724867	724520	723175	720296	717150	715800	715747	716152	715687	715415	715321	712249	709201	: 	: 	: 	: 	: 	: 	: 	: 	: 	: 	: 	: 	: 	: 	: 	: 	: 
NR,T,TOTAL,DK04	1320678	1313596	1304253	1293309	1282750	1277538	1272510	1266682	1260993	1253998	1247732	1237041	1227428	: 	: 	: 	: 	: 	: 	: 	: 	: 	: 	: 	: 	: 	: 	: 	: 	: 
NR,T,TOTAL,DK041	430111	430232	429169	427479	425720	425769	426539	426972	426880	427075	427174	424668	422550	: 	: 	: 	: 	: 	: 	: 	: 	: 	: 	: 	: 	: 	: 	: 	: 	: 
NR,T,TOTAL,DK042	890567	883364	875084	865830	857030	851769	845971	839710	834113	826923	820558	812373	804878	: 	: 	: 	: 	: 	: 	: 	: 	: 	: 	: 	: 	: 	: 	: 	: 	: 
NR,T,TOTAL,DK05	589755	589148	587335	585499	582632	581057	580272	579996	579829	579628	580515	578839	576972	: 	: 	: 	: 	: 	: 	: 	: 	: 	: 	: 	: 	: 	: 	: 	: 	: 
NR,T,TOTAL,DK050	589755	589148	587335	585499	582632	581057	580272	579996	579829	579628	580515	578839	576972	: 	: 	: 	: 	: 	: 	: 	: 	: 	: 	: 	: 	: 	: 	: 	: 	: 
NR,T,TOTAL,EE	1324820	1319133	1315635	1315944	1314870 b	1315819	1320174	1325217	1329660	1333290	1335740	1338440	1342920	1350700	1358850	1366250	1375190	1383510	1392720	1401250	1379237	1393074	1405996	1425192	1448075	1476952	1511303	1554878	1567749	1570599
NR,T,TOTAL,EE0	1324820	1319133	1315635	1315944	1314870 b	1315819	1320174	1325217	1329660	1333290	1335740	1338440	1342920	1350700	1358850	1366250	1375190	1383510	1392720	1401250	: 	: 	: 	: 	: 	: 	: 	: 	: 	: 
NR,T,TOTAL,EE00	1324820	1319133	1315635	1315944	1314870 b	1315819	1320174	1325217	1329660	1333290	1335740	1338440	1342920	1350700	1358850	1366250	1375190	1383510	1392720	1401250	: 	: 	: 	: 	: 	: 	: 	: 	: 	: 
NR,T,TOTAL,EE001	599478	590981	583728	577839	570379 b	572103	567967	566741	562230	556650	552060	547840	544170	542030	540730	536830	533820	532800	533710	536470	: 	: 	: 	: 	: 	: 	: 	: 	: 	: 
NR,T,TOTAL,EE004	148940	149020	149478	150406	151574 b	147497	148752	149577	151330	153230	154440	155600	156850	158370	159740	161700	163890	165670	167340	168480	: 	: 	: 	: 	: 	: 	: 	: 	: 	: 
NR,T,TOTAL,EE006	122922	123751	123319	124324	125695 b	124684	126500	127861	129780	131790	133300	134660	136310	138080	139880	142260	144440	146030	147120	147900	: 	: 	: 	: 	: 	: 	: 	: 	: 	: 
NR,T,TOTAL,EE007	136240	138266	143880	146506	148643 b	149483	151909	153716	156110	158800	160840	163050	165540	167970	170090	172450	175020	178210	181510	183850	: 	: 	: 	: 	: 	: 	: 	: 	: 	: 
NR,T,TOTAL,EE008	317240	317115	315230	316869	318579 b	322052	325046	327322	330210	332820	335100	337290	340050	344250	348410	353010	358020	360800	363040	364550	: 	: 	: 	: 	: 	: 	: 	: 	: 	: 
NR,T,TOTAL,EFTA	14268108	14166313	14054026	13907998	13770625	13610401	13449030	13296582	13145040 b	12997529	12856065	12681480	12532713	12434143	12349642	12266469	12188439	12099819	12023715	11954416	11876593	11817765	11775077	11731192	11665036	11588759	11499380	11405515	11291916	11189203
NR,T,TOTAL,EL	10724599	10741165	10768193	10783748	10858018	10926807	11003615	11086406	11123392	11119289	11094745	11060937	11036008	11004716	10969912	10940369	10915770	10888274	10835989	10775627	10747768	10693250	10629267	10588332	10535973	10489871	10430958	10367163	10272691	10120892
NR,T,TOTAL,EL3	3742235	3756453	3773559	3781274	3822843	3863763	3912849	3963887	3992912	4002871	3999457	3990727	3982602	3971441	3952793	3935254	3916875	3894259	3895899	3871527	3857302	3831464	3802708	3782407	3755616	3730628	3700526	3665865	3612748	3533023
NR,T,TOTAL,EL30	3742235	3756453	3773559	3781274	3822843	3863763	3912849	3963887	3992912	4002871	3999457	3990727	3982602	3971441	3952793	3935254	3916875	3894259	3895899	3871527	3857302	3831464	3802708	3782407	3755616	3730628	3700526	3665865	3612748	3533023
NR,T,TOTAL,EL301	576111	581584	586621	592202	597795	602876	608734	614724	617596	617820	615895	613000	610082	606545	601740	596957	591910	586065	583217	576752	571647	564707	557230	550871	543485	536208	528108	519203	507656	: 
NR,T,TOTAL,EL302	483712	483780	484628	479529	486106	492176	499122	506279	510883	511949	511296	509984	508831	507426	505177	503233	501311	498942	497776	495298	494229	491801	489183	487832	485831	484098	481843	478893	473703	: 
NR,T,TOTAL,EL303	917960	918834	924917	940178	962017	986272	1017644	1050341	1073971	1090838	1104107	1115832	1127416	1137812	1145768	1153640	1160953	1166820	1184667	1189631	1197439	1201232	1203603	1208182	1210159	1212574	1212876	1211705	1203775	: 
NR,T,TOTAL,EL304	522340	527305	531739	529612	534732	539228	544310	549519	552403	554701	555055	554526	553947	552793	550466	548143	545571	542274	542265	538390	535799	531479	526633	522839	518046	513376	507901	501668	492829	: 
NR,T,TOTAL,EL305	566719	564457	561097	553186	549362	544962	538764	532182	523999	511228	496949	482359	468285	454331	439972	426251	412887	399501	387311	374700	363487	351622	339996	329603	319115	309187	299299	289439	278674	: 
NR,T,TOTAL,EL306	180485	179863	178703	176551	175271	173914	172097	170391	168045	167133	165562	163719	161912	160015	157818	155707	153571	151231	148475	146050	144004	141549	139018	136815	134396	131973	129360	126501	123024	: 
NR,T,TOTAL,EL307	494908	500630	505854	510016	517560	524335	532178	540451	546015	549202	550593	551307	552129	552519	551852	551323	550672	549426	552188	550706	550697	549074	547045	546265	544584	543212	541139	538456	533087	: 
NR,T,TOTAL,EL4	1200055	1185513	1174757	1163257	1164073	1164272	1164215	1164738	1161958	1155944	1149649	1141344	1134650	1128581	1121465	1114399	1109833	1105097	1087658	1078457	1071911	1064508	1055401	1046120	1035501	1027223	1019007	1010932	996348	973960
NR,T,TOTAL,EL41	221098	211137	203700	196654	197695	198581	199478	200591	200831	200179	199517	198675	198191	199187	199177	199160	199375	199375	196774	196904	197415	198142	198782	199086	198878	199226	200088	201249	202907	191923
NR,T,TOTAL,EL411	114805	108575	106184	101397	102007	102528	103234	104008	104277	104189	104173	103977	103991	104073	103648	103518	103653	103745	102899	102837	102864	103329	103950	104174	104144	104295	104681	105842	106959	: 
NR,T,TOTAL,EL412	48238	46222	43523	42058	42356	42633	42813	43117	43192	42884	42551	42226	41959	42378	42578	42560	42489	42315	41423	41525	41843	42221	42299	42348	42231	42298	42452	42456	42813	: 
NR,T,TOTAL,EL413	58055	56340	53993	53199	53332	53420	53431	53466	53362	53106	52793	52472	52241	52736	52951	53082	53233	53315	52452	52542	52708	52592	52533	52564	52503	52633	52955	52951	53135	: 
NR,T,TOTAL,EL42	344027	340870	338383	334791	334865	334802	334652	334780	333983	332652	331815	329525	327471	324712	321798	318813	317315	315878	311212	305954	301961	297434	292262	286632	280421	275888	270920	265804	254971	249156
NR,T,TOTAL,EL421	217241	214013	211425	207746	207659	207434	207348	207367	206698	206328	206641	205642	204598	202759	200432	197927	196799	195604	193149	191153	189690	186799	183402	179825	175904	173425	170507	167450	161699	: 
NR,T,TOTAL,EL422	126786	126857	126958	127045	127206	127368	127304	127413	127285	126324	125174	123883	122873	121953	121366	120886	120516	120274	118063	114801	112271	110635	108860	106807	104517	102463	100413	98354	93272	: 
NR,T,TOTAL,EL43	634930	633506	632674	631812	631513	630889	630085	629367	627144	623113	618317	613144	608988	604682	600490	596426	593143	589844	579672	575599	572535	568932	564357	560402	556202	552109	547999	543879	538470	532881
NR,T,TOTAL,EL431	313766	312514	311640	311096	310784	310361	309743	309131	307717	305833	303484	301083	299140	297286	295371	293742	292471	291398	286042	284118	282576	280704	278561	276836	275114	273112	271259	269137	266442	: 
NR,T,TOTAL,EL432	74006	74210	74463	74691	74994	75189	75417	75666	75844	75708	75596	75310	75194	74968	74964	74920	74988	74934	72458	72488	72632	72648	72396	72141	71880	71649	71290	70975	70769	: 
NR,T,TOTAL,EL433	87582	87510	87482	87260	87150	86997	86829	86684	86284	85449	84508	83465	82666	81774	80979	80129	79385	78679	76582	75552	74719	73938	73147	72433	71631	70934	70301	69690	69024	: 
NR,T,TOTAL,EL434	159576	159272	159089	158765	158585	158342	158096	157886	157299	156123	154729	153286	151988	150654	149176	147635	146299	144833	144590	143441	142608	141642	140253	138992	137577	136414	135149	134077	132235	: 
NR,T,TOTAL,EL5	3074204	3080730	3089659	3098520	3115933	3131326	3147178	3164162	3169412	3164428	3154458	3142421	3132848	3120409	3107860	3096001	3084854	3071673	3056832	3035844	3029190	3011571	2990427	2979124	2964367	2951444	2934735	2919145	2909430	: 
NR,T,TOTAL,EL51	599723	601175	602799	604504	606490	608214	610102	612074	611573	610112	608639	605411	602965	600034	597258	594512	592085	589489	584283	582750	582635	581443	579075	579792	576350	574716	573890	573249	572736	: 
NR,T,TOTAL,EL511	147190	147488	147709	147796	147915	147974	147907	147996	147283	147231	147837	147119	146507	145895	145383	144884	144560	144134	144402	144643	145195	145538	145407	146556	145078	145040	145050	145204	145297	: 
NR,T,TOTAL,EL512	111631	111885	112112	112275	112532	112635	112770	112870	112534	111854	110939	110001	109224	108294	107300	106219	105221	104099	103258	102334	101482	100452	99139	97997	96714	95458	94229	93199	92125	: 
NR,T,TOTAL,EL513	110666	111193	111731	112088	112325	112697	112956	113244	113082	112526	111729	110913	110192	109420	108595	107800	106996	106252	103572	103834	104301	104623	104591	104659	104517	104470	104499	104431	104378	: 
NR,T,TOTAL,EL514	96845	96760	96836	97041	97466	97758	98129	98571	98690	98460	98167	97696	97460	97005	96778	96556	96442	96234	95780	95612	95792	95672	95421	95523	95608	95808	95769	95785	95479	: 
NR,T,TOTAL,EL515	133391	133849	134411	135304	136252	137150	138340	139393	139984	140041	139967	139682	139582	139420	139202	139053	138866	138770	137271	136327	135865	135158	134517	135057	134433	133940	134343	134630	135457	: 
NR,T,TOTAL,EL52	1873777	1875996	1880122	1883339	1893878	1903360	1912624	1922590	1925437	1921906	1913980	1905904	1899242	1890244	1880517	1871566	1862475	1852039	1846753	1828425	1820514	1804842	1787395	1775368	1763273	1752491	1737962	1725005	1716604	: 
NR,T,TOTAL,EL521	141585	141403	141517	141436	142063	142559	142898	143302	143287	142835	142044	141289	140622	139769	139248	138761	138295	137751	137967	137824	138237	138203	137885	138261	138672	138985	138898	138563	138926	: 
NR,T,TOTAL,EL522	1104690	1105663	1108085	1109969	1117094	1123676	1130229	1137093	1139647	1138290	1133889	1128970	1124921	1118880	1111060	1103632	1095721	1087329	1085121	1068709	1060207	1046893	1032964	1021806	1010972	1001366	989328	979308	974833	: 
NR,T,TOTAL,EL523	80475	80576	80762	80173	80616	81017	81397	81759	81770	81340	80756	80954	80947	80915	80906	80793	80726	80016	78454	78482	78681	78601	78273	78054	77778	77646	77543	77431	77157	: 
NR,T,TOTAL,EL524	137181	137872	138583	139105	139818	140495	141193	141894	142285	142344	142102	141790	141412	141175	140999	140864	140779	140526	139762	139562	139788	139646	139287	139258	139104	138995	138571	138179	137511	: 
NR,T,TOTAL,EL525	131879	131650	131388	131309	131041	130729	130272	129819	128958	127710	126360	124887	123770	122536	121348	120421	119533	118610	118036	117732	117929	117488	116811	116583	116387	116093	115454	114714	113625	: 
NR,T,TOTAL,EL526	167374	168245	169242	170929	172909	174686	176604	178866	180267	181033	181287	181367	181655	181760	182078	182487	182954	183282	184188	185056	186410	186422	186185	186547	186638	186897	186962	186899	187465	: 
NR,T,TOTAL,EL527	110593	110587	110545	110418	110337	110198	110031	109857	109223	108354	107542	106647	105915	105209	104878	104608	104467	104525	103225	101060	99262	97589	95990	94859	93722	92509	91206	89911	87087	: 
NR,T,TOTAL,EL53	267008	269222	271488	273843	276423	278706	281324	284061	285899	286450	286672	286696	286855	287215	287631	287800	288125	287813	286007	287156	288888	289817	290252	291160	291394	291857	291794	291812	290700	: 
NR,T,TOTAL,EL531	170821	172181	173569	175126	176826	178355	180111	181960	183178	183642	184061	184349	184787	185152	185716	186287	186975	187738	186622	186510	186843	186844	186642	186851	186750	186655	186276	185915	184284	: 
NR,T,TOTAL,EL532	46668	47163	47723	48244	48798	49293	49844	50380	50815	51041	51125	51227	51324	51322	51286	51231	51160	50898	50537	51144	51870	52307	52617	52966	53114	53342	53525	53688	53671	: 
NR,T,TOTAL,EL533	49519	49878	50196	50473	50799	51058	51369	51721	51906	51767	51486	51120	50744	50741	50629	50282	49990	49177	48848	49502	50175	50666	50993	51343	51530	51860	51993	52209	52745	: 
NR,T,TOTAL,EL54	333696	334337	335250	336834	339142	341046	343128	345437	346503	345960	345167	344410	343786	342916	342454	342123	342169	342332	339789	337513	337153	335469	333705	332804	333350	332380	331089	329079	329390	: 
NR,T,TOTAL,EL541	120936	121797	122687	123529	124766	125827	127001	128284	129141	129346	129512	129664	129876	130030	130581	131259	131931	132770	131031	130988	131544	131327	131288	131546	131681	132299	132349	132931	133667	: 
NR,T,TOTAL,EL542	45064	45133	45131	45136	45136	44983	44884	44839	44687	44300	43925	43539	43217	42946	42744	42521	42417	42313	42272	41934	42250	42449	41985	42040	42195	41810	41836	40602	42080	: 
NR,T,TOTAL,EL543	167696	167407	167432	168169	169240	170236	171243	172314	172675	172314	171730	171207	170693	169940	169129	168343	167821	167249	166486	164591	163359	161693	160432	159218	159474	158271	156904	155546	153643	: 
NR,T,TOTAL,EL6	2708105	2718469	2730218	2740697	2755169	2767446	2779373	2793619	2799110	2796046	2791181	2786445	2785908	2784285	2787794	2794715	2804208	2817245	2795600	2789799	2789365	2785707	2780731	2780681	2780489	2780576	2776690	2771221	2754165	: 
NR,T,TOTAL,EL61	718640	722065	725874	729442	733663	737686	741593	745839	747690	746976	745569	743919	743210	741765	741599	742574	743648	745339	739503	739421	740603	740666	740286	740541	740298	740145	739239	737897	734763	: 
NR,T,TOTAL,EL611	234445	236380	238594	240420	242306	244145	246022	248306	249762	249921	249894	249734	250007	250100	250971	252276	253728	255215	251411	253109	255118	256677	258125	259638	260784	261954	262837	263489	263663	: 
NR,T,TOTAL,EL612	281033	281713	282542	283727	285446	287055	288482	289799	290289	290276	289712	289123	288709	287994	287498	287314	287169	287186	286422	285077	284348	283159	281885	280946	279856	278679	277236	275767	273599	: 
NR,T,TOTAL,EL613	203162	203972	204738	205295	205911	206486	207089	207734	207639	206779	205963	205062	204494	203671	203130	202984	202751	202938	201670	201235	201137	200830	200276	199957	199658	199512	199166	198641	197501	: 
NR,T,TOTAL,EL62	203869	204562	205431	206141	207059	207664	208241	209131	209221	208675	208161	207508	207149	206703	206688	206877	207415	208075	205299	203658	202741	201027	199106	198097	196987	196482	195196	193943	189847	: 
NR,T,TOTAL,EL621	39737	39806	39938	40070	40283	40401	40573	40826	40950	40937	40855	40685	40599	40392	40231	40050	39971	39794	39633	39003	38419	37703	36990	36348	35673	35070	34418	33826	32499	: 
NR,T,TOTAL,EL622	101569	102052	102613	103066	103630	104085	104546	105109	105234	105155	105185	105164	105169	105257	105445	105790	106172	106638	105794	105452	105728	105470	105149	105417	105744	106076	105786	105496	103852	: 
NR,T,TOTAL,EL623	38718	38807	38945	39038	39150	39175	39173	39221	39200	38901	38603	38272	38059	37813	37688	37603	37626	37716	36366	35915	35451	35009	34439	34086	33487	33265	33051	32860	32410	: 
NR,T,TOTAL,EL624	23845	23897	23935	23967	23996	24003	23949	23975	23837	23682	23518	23387	23322	23241	23324	23434	23646	23927	23506	23288	23143	22845	22528	22246	22083	22071	21941	21761	21086	: 
NR,T,TOTAL,EL63	655189	659470	663970	668258	673263	677727	682583	687935	690904	692269	692990	693549	694901	696051	697975	700215	703115	706346	706491	707200	708256	709273	708263	708251	708189	707666	705916	703526	699166	: 
NR,T,TOTAL,EL631	200617	202288	204159	205901	207674	209335	211090	212961	214270	214810	215037	215247	215664	215850	216479	217203	218094	218881	220276	221229	222776	223692	224318	225151	225934	226486	226659	226709	226062	: 
NR,T,TOTAL,EL632	298996	301145	303224	305183	307412	309389	311511	313940	315165	315837	316121	316409	317034	317595	317933	318384	319173	320180	319748	318631	317007	316018	313442	311578	309940	308011	305296	302120	297844	: 
NR,T,TOTAL,EL633	155576	156037	156587	157174	158177	159003	159982	161034	161469	161622	161832	161893	162203	162606	163563	164628	165848	167285	166467	167340	168473	169563	170503	171522	172315	173169	173961	174697	175260	: 
NR,T,TOTAL,EL64	555960	555623	555761	555830	557753	559214	560093	561670	561693	559655	557291	555577	555149	554659	555282	556835	559105	562848	556263	553882	553155	551830	550474	551316	552208	553172	553594	553910	552070	: 
NR,T,TOTAL,EL641	122256	121493	121004	120432	120533	120524	120553	120647	120402	119807	119184	118533	118285	117904	117892	118098	118430	119143	119133	119403	120096	120478	120271	120913	121722	122767	123580	124547	126448	: 
NR,T,TOTAL,EL642	213067	212828	212764	213046	214123	215045	215718	216670	217067	216571	215907	215410	215433	215291	215611	216263	217109	218267	217456	215064	213457	211740	210288	209617	208974	208266	207627	206807	203669	: 
NR,T,TOTAL,EL643	18814	19050	19285	19504	19714	19917	20170	20442	20637	20622	20531	20445	20359	20193	20197	20083	19983	19856	19744	19847	19952	20041	20115	20215	20240	20320	20391	20478	20526	: 
NR,T,TOTAL,EL644	159387	159798	160278	160530	161230	161781	162041	162525	162537	162078	161531	161376	161422	161718	161798	162153	162671	163628	160682	160783	161221	161363	161758	162487	163156	163816	164187	164499	164411	: 
NR,T,TOTAL,EL645	42436	42454	42430	42318	42153	41947	41611	41386	41050	40577	40138	39813	39650	39553	39784	40238	40912	41954	39248	38785	38429	38208	38042	38084	38116	38003	37809	37579	37016	: 
NR,T,TOTAL,EL65	574447	576749	579182	581026	583431	585155	586863	589044	589602	588471	587170	585892	585499	585107	586250	588214	590925	594637	588044	585638	584610	582911	582602	582476	582807	583111	582745	581945	578319	: 
NR,T,TOTAL,EL651	178244	179378	180508	181682	182879	184021	185361	186786	187578	187865	188045	188293	188640	188824	189503	190300	191241	192276	187360	186924	186702	186701	187830	188101	189073	190070	190953	191751	192251	: 
NR,T,TOTAL,EL652	147739	148187	148540	148645	148824	148786	148604	148549	148193	147474	146583	145719	145283	144923	145034	145415	145936	146790	143740	141958	140799	139517	138437	137825	137335	136663	135692	134503	132774	: 
NR,T,TOTAL,EL653	248464	249184	250134	250699	251728	252348	252898	253709	253831	253132	252542	251880	251576	251360	251713	252499	253748	255571	256944	256756	257109	256693	256335	256550	256399	256378	256100	255691	253294	: 
NR,T,TOTAL,ES	46937060	46658447	46528024	46440099	46449565	46512199	46727890	46818219	46667174	46486619	46239273	45668939	44784666	44009971	43296338	42547451	41827838	41035278	40665545	40470182	40303568	40143449	39971329	39808374	39639726	39458489	39264034	39051336	38881416	38853227
NR,T,TOTAL,ES1	4304287	4312067	4326008	4343531	4369890	4393883	4419822	4438607	4440147	4438080	4428402	4403112	4374557	4354637	4338130	4322012	4309136	4295881	4297107	4304175	4313116	4321020	4328195	4336670	4344299	4349164	4352051	4353277	4358682	4381920
NR,T,TOTAL,ES11	2700441	2703149	2710216	2720102	2734656	2747226	2761989	2771916	2773411	2772466	2767469	2754766	2741074	2730107	2720689	2711586	2705159	2696809	2698025	2702471	2707901	2712444	2717003	2722355	2727113	2730117	2731249	2731875	2735558	2751383
NR,T,TOTAL,ES111	1122006	1121417	1121771	1124114	1128694	1133330	1138499	1141178	1140071	1138110	1135281	1128598	1121341	1115415	1109964	1104703	1100951	1096076	1095881	1096111	1097014	1097304	1097600	1098598	1099299	1099499	1098871	1098032	1097943	1100923
NR,T,TOTAL,ES112	329587	331492	333610	336136	338921	341822	344853	347630	349523	351000	352326	352638	352245	352620	353357	354343	355698	357301	359818	362565	365543	368221	370966	373816	376501	378744	380684	382791	385194	388367
NR,T,TOTAL,ES113	307841	309314	311578	314663	318739	321801	325393	328184	330017	331648	332164	332807	333543	334131	335066	336021	337307	338161	339681	341375	343136	344868	346490	348107	349605	350804	351817	352832	355065	363645
NR,T,TOTAL,ES114	941007	940926	943257	945189	948302	950273	953244	954924	953800	951708	947698	940723	933945	927941	922302	916519	911203	905271	902645	902420	902208	902051	901947	901834	901708	901070	899877	898220	897356	898448
NR,T,TOTAL,ES12	1022205	1027624	1034302	1040925	1049875	1058975	1067797	1074308	1075869	1077102	1076276	1071079	1065287	1063488	1062753	1062412	1062326	1062786	1064851	1068287	1072219	1076012	1079198	1082714	1086001	1088497	1091116	1092874	1095557	1102849
NR,T,TOTAL,ES120	1022205	1027624	1034302	1040925	1049875	1058975	1067797	1074308	1075869	1077102	1076276	1071079	1065287	1063488	1062753	1062412	1062326	1062786	1064851	1068287	1072219	1076012	1079198	1082714	1086001	1088497	1091116	1092874	1095557	1102849
NR,T,TOTAL,ES13	581641	581294	581490	582504	585359	587682	590036	592383	590867	588512	584657	577267	568196	561042	554688	548014	541651	536286	534231	533417	532996	532564	531994	531601	531185	530550	529686	528528	527567	527688
NR,T,TOTAL,ES130	581641	581294	581490	582504	585359	587682	590036	592383	590867	588512	584657	577267	568196	561042	554688	548014	541651	536286	534231	533417	532996	532564	531994	531601	531185	530550	529686	528528	527567	527688
NR,T,TOTAL,ES2	4461983	4440753	4436372	4432933	4441474	4450140	4472917	4489468	4485479	4476659	4463939	4417748	4347797	4296092	4252747	4208305	4170715	4128238	4112359	4106942	4104176	4101909	4098423	4096039	4093995	4090342	4086361	4080396	4079052	4092834
NR,T,TOTAL,ES21	2177880	2170868	2167323	2164066	2165100	2167166	2177006	2184696	2183136	2179521	2174077	2159415	2142602	2127689	2115260	2103103	2092644	2082896	2082971	2084535	2086864	2089757	2091894	2094857	2097947	2100382	2102202	2103318	2106405	2116888
NR,T,TOTAL,ES211	327682	325739	323818	321804	320663	319895	319926	320564	319847	317733	315284	310940	306482	302491	298832	294301	290747	286646	285198	283795	282637	281403	280128	278897	277795	276638	275212	273726	272499	272041
NR,T,TOTAL,ES212	713007	710281	708991	707892	707316	706986	708201	708422	707256	705974	704166	699395	693436	688423	684264	680750	676777	673592	673328	673296	673606	674135	674324	674868	675295	675783	676075	676263	677245	680881
NR,T,TOTAL,ES213	1137191	1134848	1134514	1134370	1137121	1140285	1148879	1155710	1156033	1155814	1154627	1149080	1142684	1136775	1132164	1128052	1125120	1122658	1124445	1127444	1130621	1134219	1137442	1141092	1144857	1147961	1150915	1153329	1156661	1163966
NR,T,TOTAL,ES22	649946	643866	640353	637486	636402	636450	638948	640014	637100	633023	627286	616710	602835	592137	584365	576346	567892	557456	552060	548379	544948	541557	538100	534844	531732	528520	525349	522071	519500	519631
NR,T,TOTAL,ES220	649946	643866	640353	637486	636402	636450	638948	640014	637100	633023	627286	616710	602835	592137	584365	576346	567892	557456	552060	548379	544948	541557	538100	534844	531732	528520	525349	522071	519500	519631
NR,T,TOTAL,ES23	313571	312884	312624	312810	313569	315223	318647	320951	320858	319934	319788	316197	308117	302703	298045	291082	284607	277989	275313	273828	272665	271423	270184	269078	268055	266807	265665	264477	263376	263021
NR,T,TOTAL,ES230	313571	312884	312624	312810	313569	315223	318647	320951	320858	319934	319788	316197	308117	302703	298045	291082	284607	277989	275313	273828	272665	271423	270184	269078	268055	266807	265665	264477	263376	263021
NR,T,TOTAL,ES24	1320586	1313135	1316072	1318571	1326403	1331301	1338316	1343807	1344385	1344181	1342788	1325426	1294243	1273563	1255077	1237774	1225572	1209897	1202015	1200200	1199699	1199172	1198245	1197260	1196261	1194633	1193145	1190530	1189771	1193294
NR,T,TOTAL,ES241	219239	219174	219677	220588	222084	223358	224697	225833	226597	226785	226772	224405	220095	217243	214544	211734	209450	206700	206479	206587	206937	207220	207472	207809	208034	208097	208176	207926	208060	209082
NR,T,TOTAL,ES242	133298	133850	134877	136043	137715	139390	141115	142920	144355	145109	146137	145702	143616	141279	139828	138386	137493	135724	136400	137086	138016	138906	139756	140505	141317	141975	142617	143178	143963	145071
NR,T,TOTAL,ES243	968049	960111	961518	961940	966604	968553	972504	975054	973433	972287	969879	955319	930532	915041	900705	887654	878629	867473	859136	856527	854746	853046	851017	848946	846910	844561	842352	839426	837748	839141
NR,T,TOTAL,ES3	6641649	6549520	6476838	6424275	6385298	6378297	6414620	6425522	6394252	6373546	6327559	6226185	6075013	5953546	5866219	5766554	5638804	5478611	5379087	5329606	5284618	5242444	5198753	5157603	5116658	5074384	5030383	4984663	4947735	4937156
NR,T,TOTAL,ES30	6641649	6549520	6476838	6424275	6385298	6378297	6414620	6425522	6394252	6373546	6327559	6226185	6075013	5953546	5866219	5766554	5638804	5478611	5379087	5329606	5284618	5242444	5198753	5157603	5116658	5074384	5030383	4984663	4947735	4937156
NR,T,TOTAL,ES300	6641649	6549520	6476838	6424275	6385298	6378297	6414620	6425522	6394252	6373546	6327559	6226185	6075013	5953546	5866219	5766554	5638804	5478611	5379087	5329606	5284618	5242444	5198753	5157603	5116658	5074384	5030383	4984663	4947735	4937156
NR,T,TOTAL,ES4	5508034	5521604	5554453	5588323	5632469	5667307	5713936	5747956	5746664	5731479	5710293	5663215	5567286	5487080	5426910	5369049	5321117	5276021	5274492	5275355	5279038	5282770	5282994	5284410	5284029	5281661	5278415	5272242	5270620	5285311
NR,T,TOTAL,ES41	2407733	2418556	2435951	2454454	2478079	2495689	2518560	2537685	2545301	2547401	2549172	2541720	2514206	2494698	2482797	2471132	2463616	2454754	2463479	2472869	2483618	2494206	2502823	2512008	2520690	2528348	2535358	2541467	2548508	2559546
NR,T,TOTAL,ES411	159260	160032	161757	163650	165741	167331	169462	171365	172776	173371	173817	173293	170208	167953	166158	164656	163545	163191	164465	165615	166790	168108	169195	170224	171183	172131	172921	173776	174732	176093
NR,T,TOTAL,ES412	355429	356080	357627	359872	362913	365296	368703	372192	373245	374009	374813	372563	365307	360700	357693	354226	352082	349279	349104	349386	349933	350549	350988	351479	352065	352377	352605	352680	353243	355311
NR,T,TOTAL,ES413	462496	466108	470342	474896	480331	484532	489247	492827	494216	494830	495042	493934	491131	488534	487438	487072	487393	487510	491873	495743	499736	503601	507024	510673	514191	517603	520815	523702	526204	527374
NR,T,TOTAL,ES414	160701	161795	163014	164249	165806	167301	168757	170305	171298	171891	172668	172703	172564	172446	172384	172694	173244	173727	175092	176371	177624	178920	179970	181026	182018	182882	183939	184787	185627	186491
NR,T,TOTAL,ES415	332234	333649	336102	338553	342001	344395	347246	349621	350817	350904	351009	349846	347712	346303	346307	345719	345560	345098	346494	347751	349317	350851	352106	353495	354644	355639	356520	357220	358170	360031
NR,T,TOTAL,ES416	154095	154387	155311	156359	157938	159127	161379	162938	163430	163171	163367	163089	159147	156275	154211	151736	149643	147626	147613	147623	147768	147823	147751	147700	147637	147580	147495	147384	147304	147859
NR,T,TOTAL,ES417	89501	89738	90016	90745	91780	92630	93582	94472	94905	94981	94737	94468	93425	92738	92265	91781	91122	90351	90898	91270	91713	92103	92502	92926	93289	93618	93925	94275	94703	95478
NR,T,TOTAL,ES418	520385	520836	523216	524819	527395	528676	531138	532649	531887	530499	528795	525649	518851	513753	509999	506390	503346	499630	497627	497333	497221	497307	497004	496808	496617	496134	495570	494865	494418	494805
NR,T,TOTAL,ES419	173632	175931	178566	181311	184174	186401	189046	191316	192727	193745	194924	196175	195861	195996	196342	196858	197681	198342	200313	201777	203516	204944	206283	207677	209046	210384	211568	212778	214107	216104
NR,T,TOTAL,ES42	2034877	2032595	2040977	2048900	2062767	2075197	2094406	2105935	2099064	2084468	2066428	2031840	1971208	1917445	1874017	1833543	1797150	1763477	1752002	1742456	1733813	1725584	1716289	1707702	1698263	1688537	1678672	1667663	1659371	1660507
NR,T,TOTAL,ES421	389528	390337	391580	392958	394928	396684	399513	401579	400846	399445	397885	394526	389126	383457	379279	374711	370387	365532	363038	361210	359296	357538	355497	353525	351295	349083	347060	344655	342820	342765
NR,T,TOTAL,ES422	495106	498549	504125	508409	514143	518051	522752	526292	526171	525454	523971	519760	509226	500922	494024	488060	483315	479143	478993	479077	479467	479722	479496	479413	478996	478296	477519	476375	475825	476600
NR,T,TOTAL,ES423	199628	200596	202045	204000	206594	208663	211798	214752	216370	216608	216438	214904	211117	208119	205791	203138	201190	199657	200699	201141	201715	202335	202868	203439	203960	204540	204878	205047	205482	206574
NR,T,TOTAL,ES424	258890	256029	255336	254280	254558	255240	257104	257732	254660	250526	245399	237363	225046	213164	202528	193135	183883	175767	172325	169171	166250	163532	160754	158084	155407	152866	150334	147693	145632	145707
NR,T,TOTAL,ES425	691725	687084	687891	689253	692544	696559	703239	705580	701017	692435	682735	665287	636693	611783	592395	574499	558375	543378	536947	531857	527085	522457	517674	513241	508605	503752	498881	493893	489612	488861
NR,T,TOTAL,ES43	1065424	1070453	1077525	1084969	1091623	1096421	1100970	1104336	1102299	1099610	1094693	1089655	1081872	1074937	1070096	1064374	1060351	1057790	1059011	1060030	1061607	1062980	1063882	1064700	1065076	1064776	1064385	1063112	1062741	1065258
NR,T,TOTAL,ES431	672493	674925	678483	682572	686092	688647	690893	691832	689902	687744	684390	680677	674170	668518	664411	659637	656226	655020	654563	654684	655000	655270	655173	655090	654699	653910	653084	651683	650773	651354
NR,T,TOTAL,ES432	392931	395528	399042	402397	405531	407774	410077	412504	412397	411866	410303	408978	407702	406419	405685	404737	404125	402770	404448	405346	406607	407710	408709	409610	410377	410866	411301	411429	411968	413904
NR,T,TOTAL,ES5	13729620	13601874	13527428	13476164	13461637	13488505	13578044	13625356	13584119	13536798	13478543	13282098	12958491	12662186	12378095	12067654	11762375	11417897	11280460	11204230	11138927	11075081	11011384	10949013	10886751	10822864	10756106	10684985	10626406	10611855
NR,T,TOTAL,ES51	7566431	7488718	7441284	7408290	7396991	7416237	7480921	7514991	7493263	7463488	7427092	7311146	7151682	7010859	6870811	6712748	6556900	6380492	6314849	6283101	6257793	6233350	6208373	6184327	6161209	6136308	6110576	6082495	6061507	6064741
NR,T,TOTAL,ES511	5575204	5514881	5474482	5445904	5432802	5445616	5493081	5518280	5505667	5488633	5465835	5387705	5297172	5221841	5143474	5052814	4956066	4835593	4789261	4771151	4757760	4745349	4732286	4720115	4708424	4695395	4682089	4666998	4657121	4665449
NR,T,TOTAL,ES512	757497	749656	745258	741608	740373	743124	749188	751596	747041	741848	735862	719745	694216	668910	645158	618292	593084	568690	560709	555090	550090	544948	539838	534799	530001	524841	519562	514118	509055	505207
NR,T,TOTAL,ES513	431183	429212	428903	429108	430661	432169	435849	438215	436695	434183	431413	423482	411142	401661	392915	380552	371137	363182	361078	360040	359318	358745	358127	357448	356854	356210	355225	354161	353595	354142
NR,T,TOTAL,ES514	802547	794969	792641	791670	793155	795328	802803	806900	803860	798824	793982	780214	749152	718447	689264	661090	636613	613027	603801	596820	590625	584308	578122	571965	565930	559862	553700	547218	541736	539943
NR,T,TOTAL,ES52	4974969	4946233	4935182	4932347	4939674	4956427	4987011	5009650	4999192	4989631	4981284	4928095	4801628	4681033	4567163	4441941	4322066	4192277	4135183	4103816	4076380	4049388	4022992	3996734	3969401	3942324	3913214	3882777	3855982	3841820
NR,T,TOTAL,ES521	1862780	1845470	1842616	1842446	1842174	1850624	1854237	1853206	1844433	1840085	1836136	1817518	1766322	1713931	1661655	1602172	1542321	1478298	1447225	1430451	1414892	1399556	1384693	1369564	1354317	1338876	1323214	1306647	1290865	1278384
NR,T,TOTAL,ES522	571601	569576	570183	571223	574460	578213	585724	593926	595565	595852	594743	588013	567547	548370	533626	518174	504095	487552	480957	477024	473504	470082	466654	463355	459972	456687	453154	449589	446767	446158
NR,T,TOTAL,ES523	2540588	2531187	2522383	2518678	2523040	2527590	2547050	2562518	2559194	2553694	2550405	2522564	2467759	2418732	2371882	2321595	2275650	2226427	2207001	2196341	2187984	2179750	2171645	2163815	2155112	2146761	2136846	2126541	2118350	2117278
NR,T,TOTAL,ES53	1188220	1166923	1150962	1135527	1124972	1115841	1110112	1100715	1091664	1083679	1070167	1042857	1005181	970294	940121	912965	883409	845128	830428	817313	804754	792343	780019	767952	756141	744232	732316	719713	708917	705294
NR,T,TOTAL,ES531	167992	165023	162306	159019	156022	152894	149267	144309	140850	138317	135248	130600	123443	117297	112019	106816	101393	94390	: 	: 	: 	: 	: 	: 	: 	: 	: 	: 	: 	: 
NR,T,TOTAL,ES532	923608	907197	894897	883320	875781	869111	866568	862175	857174	852296	842781	822204	794323	768143	746103	727151	706537	679051	: 	: 	: 	: 	: 	: 	: 	: 	: 	: 	: 	: 
NR,T,TOTAL,ES533	96620	94703	93759	93188	93169	93836	94277	94231	93640	93066	92138	90053	87415	84854	81999	78998	75479	71687	: 	: 	: 	: 	: 	: 	: 	: 	: 	: 	: 	: 
NR,T,TOTAL,ES6	10084586	10055581	10051947	10039664	10032653	10019222	10023317	10005372	9951642	9884894	9805047	9684627	9515445	9356812	9181079	9009635	8869993	8734780	8644057	8590812	8543352	8497403	8446930	8397995	8345945	8290654	8230190	8165167	8106086	8060622
NR,T,TOTAL,ES61	8427405	8410095	8408976	8403774	8399618	8388875	8393175	8377810	8332080	8276008	8212968	8118570	7986600	7865788	7730696	7596534	7490871	7391401	7323031	7285992	7253141	7221919	7186527	7152485	7115498	7074929	7030276	6981694	6937107	6898939
NR,T,TOTAL,ES611	706871	701069	700046	696186	691155	688888	691681	689320	686446	680476	673038	659441	642792	627719	603218	577424	560652	545527	529788	522095	514492	507104	499714	492536	485082	477638	470038	462052	454951	450797
NR,T,TOTAL,ES612	1249739	1249245	1248970	1248241	1248584	1247552	1247584	1245360	1238919	1229837	1221028	1209073	1193630	1176672	1160688	1144134	1130551	1118779	1113137	1110116	1107745	1105356	1102546	1100126	1097121	1093138	1088511	1083179	1077946	1072552
NR,T,TOTAL,ES613	783867	786524	789992	792412	795703	797769	800413	802719	801787	799765	797327	792683	786383	780677	775834	770523	766012	762178	761339	761244	761497	761797	761586	761366	761142	760073	758559	756192	754226	751858
NR,T,TOTAL,ES614	919700	917445	917057	917494	919139	920484	922140	922463	919882	915318	909104	900260	885032	871598	856428	842810	831318	821896	819049	816663	814980	813211	810747	808192	805020	801903	798388	794234	791211	789020
NR,T,TOTAL,ES615	524576	522484	521117	521648	522136	521428	520945	519980	517888	514631	510271	505033	495171	488530	479905	473453	468680	463860	460686	458851	457242	455895	454387	452935	451167	449406	447380	445201	443256	441349
NR,T,TOTAL,ES616	632027	636586	641826	646500	652132	656132	661721	667264	667060	666362	665195	663525	659844	656534	653773	649929	646841	643828	644054	644275	644390	644867	644743	644464	643765	642685	641025	639218	638032	639381
NR,T,TOTAL,ES617	1660985	1651506	1646777	1640572	1631357	1619714	1611986	1598130	1581346	1566665	1552894	1529004	1491791	1456083	1415714	1373765	1338410	1302639	1276063	1263686	1251973	1241001	1229495	1218500	1207179	1195896	1183973	1171333	1158881	1145807
NR,T,TOTAL,ES618	1949640	1945236	1943191	1940721	1939412	1936908	1936705	1932574	1918752	1902954	1884111	1859551	1831957	1807975	1785136	1764496	1748407	1732694	1718915	1709062	1700822	1692688	1683309	1674366	1665022	1654190	1642402	1630285	1618604	1608175
NR,T,TOTAL,ES62	1487663	1475569	1472991	1466474	1463773	1461803	1461983	1461925	1459075	1453543	1441787	1419563	1385717	1351106	1313496	1276816	1242626	1206614	1184118	1169114	1155675	1142030	1128146	1114394	1100679	1087209	1072937	1058075	1044764	1037838
NR,T,TOTAL,ES620	1487663	1475569	1472991	1466474	1463773	1461803	1461983	1461925	1459075	1453543	1441787	1419563	1385717	1351106	1313496	1276816	1242626	1206614	1184118	1169114	1155675	1142030	1128146	1114394	1100679	1087209	1072937	1058075	1044764	1037838
NR,T,TOTAL,ES63	84829	85209	85034	84652	84692	84674	84539	83845	81621	79294	76927	75250	74161	72807	71977	71538	71109	70868	71183	70855	70547	70311	69990	69735	69318	68957	68449	67981	67610	67466
NR,T,TOTAL,ES630	84829	85209	85034	84652	84692	84674	84539	83845	81621	79294	76927	75250	74161	72807	71977	71538	71109	70868	71183	70855	70547	70311	69990	69735	69318	68957	68449	67981	67610	67466
NR,T,TOTAL,ES64	84689	84708	84946	84764	84570	83870	83620	81792	78866	76049	73365	71244	68967	67111	64910	64747	65387	65897	65725	64851	63989	63143	62267	61381	60450	59559	58528	57417	56605	56379
NR,T,TOTAL,ES640	84689	84708	84946	84764	84570	83870	83620	81792	78866	76049	73365	71244	68967	67111	64910	64747	65387	65897	65725	64851	63989	63143	62267	61381	60450	59559	58528	57417	56605	56379
NR,T,TOTAL,ES7	2206901	2177048	2154978	2135209	2126144	2114845	2105234	2085938	2064871	2045163	2025490	1991954	1946077	1899618	1853158	1804242	1755698	1703850	1677983	1659062	1640341	1622822	1604650	1586644	1568049	1549420	1530528	1510606	1492835	1483529
NR,T,TOTAL,ES70	2206901	2177048	2154978	2135209	2126144	2114845	2105234	2085938	2064871	2045163	2025490	1991954	1946077	1899618	1853158	1804242	1755698	1703850	1677983	1659062	1640341	1622822	1604650	1586644	1568049	1549420	1530528	1510606	1492835	1483529
NR,T,TOTAL,ES703	11154	10986	10872	10731	10612	10603	10669	10707	10622	10603	10420	10219	10053	9973	9694	9465	9092	8747	: 	: 	: 	: 	: 	: 	: 	: 	: 	: 	: 	: 
NR,T,TOTAL,ES704	122629	118598	115333	112087	109993	107598	106366	103423	100167	98537	97632	94996	90229	84703	78505	72285	65947	60643	: 	: 	: 	: 	: 	: 	: 	: 	: 	: 	: 	: 
NR,T,TOTAL,ES705	865756	859835	857702	855458	854747	853144	852349	847266	839895	831527	822284	811256	798121	785161	773543	761613	749338	734221	: 	: 	: 	: 	: 	: 	: 	: 	: 	: 	: 	: 
NR,T,TOTAL,ES706	22100	21794	21525	21352	21206	21168	21220	21570	22350	22593	22568	22346	21869	21322	20825	20302	19271	18300	: 	: 	: 	: 	: 	: 	: 	: 	: 	: 	: 	: 
NR,T,TOTAL,ES707	84793	83971	83159	82943	83376	83874	84131	83845	83745	83620	83390	82767	82152	81514	80905	80430	79658	78821	: 	: 	: 	: 	: 	: 	: 	: 	: 	: 	: 	: 
NR,T,TOTAL,ES708	150998	148462	146134	143340	141497	139972	139519	138362	137019	136424	136449	133858	127860	121960	115879	109741	104284	97781	: 	: 	: 	: 	: 	: 	: 	: 	: 	: 	: 	: 
NR,T,TOTAL,ES709	949471	933402	920253	909298	904713	898486	890980	880765	871073	861859	852747	836512	815793	794985	773807	750406	728108	705337	: 	: 	: 	: 	: 	: 	: 	: 	: 	: 	: 	: 
NR,T,TOTAL,FI	5517919	5513130	5503297	5487308	5471753	5451270	5426674	5401267	5375276	5351427	5326314	5300484	5276955	5255580	5236611	5219732	5206295	5194901	5181115	5171302	5159646	5147349	5132320	5116826	5098754	5077912	5054982	5029002	4998478	4974383
NR,T,TOTAL,FI1	5488130	5483641	5474083	5458325	5442837	5422604	5398173	5372913	5347269	5323693	5298858	5273331	5250032	5228814	5210081	5193385	5180038	5168893	5155339	5145596	5134021	5121957	5107063	5091624	5073596	5052810	5029989	5004155	4973874	4950152
NR,T,TOTAL,FI19	1379749	1380365	1380593	1379116	1377281	1374403	1370384	1365259	1360041	1355168	1349600	1344565	1338973	1334293	1330371	1325241	1321583	1319440	1317441	1317215	1317263	1316784	1316084	1314791	1313881	1311353	1308650	1304793	1300085	1295857
NR,T,TOTAL,FI193	275521	276031	276196	275780	275360	275320	275161	274379	273637	272784	271747	270701	269636	269575	268885	267816	266806	266522	265683	265129	264807	264655	263983	262987	262677	261805	261046	259842	257967	256352
NR,T,TOTAL,FI194	189715	190910	191860	192586	193400	193977	194058	193735	193504	193524	193511	193815	193585	193812	194076	193954	194105	194542	195615	196795	197703	198641	199836	200857	202162	202477	202333	201972	201670	201157
NR,T,TOTAL,FI195	180794	180945	181441	181679	181156	180384	179663	179106	177946	177038	175985	174987	174211	173627	173435	173111	173006	173083	173228	173533	174099	174230	174291	174167	174185	174083	173788	173183	172448	172118
NR,T,TOTAL,FI196	218624	220398	221740	222957	223983	224556	224934	225302	225762	226116	226358	227131	228051	228675	229389	229910	230480	231307	232569	234233	235662	236818	238057	239255	240028	240519	240744	240767	240777	240925
NR,T,TOTAL,FI197	515095	512081	509356	506114	503382	500166	496568	492737	489192	485706	481999	477931	473490	468604	464586	460450	457186	453986	450346	447525	444992	442440	439917	437525	434829	432469	430739	429029	427223	425305
NR,T,TOTAL,FI1B	1671024	1655624	1638293	1620261	1603388	1585473	1566835	1549058	1532309	1517542	1501511	1483719	1467453	1452083	1439400	1429869	1419938	1408525	1394199	1379712	1362634	1344989	1327243	1310680	1293573	1277609	1261807	1248072	1232236	1219864
NR,T,TOTAL,FI1B1	1671024	1655624	1638293	1620261	1603388	1585473	1566835	1549058	1532309	1517542	1501511	1483719	1467453	1452083	1439400	1429869	1419938	1408525	1394199	1379712	1362634	1344989	1327243	1310680	1293573	1277609	1261807	1248072	1232236	1219864
NR,T,TOTAL,FI1C	1152719	1157001	1159174	1160491	1161706	1161882	1160732	1159039	1156791	1153839	1151466	1148208	1145658	1142922	1140563	1138646	1136893	1135326	1133561	1133237	1132447	1131223	1129759	1129302	1128490	1127032	1125623	1122685	1118705	1115591
NR,T,TOTAL,FI1C1	478582	477677	475543	474323	472725	470880	468936	467217	465183	462914	461177	459235	457789	455584	453745	452444	450968	449293	447103	445542	443050	439973	437491	435119	432603	430409	428864	427158	425282	423659
NR,T,TOTAL,FI1C2	171364	172720	173781	174710	175350	175481	175472	175230	174555	173828	173041	171449	169952	168381	167630	166648	165886	165509	165307	165190	164914	165026	164892	164937	164957	164767	164363	163442	162248	161181
NR,T,TOTAL,FI1C3	200629	201228	201685	201615	202009	202424	202548	202236	201772	201270	200847	200061	199235	198975	198685	198434	198088	197656	197378	197347	197443	197710	197707	198286	198456	198503	198329	197753	197012	196291
NR,T,TOTAL,FI1C4	173388	175511	177659	178688	179858	180845	181421	181829	182382	182617	182754	183564	184241	185196	185541	185662	186111	186707	187474	188633	189802	190570	191506	192282	193177	193784	194160	194182	193919	194223
NR,T,TOTAL,FI1C5	128756	129865	130506	131155	131764	132252	132355	132527	132899	133210	133647	133899	134441	134786	134962	135458	135840	136161	136299	136525	137238	137944	138163	138678	139297	139569	139907	140150	140244	140237
NR,T,TOTAL,FI1D	1284638	1290651	1296023	1298457	1300462	1300846	1300222	1299557	1298128	1297144	1296281	1296839	1297948	1299516	1299747	1299629	1301624	1305602	1310138	1315432	1321677	1328961	1333977	1336851	1337652	1336816	1333909	1328605	1322848	1318840
NR,T,TOTAL,FI1D1	144615	147194	148975	150305	151562	152518	153426	154522	155472	156377	157433	158679	160306	161325	162219	163139	164130	165329	166575	167958	169521	171009	172226	173321	174118	174686	175119	175083	175233	175283
NR,T,TOTAL,FI1D2	245602	246653	247776	248129	248407	248430	248233	248130	247943	248182	248423	248872	249498	250064	251095	251356	251976	252842	253759	255456	256927	258486	259486	260085	260564	260617	260495	259640	258633	258255
NR,T,TOTAL,FI1D3	162240	162986	164085	164755	165258	165445	165754	165906	165866	165962	166129	166744	167519	168322	168615	169129	169722	170793	171609	172551	173664	175137	176220	177271	177917	178076	177893	177449	176836	176566
NR,T,TOTAL,FI1D4	77843	77843	77843	78398	79258	79975	80685	81298	82073	82634	83160	83779	84350	85303	85965	86573	87371	88473	89777	91081	92071	93218	94386	95201	95814	96298	96507	96689	96957	96973
NR,T,TOTAL,FI1D5	68437	68780	69027	69032	68832	68677	68610	68484	68321	68131	67991	67898	67632	67612	67369	67441	67497	67671	68052	68345	68773	69021	69213	69539	69627	69315	68887	68503	68214	68013
NR,T,TOTAL,FI1D6	408110	: 	408110	406980	405397	403287	400670	397887	394965	392110	389182	386477	383708	381090	378041	375074	373151	371206	368598	365689	364074	363039	361867	360023	357287	354929	352575	349589	346301	343777
NR,T,TOTAL,FI1D7	178522	179223	180207	180858	181748	182514	182844	183330	183488	183748	183963	184390	184935	185800	186443	186917	187777	189288	191768	194352	196647	199051	200579	201411	202325	202895	202433	201652	200674	199973
NR,T,TOTAL,FI1D8	73061	73959	74803	75324	76119	76782	77435	77984	78703	79234	79690	80218	80738	81585	82214	82744	83477	84497	85736	86943	87843	88896	90035	90781	91350	91794	92010	92190	92459	92458
NR,T,TOTAL,FI1D9	412161	411856	411150	410054	408536	406480	403920	401201	398335	395510	392652	390038	387320	384808	381792	378903	377045	375182	372639	369827	368302	367361	366218	364443	361751	359433	357072	354088	350799	348292
NR,T,TOTAL,FI2	29789	29489	29214	28983	28916	28666	28501	28354	28007	27734	27456	27153	26923	26766	26530	26347	26257	26008	25776	25706	25625	25392	25257	25202	25158	25102	24993	24847	24604	24231
NR,T,TOTAL,FI20	29789	29489	29214	28983	28916	28666	28501	28354	28007	27734	27456	27153	26923	26766	26530	26347	26257	26008	25776	25706	25625	25392	25257	25202	25158	25102	24993	24847	24604	24231
NR,T,TOTAL,FI200	29789	29489	29214	28983	28916	28666	28501	28354	28007	27734	27456	27153	26923	26766	26530	26347	26257	26008	25776	25706	25625	25392	25257	25202	25158	25102	24993	24847	24604	24231
NR,T,TOTAL,FR	67012883	66918941	66809816	66638391	66458153	66165980	65600350	65276983	64978721	64658856	64350226	64007193	63645065	63229635	62772870	62292241	61864088	61424036	60979315	60545022	60158533	59934884	59726386	59522297	59315139	59104320	58885929	58604851	58313439	58031426
NR,T,TOTAL,FR1	12244807	12210524	12174880	12117132	12082144	12027565	11959807	11898502 p	11852851	11786234	11728240	11659260	11598866	11532398	11442143	11350290	11270074	11185563	11102824	11019991	10946012	10912622	10895427	10883848	10858975	10833223	10793414	10753276	10695556	10644665
NR,T,TOTAL,FR10	12244807	12210524	12174880	12117132	12082144	12027565	11959807	11898502 p	11852851	11786234	11728240	11659260	11598866	11532398	11442143	11350290	11270074	11185563	11102824	11019991	10946012	10912622	10895427	10883848	10858975	10833223	10793414	10753276	10695556	10644665
NR,T,TOTAL,FR101	2160928	2174052	2187526	2190327	2206488	2220445	2229621	2240621 p	2249975	2243833	2234105	2211297	2193030	2181371	2172186	2161932	2154521	2145472	2137442	2129731	2123686	2111315	2110869	2116512	2120545	2129856	2132475	2139928	2145912	2150147
NR,T,TOTAL,FR102	1417171	1410802	1403997	1397665	1390121	1377846	1365200	1353946 p	1338427	1324865	1313414	1303702	1289524	1273488	1261010	1248865	1237515	1225780	1214294	1202569	1191775	1182543	1176289	1169827	1159421	1146990	1131179	1115222	1095235	1077206
NR,T,TOTAL,FR103	1445318	1441859	1438266	1431808	1427291	1421670	1418484	1412356 p	1413635	1408765	1407560	1406053	1403957	1395804	1389456	1383145	1377260	1371107	1365015	1358816	1353945	1353723	1353180	1350539	1345471	1340268	1333814	1326185	1314925	1305076
NR,T,TOTAL,FR104	1311863	1304015	1296130	1287330	1276233	1268228	1253931	1237507 p	1225191	1215340	1208004	1205850	1201994	1198273	1188351	1178214	1169540	1160665	1151521	1142331	1133836	1133653	1131514	1131399	1127647	1122103	1115400	1105974	1093658	1083245
NR,T,TOTAL,FR105	1612763	1611014	1609306	1603268	1601569	1597770	1591403	1586434 p	1581628	1572490	1561745	1549619	1544411	1536100	1520106	1503568	1488605	1473080	1457738	1442087	1427888	1419110	1412292	1406949	1403081	1399157	1395461	1394910	1392369	1389416
NR,T,TOTAL,FR106	1654892	1639173	1623111	1606660	1592663	1571028	1552482	1538726 p	1529928	1522048	1515983	1506466	1502340	1491970	1474920	1458081	1442929	1427204	1411789	1396942	1383319	1386023	1388804	1389668	1389976	1389787	1387427	1384908	1380953	1378576
NR,T,TOTAL,FR107	1400072	1394344	1387926	1378151	1372389	1365039	1354005	1341831 p	1333702	1327732	1318537	1310876	1302889	1298340	1287350	1276157	1266690	1256515	1246724	1236443	1227030	1225473	1222429	1221145	1221918	1222214	1221158	1218450	1215154	1213446
NR,T,TOTAL,FR108	1241800	1235265	1228618	1221923	1215390	1205539	1194681	1187081 p	1180365	1171161	1168892	1165397	1160721	1157052	1148764	1140328	1133014	1125740	1118301	1111072	1104533	1100782	1100050	1097809	1090916	1082848	1076500	1067699	1057350	1047553
NR,T,TOTAL,FR2	10830914	10830914	10830914 p	10831912 p	10829273 p	10825025	10807749	10789084 p	10768854	10751395	10733962	10707873	10678796	10649457	10620966	10588961	10565815	10539266	10509872	10479387	10454824	10452257	10442246	10426094	10409438	10386572	10364707	10331653	10297700	10261997
NR,T,TOTAL,FR21	1334453	1334453	1334453 p	1336535 p	1338255 p	1339299	1339008	1339270 p	1336053	1335923	1337953	1338004	1339487	1338850	1339400	1339597	1340851	1341635	1341878	1342007	1343266	1346318	1347927	1349022	1350114	1349476	1348898	1347817	1348133	1346963
NR,T,TOTAL,FR211	273680	273680	273680 p	275762 p	277752 p	279715	280907	282778 p	283110	283250	283296	284197	284749	285653	286425	287136	287820	288520	289041	289609	290452	291329	292175	292822	293368	294260	294604	294625	295676	296150
NR,T,TOTAL,FR212	310912	310912	310912 p	310068 p	309056 p	308094	306581	305606 p	303997	303327	303298	301327	300840	299704	298483	297154	296294	295419	294310	293185	292317	292676	292712	292381	292575	291968	291359	290731	290118	289138
NR,T,TOTAL,FR213	573247	573247	573247 p	572808 p	572293 p	570817	569999	568750 p	566571	565307	566145	566010	566491	565841	565675	565512	565830	565782	565535	565189	565366	565935	565798	565544	564908	563357	562053	560409	559006	557636
NR,T,TOTAL,FR214	176614	176614	176614 p	177897 p	179154 p	180673	181521	182136 p	182375	184039	185214	186470	187407	187652	188817	189795	190907	191914	192992	194024	195131	196378	197242	198275	199263	199891	200882	202052	203333	204039
NR,T,TOTAL,FR22	1934171	1934171	1934171 p	1933719 p	1932090 p	1930095	1927142	1922342 p	1918155	1914844	1911157	1906601	1900354	1894355	1889028	1883409	1879079	1874316	1868759	1862938	1857981	1856335	1855412	1851969	1846150	1840447	1834923	1826282	1817666	1808968
NR,T,TOTAL,FR221	535807	535807	535807 p	537423 p	538659 p	539783	540067	540888 p	541302	540508	539870	538790	537820	537061	536798	536464	536651	536784	536626	536260	536181	536629	537751	538017	538324	537926	538219	537755	537263	536896
NR,T,TOTAL,FR222	827465	827465	827465 p	824775 p	821552 p	818680	815400	810300 p	805642	803595	801512	799725	796624	792975	789012	785007	781462	777612	773713	769848	766253	765111	763991	760914	755673	751362	746457	739642	732276	724587
NR,T,TOTAL,FR223	570899	570899	570899 p	571521 p	571879 p	571632	571675	571154 p	571211	570741	569775	568086	565910	564319	563218	561938	560966	559920	558420	556830	555547	554595	553670	553038	552153	551159	550247	548885	548127	547485
NR,T,TOTAL,FR23	1865332	1865332	1865332 p	1862637 p	1859647 p	1856267	1849652	1845547 p	1839393	1836954	1832942	1825667	1816716	1811055	1806677	1801791	1797924	1794099	1789406	1784575	1780502	1779392	1776332	1774450	1771034	1765765	1760144	1753445	1744497	1735969
NR,T,TOTAL,FR231	607738	607738	607738 p	604846 p	601948 p	598347	595043	591616 p	588111	586543	582822	577087	572105	567221	563316	559393	555822	552211	548502	544635	540918	539608	537186	534513	531677	528991	525823	522477	517478	513465
NR,T,TOTAL,FR232	1257594	1257594	1257594 p	1257791 p	1257699 p	1257920	1254609	1253931 p	1251282	1250411	1250120	1248580	1244611	1243834	1243361	1242398	1242102	1241888	1240904	1239940	1239584	1239784	1239146	1239937	1239357	1236774	1234321	1230968	1227019	1222504
NR,T,TOTAL,FR24	2582302	2582302	2582302 p	2580581 p	2578592 p	2577435	2570548	2563586 p	2556835	2548065	2538590	2531588	2526919	2519567	2507246	2494279	2484288	2472978	2461778	2450121	2440295	2438205	2432034	2424326	2418315	2410394	2403487	2393043	2381407	2369808
NR,T,TOTAL,FR241	306186	306186	306186 p	307611 p	308992 p	310270	311650	311897 p	311694	311257	311022	313251	314599	314675	314642	314490	314781	314887	314636	314584	314603	315255	316121	316913	318250	319294	320257	321042	321274	321487
NR,T,TOTAL,FR242	434254	434254	434254 p	434205 p	434035 p	433762	432967	432107 p	430416	428933	425502	423559	422411	421114	418968	416808	415032	413125	411292	409342	407707	408212	407793	406961	406368	405293	403528	401323	398575	395683
NR,T,TOTAL,FR243	220530	220530	220530 p	222375 p	224200 p	226175	228091	228692 p	230175	231176	232268	232004	232799	232959	232612	232211	232155	231866	231681	231441	231365	232252	232829	233375	234056	234577	235831	236467	237109	237609
NR,T,TOTAL,FR244	609313	609313	609313 p	607118 p	604966 p	603924	600252	596937 p	593683	590515	588420	585406	583086	580312	576366	572255	568765	564886	561151	557170	553690	551498	549262	546156	543482	540563	538147	534700	531644	529150
NR,T,TOTAL,FR245	333018	333018	333018 p	333071 p	333050 p	333567	332001	331656 p	331280	330079	327868	326599	326291	325182	323489	321808	320536	319144	317783	316354	314995	314616	313660	312590	311590	310472	309798	308482	307217	305869
NR,T,TOTAL,FR246	679001	679001	679001 p	676201 p	673349 p	669737	665587	662297 p	659587	656105	653510	650769	647733	645325	641169	636707	633019	629070	625235	621230	617935	616372	612369	608331	604569	600195	595926	591029	585588	580010
NR,T,TOTAL,FR25	1477290	1477290	1477290 p	1478803 p	1479484 p	1479378	1478712	1477209 p	1475684	1473494	1470880	1467425	1461429	1456793	1452425	1447429	1442916	1437801	1432400	1426928	1421947	1418774	1416140	1411452	1408316	1405337	1402650	1397801	1394761	1390890
NR,T,TOTAL,FR251	695450	695450	695450 p	694660 p	693579 p	691670	689945	687854 p	685262	683105	680908	678206	673667	671351	668210	664769	661498	658189	654684	651193	647951	644513	641868	637669	633738	631182	628687	625079	621780	618117
NR,T,TOTAL,FR252	497880	497880	497880 p	498801 p	499287 p	499958	499919	499340 p	499531	498747	497762	496937	495153	492563	491110	489608	488260	486544	484848	483178	481466	481349	480858	480267	480310	479779	479877	479408	479820	479579
NR,T,TOTAL,FR253	283960	283960	283960 p	285342 p	286618 p	287750	288848	290015 p	290891	291642	292210	292282	292609	292879	293105	293052	293158	293068	292868	292557	292530	292912	293414	293516	294268	294376	294086	293314	293161	293194
NR,T,TOTAL,FR26	1637366	1637366	1637366 p	1639637 p	1641205 p	1642551	1642687	1641130 p	1642734	1642115	1642440	1638588	1633891	1628837	1626190	1622456	1620757	1618437	1615651	1612818	1610833	1613233	1614401	1614875	1615509	1615153	1614605	1613265	1611236	1609399
NR,T,TOTAL,FR261	535780	535780	535780 p	534522 p	533147 p	531380	529761	527403 p	525931	524358	524144	521608	519143	517168	515829	514022	512591	511197	509714	508015	506699	506212	505716	504022	502767	500929	499519	497563	495531	493471
NR,T,TOTAL,FR262	208049	208049	208049 p	209964 p	211747 p	213569	215221	216786 p	218341	219584	220199	220653	221488	222220	222711	223050	223605	224139	224569	225054	225485	226776	227623	228568	229577	230146	230756	231731	232671	233450
NR,T,TOTAL,FR263	554124	554124	554124 p	554868 p	555408 p	555788	556222	555039 p	555999	555663	554720	553968	551842	549361	548667	547660	547532	547138	546312	545723	545443	547472	549365	551555	553381	555171	556591	557729	558411	559360
NR,T,TOTAL,FR264	339413	339413	339413 p	340283 p	340903 p	341814	341483	341902 p	342463	342510	343377	342359	341418	340088	338983	337724	337029	335963	335056	334026	333206	332773	331697	330730	329784	328907	327739	326242	324623	323118
NR,T,TOTAL,FR3	4087132	4087132	4087132 p	4083273 p	4077886 p	4076061	4060741	4050756 p	4042015	4038157	4033197	4024490	4021676	4018644	4015613	4010548	4008628	4005577	4001142	3997864	3997467	3995437	3994535	3991531	3986346	3981783	3977782	3971196	3965393	3961703
NR,T,TOTAL,FR30	4087132	4087132	4087132 p	4083273 p	4077886 p	4076061	4060741	4050756 p	4042015	4038157	4033197	4024490	4021676	4018644	4015613	4010548	4008628	4005577	4001142	3997864	3997467	3995437	3994535	3991531	3986346	3981783	3977782	3971196	3965393	3961703
NR,T,TOTAL,FR301	2612189	2612189	2612189 p	2609121 p	2605238 p	2603472	2595536	2587128 p	2579208	2576770	2571940	2564959	2564950	2565257	2563886	2561038	2559871	2558213	2555959	2554638	2555471	2554942	2553508	2552731	2548948	2544978	2541429	2536843	2531624	2529495
NR,T,TOTAL,FR302	1474943	1474943	1474943 p	1474152 p	1472648 p	1472589	1465205	1463628 p	1462807	1461387	1461257	1459531	1456726	1453387	1451727	1449510	1448757	1447364	1445183	1443226	1441996	1440495	1441027	1438800	1437398	1436805	1436353	1434353	1433769	1432208
NR,T,TOTAL,FR4	5399511	5399511	5399511 p	5400558 p	5400531 p	5393418	5390476	5385369 p	5376422	5368370	5361373	5347379	5325800	5301866	5281614	5259759	5241576	5222535	5201564	5180376	5161496	5148465	5141742	5128917	5114503	5097394	5079892	5057882	5039448	5023528
NR,T,TOTAL,FR41	2330674	2330674	2330674 p	2336356 p	2341531 p	2342397	2345197	2349816 p	2350657	2350920	2350112	2346361	2339881	2335749	2332468	2328136	2326019	2323026	2318791	2314909	2311655	2312566	2316244	2315782	2315488	2313867	2311514	2307592	2304714	2304291
NR,T,TOTAL,FR411	733753	733753	733753 p	734088 p	734403 p	732153	731004	733266 p	733124	732207	731019	729768	726592	725302	723797	721734	720638	719199	717358	715684	714295	715062	716448	717201	717273	716518	715492	713614	711758	711367
NR,T,TOTAL,FR412	188467	188467	188467 p	189614 p	190626 p	191530	192094	192800 p	193557	193923	194003	194218	193962	193696	193637	193376	193321	193312	193019	192682	192443	192797	194338	194622	194887	195478	195709	195676	196043	196282
NR,T,TOTAL,FR413	1041050	1041050	1041050 p	1042825 p	1044486 p	1045154	1046873	1046468 p	1045146	1045066	1044898	1042230	1039023	1036776	1034768	1032634	1031421	1029636	1027458	1025516	1023763	1022916	1022509	1020258	1019421	1017589	1015854	1013534	1011848	1010514
NR,T,TOTAL,FR414	367404	367404	367404 p	369829 p	372016 p	373560	375226	377282 p	378830	379724	380192	380145	380304	379975	380266	380392	380639	380879	380956	381027	381154	381791	382949	383701	383907	384282	384459	384768	385065	386128
NR,T,TOTAL,FR42	1888937	1888937	1888937 p	1884204 p	1879265 p	1872949	1868183	1859869 p	1852325	1845687	1843053	1837087	1827248	1815493	1803402	1791145	1779575	1768054	1756078	1743955	1732588	1719985	1710779	1699339	1687475	1675733	1662967	1647964	1635430	1622810
NR,T,TOTAL,FR421	1122696	1122696	1122696 p	1119637 p	1116658 p	1112815	1109460	1104667 p	1099269	1095905	1094439	1091015	1084840	1079016	1071160	1063274	1055890	1048305	1040521	1032498	1025033	1016591	1009849	1002555	994932	987370	978610	968879	960320	952158
NR,T,TOTAL,FR422	766241	766241	766241 p	764567 p	762607 p	760134	758723	755202 p	753056	749782	748614	746072	742408	736477	732242	727871	723685	719749	715557	711457	707555	703394	700930	696784	692543	688363	684357	679085	675110	670652
NR,T,TOTAL,FR43	1179900	1179900	1179900 p	1179998 p	1179735 p	1178072	1177096	1175684 p	1173440	1171763	1168208	1163931	1158671	1150624	1145744	1140478	1135982	1131455	1126695	1121512	1117253	1115914	1114719	1113796	1111540	1107794	1105411	1102326	1099304	1096427
NR,T,TOTAL,FR431	539925	539925	539925 p	538542 p	536959 p	534710	533320	531062 p	529103	527770	525276	522685	520133	516157	513571	510794	508532	506241	503929	501423	499223	498613	497719	496848	495063	492812	491109	488956	486507	484264
NR,T,TOTAL,FR432	259868	259868	259868 p	260247 p	260587 p	260681	260502	260932 p	261294	261534	261277	260740	258897	257399	256567	255536	254691	253875	252840	251811	250905	250917	250659	250869	250509	250294	250215	249821	249430	248707
NR,T,TOTAL,FR433	235611	235611	235611 p	236775 p	237706 p	238347	238956	239750 p	239695	239548	239194	238548	237197	235867	234934	233991	233209	232305	231413	230380	229728	229150	229186	229104	229376	228548	228577	228657	228928	229478
NR,T,TOTAL,FR434	144496	144496	144496 p	144434 p	144483 p	144334	144318	143940 p	143348	142911	142461	141958	142444	141201	140672	140157	139550	139034	138513	137898	137397	137234	137155	136975	136592	136140	135510	134892	134439	133978
NR,T,TOTAL,FR5	8900134	8900134	8900134 p	8859028 p	8815235 p	8765074	8709338	8653702 p	8596653	8540924	8474687	8412579	8342662	8269070	8193283	8114881	8043396	7970874	7898136	7826984	7763770	7723784	7680737	7641424	7605721	7572382	7543413	7507285	7475621	7444731
NR,T,TOTAL,FR51	3765798	3765798	3765798 p	3742638 p	3718512 p	3690833	3660852	3632614 p	3601113	3571495	3539048	3510170	3482594	3450413	3415391	3379784	3347675	3314649	3281679	3248994	3219960	3200459	3182305	3164039	3145757	3128438	3110784	3090225	3071600	3055197
NR,T,TOTAL,FR511	1397437	1397437	1397437 p	1381347 p	1365227 p	1346592	1328620	1313321 p	1296364	1282052	1266358	1255871	1246798	1234085	1218810	1203474	1189157	1174492	1160239	1146058	1133247	1124006	1114088	1105020	1096033	1087854	1079601	1068983	1058966	1050539
NR,T,TOTAL,FR512	817518	817518	817518 p	814004 p	810186 p	805888	800191	795557 p	790343	784810	780082	774823	770777	766659	761529	756253	751708	747089	742072	736867	732624	729551	727143	724324	720569	717037	713817	710269	707020	704668
NR,T,TOTAL,FR513	307014	307014	307014 p	307561 p	307940 p	307471	307500	307453 p	307031	306337	305147	302983	300643	299000	296884	294813	293122	291126	289124	286970	285218	283893	283126	282376	281443	280569	279725	278701	278255	277748
NR,T,TOTAL,FR514	567779	567779	567779 p	568082 p	568445 p	568760	569035	567382 p	565718	563518	561050	559587	556946	553484	550067	546270	543037	539720	536156	532765	529782	527687	526451	523975	522462	520465	518667	516652	514610	513280
NR,T,TOTAL,FR515	676050	676050	676050 p	671644 p	666714 p	662122	655506	648901 p	641657	634778	626411	616906	607430	597185	588101	578974	570651	562222	554088	546334	539089	535322	531497	528344	525250	522513	518974	515620	512749	508962
NR,T,TOTAL,FR52	3323130	3323130	3323130 p	3309220 p	3293850 p	3276543	3258707	3237097 p	3217767	3199066	3175064	3149701	3120288	3094534	3066585	3037077	3009249	2981765	2954324	2927612	2904075	2888237	2870354	2853664	2840680	2830583	2822722	2811473	2803483	2794317
NR,T,TOTAL,FR521	598722	598722	598722 p	598648 p	598357 p	597397	597085	595531 p	594375	591641	587519	581570	576049	570861	566688	562226	557831	553556	549503	545656	542398	541391	539324	536856	537009	536793	537435	537254	538213	538443
NR,T,TOTAL,FR522	909769	909769	909769 p	909123 p	907796 p	905855	903921	901293 p	899870	897628	893914	890509	885906	883001	878532	873568	869205	865006	860540	855924	852273	849779	847075	844116	841298	840565	839672	838457	838401	838366
NR,T,TOTAL,FR523	1063811	1063811	1063811 p	1053493 p	1042884 p	1032240	1019923	1007901 p	996439	988140	977449	967588	955846	945851	933885	921911	910367	898909	887423	876201	866111	857295	848726	840650	832855	826097	819455	812305	805129	797785
NR,T,TOTAL,FR524	750828	750828	750828 p	747956 p	744813 p	741051	737778	732372 p	727083	721657	716182	710034	702487	694821	687480	679372	671846	664294	656858	649831	643293	639772	635229	632042	629518	627128	626160	623457	621740	619723
NR,T,TOTAL,FR53	1811206	1811206	1811206 p	1807170 p	1802873 p	1797698	1789779	1783991 p	1777773	1770363	1760575	1752708	1739780	1724123	1711307	1698020	1686472	1674460	1662133	1650378	1639735	1635088	1628078	1623721	1619284	1613361	1609907	1605587	1600538	1595217
NR,T,TOTAL,FR531	352656	352656	352656 p	353152 p	353613 p	353853	353482	353657 p	352705	351577	351563	351581	349535	347037	345911	344708	343894	343012	341959	340761	339828	339932	340431	340786	341371	341750	342381	342242	342244	342041
NR,T,TOTAL,FR532	645835	645835	645835 p	642892 p	639938 p	637089	633417	628733 p	625682	622323	616607	611714	605410	598915	592640	586082	579877	573817	567617	561742	556419	552641	547041	543835	540779	538260	535893	533431	530632	527186
NR,T,TOTAL,FR533	375517	375517	375517 p	374990 p	374435 p	373553	371632	371583 p	370939	369270	366339	365059	362944	359711	357319	354914	352970	350799	348599	346432	344486	344574	344760	345255	345256	345181	345534	345831	345801	346027
NR,T,TOTAL,FR534	437198	437198	437198 p	436136 p	434887 p	433203	431248	430018 p	428447	427193	426066	424354	421891	418460	415437	412316	409731	406832	403958	401443	399002	397941	395846	393845	391878	388170	386099	384083	381861	379963
NR,T,TOTAL,FR6	7204552	7204552	7204552 p	7157674 p	7110111 p	7060607	7008555	6951195 p	6898725	6856879	6810629	6756596	6698138	6627520	6558756	6486076	6419832	6353828	6287932	6224726	6168494	6135161	6111194	6086732	6067468	6047971	6033567	6006602	5977498	5950151
NR,T,TOTAL,FR61	3422179	3422179	3422179 p	3396364 p	3370578 p	3343326	3316889	3285970 p	3254233	3232352	3206137	3177625	3150890	3119778	3088196	3054587	3023922	2993132	2962914	2933223	2906748	2888793	2876822	2864475	2855720	2845808	2837490	2824048	2810508	2795610
NR,T,TOTAL,FR611	413684	413684	413684 p	414614 p	415417 p	416350	416909	416384 p	415168	414149	412082	409388	406793	404052	401607	398994	396905	394747	392493	390272	388407	388050	387393	386685	386941	387114	387227	387066	387139	386690
NR,T,TOTAL,FR612	1590570	1590570	1590570 p	1569391 p	1548478 p	1526016	1505517	1483712 p	1463662	1449245	1434661	1421276	1409345	1393758	1377991	1361225	1345768	1330095	1314667	1299777	1286072	1276453	1270159	1263427	1256465	1249226	1243092	1233378	1223957	1213540
NR,T,TOTAL,FR613	409211	409211	409211 p	406314 p	403234 p	400477	397226	392884 p	387929	384320	379341	373142	367492	362827	357544	351827	346620	341456	336470	331510	327240	325077	323150	321240	319778	318630	317126	315261	313287	311507
NR,T,TOTAL,FR614	333532	333532	333532 p	333414 p	333417 p	333234	333180	332119 p	330866	331123	329697	326399	324170	322292	319719	316872	314421	311984	309679	307415	305482	304968	304591	304064	304310	304044	304579	304994	305470	305797
NR,T,TOTAL,FR615	675182	675182	675182 p	672631 p	670032 p	667249	664057	660871 p	656608	653515	650356	647420	643090	636849	631335	625669	620208	614850	609605	604249	599547	594245	591529	589059	588226	586794	585466	583349	580655	578076
NR,T,TOTAL,FR62	3046465	3046465	3046465 p	3024327 p	3001502 p	2979161	2954157	2926592 p	2903420	2881756	2862707	2838228	2810247	2776822	2743073	2707583	2674559	2641980	2609222	2578254	2550275	2533766	2520325	2506942	2494806	2483633	2476375	2461633	2445108	2431081
NR,T,TOTAL,FR621	152482	152482	152482 p	152542 p	152499 p	152574	152684	152366 p	152286	152038	151117	150201	148568	146289	144888	143371	142043	140681	139388	138199	137201	136732	136544	136219	136496	136613	136632	136870	136772	136681
NR,T,TOTAL,FR622	280517	280517	280517 p	279835 p	279169 p	278644	277740	276229 p	275813	276805	277048	275889	274425	273377	271979	270275	269114	267766	266369	265065	264048	264419	265027	265492	266473	267025	267728	268535	269114	270408
NR,T,TOTAL,FR623	1371044	1371044	1371044 p	1353252 p	1335103 p	1317668	1298562	1279349 p	1260226	1243641	1230820	1217344	1202920	1186330	1165193	1143706	1122778	1102414	1082140	1062514	1044208	1029466	1016846	1004166	991133	979110	970746	955129	938877	925116
NR,T,TOTAL,FR624	191344	191344	191344 p	191186 p	190932 p	190625	190276	189530 p	188893	188159	187181	185266	183615	181375	179995	178515	177185	176049	174681	173522	172484	172580	172401	172560	172650	173194	173735	174102	174899	174746
NR,T,TOTAL,FR625	172061	172061	172061 p	172719 p	173400 p	173648	173758	174346 p	174754	174578	173562	172796	171173	169531	168271	166873	165493	164076	162680	161375	160230	159657	159074	158363	157977	157694	157211	156980	156262	155970
NR,T,TOTAL,FR626	227870	227870	227870 p	228258 p	228582 p	228950	228868	228854 p	229228	229458	229670	229079	228594	227736	227083	226132	225411	224657	223930	223299	222631	222764	223109	223560	223936	223834	224676	224823	225026	224919
NR,T,TOTAL,FR627	390859	390859	390859 p	388701 p	386543 p	384474	381927	378947 p	377675	375379	374018	371738	369189	365335	361932	358395	355243	352122	348900	345859	343444	342629	342116	341940	341873	342309	342402	342264	342545	342946
NR,T,TOTAL,FR628	260288	260288	260288 p	257834 p	255274 p	252578	250342	246971 p	244545	241698	239291	235915	231763	226849	223732	220316	217292	214215	211134	208421	206029	205519	205208	204642	204268	203854	203245	202930	201613	200295
NR,T,TOTAL,FR63	735908	735908	735908 p	736983 p	738031 p	738120	737509	738633 p	741072	742771	741785	740743	737001	730920	727487	723906	721351	718716	715796	713249	711471	712602	714047	715315	716942	718530	719702	720921	721882	723460
NR,T,TOTAL,FR631	241871	241871	241871 p	241869 p	241871 p	241340	240781	241247 p	242454	243551	243352	242896	242038	240363	239185	237823	236805	235775	234567	233631	232819	233347	233767	234541	235422	235827	236308	236942	237510	238051
NR,T,TOTAL,FR632	119278	119278	119278 p	119849 p	120365 p	120581	120872	121517 p	122560	123029	123584	123907	123861	123401	123423	123561	123797	123953	124095	124303	124597	125314	125856	126359	127002	127959	128976	129648	130554	131585
NR,T,TOTAL,FR633	374759	374759	374759 p	375265 p	375795 p	376199	375856	375869 p	376058	376191	374849	373940	371102	367156	364879	362522	360749	358988	357134	355315	354055	353941	354424	354415	354518	354744	354418	354331	353818	353824
NR,T,TOTAL,FR7	7986827	7986827	7986827 p	7933200 p	7877698 p	7820966	7757595	7695264 p	7634223	7578078	7518004	7459092	7405206	7357284	7295515	7231833	7173919	7115944	7057821	7000751	6949608	6918402	6890849	6862646	6837322	6812295	6790892	6750446	6708765	6668168
NR,T,TOTAL,FR71	6621564	6621564	6621564 p	6569276 p	6515331 p	6460505	6399927	6341160 p	6283541	6230691	6174040	6117229	6065959	6021346	5963736	5904729	5850513	5796144	5741877	5688524	5640234	5608783	5580618	5551758	5525090	5498280	5474915	5433044	5389048	5346407
NR,T,TOTAL,FR711	643977	643977	643977 p	637867 p	631877 p	626127	619497	612191 p	603827	597341	588853	581355	574377	566740	558968	550939	543136	535616	528195	521103	514331	509520	504201	499310	495127	491135	488244	482557	476982	470651
NR,T,TOTAL,FR712	327201	327201	327201 p	325877 p	324209 p	322381	320379	318407 p	317277	315090	313578	311452	309456	306238	303117	300021	296960	293922	291079	288386	285889	285181	283811	282838	281487	280897	280263	279438	278688	277651
NR,T,TOTAL,FR713	512518	512518	512518 p	508738 p	504637 p	499159	494712	491334 p	487993	484715	482984	478069	473428	468608	463976	459076	454702	450214	445862	441480	437654	435256	432251	429211	427508	424626	422575	419445	417019	413829NR,T,TOTAL,FR714	1265869	1265869	1265869 p	1258446 p	1251060 p	1243597	1235387	1224993 p	1215212	1206374	1197038	1188660	1178714	1169491	1157903	1145897	1135080	1124185	1113017	1102331	1092778	1085203	1076887	1067838	1059768	1051932	1044677	1035067	1024568	1015238
NR,T,TOTAL,FR715	761765	761765	761765 p	760784 p	759411 p	757305	756715	753763 p	749053	748947	746115	742076	740668	741269	739393	737297	735780	734267	732528	730614	729081	731657	735287	738670	740191	742659	744067	744283	744872	746101
NR,T,TOTAL,FR716	1860112	1860112	1860112 p	1841226 p	1821995 p	1801885	1779845	1762866 p	1744236	1725177	1708671	1690498	1677073	1669655	1655211	1640876	1628151	1615116	1601972	1588910	1577095	1566215	1561309	1556437	1551482	1546144	1540976	1530190	1517429	1507113
NR,T,TOTAL,FR717	432013	432013	432013 p	430123 p	428204 p	426924	423715	421105 p	418949	414959	411007	408842	405535	403090	398546	393868	389544	385099	380731	376516	372752	369897	366909	363987	362340	360303	358484	355281	351656	348089
NR,T,TOTAL,FR718	818109	818109	818109 p	806215 p	793938 p	783127	769677	756501 p	746994	738088	725794	716277	706708	696255	686622	676755	667160	657725	648493	639184	630654	625854	619963	613467	607187	600584	595629	586783	577834	567735
NR,T,TOTAL,FR72	1365263	1365263	1365263 p	1363924 p	1362367 p	1360461	1357668	1354104 p	1350682	1347387	1343964	1341863	1339247	1335938	1331779	1327104	1323406	1319800	1315944	1312227	1309374	1309619	1310231	1310888	1312232	1314015	1315977	1317402	1319717	1321761
NR,T,TOTAL,FR721	339927	339927	339927 p	340785 p	341613 p	343062	343431	342911 p	342729	342908	343046	342807	343114	343309	343558	343547	344005	344355	344551	344710	345072	346640	348200	349376	351058	352441	353824	355195	356432	357952
NR,T,TOTAL,FR722	145045	145045	145045 p	145655 p	146219 p	146618	147035	147415 p	147577	148162	148380	148737	149057	149682	149830	149944	150118	150181	150457	150640	150977	151841	152740	153777	154630	155574	156449	157220	158305	158840
NR,T,TOTAL,FR723	227435	227435	227435 p	227255 p	227034 p	226565	226203	225686 p	224907	224006	223122	221834	220437	219484	217820	216165	214595	213246	211774	210410	209086	208285	207555	206895	206511	206508	206379	206639	206612	206658
NR,T,TOTAL,FR724	652856	652856	652856 p	650229 p	647501 p	644216	640999	638092 p	635469	632311	629416	628485	626639	623463	620571	617448	614688	612018	609162	606467	604239	602853	601736	600840	600033	599492	599325	598348	598368	598311
NR,T,TOTAL,FR8	8198161	8198161	8198161 p	8153897 p	8107943 p	8059242	8003604	7952099 p	7900601	7845198	7805617	7767597	7724094	7643494	7555374	7463073	7378601	7292312	7207281	7128119	7054942	7012834	6959288	6914767	6872762	6833388	6785494	6732193	6680680	6622057
NR,T,TOTAL,FR81	2815936	2815936	2815936 p	2794804 p	2772683 p	2751592	2729721	2700266 p	2670046	2636350	2610890	2581718	2560870	2534144	2497718	2459969	2424518	2388723	2353629	2322072	2292405	2273724	2249187	2229405	2209034	2192819	2175024	2153832	2135522	2115168
NR,T,TOTAL,FR811	369302	369302	369302 p	368311 p	366957 p	365478	364877	362339 p	359967	356467	353980	349237	345779	341022	336237	331267	326491	321972	317549	313341	309463	308125	305604	304530	303404	302569	301693	301045	300615	298917
NR,T,TOTAL,FR812	744966	744966	744966 p	741594 p	738189 p	736029	733201	725618 p	718357	709700	701883	694323	689847	683169	674062	664622	655892	646976	638166	630051	622509	618151	612981	608972	605413	602896	598655	593423	588745	584982
NR,T,TOTAL,FR813	1147246	1147246	1147246 p	1133886 p	1120190 p	1107398	1092331	1077627 p	1062036	1044558	1031974	1019798	1011207	1001041	985113	968476	952865	936987	921521	907747	894537	884890	872270	861681	850037	839568	829197	817317	805887	794642
NR,T,TOTAL,FR814	75810	75810	75810 p	76078 p	76309 p	76360	76607	76889 p	77156	77082	77163	76973	76880	76800	76298	75784	75314	74857	74348	73851	73513	73507	73219	73033	72884	72932	72763	72390	72650	72863
NR,T,TOTAL,FR815	478612	478612	478612 p	474935 p	471038 p	466327	462705	457793 p	452530	448543	445890	441387	437157	432112	426008	419820	413956	407931	402045	397082	392383	389051	385113	381189	377296	374854	372716	369657	367625	363764
NR,T,TOTAL,FR82	5047942	5047942	5047942 p	5028341 p	5007977 p	4983438	4953675	4935576 p	4916069	4899155	4889053	4882913	4864015	4815232	4768564	4719132	4675056	4629496	4584379	4541508	4502385	4479644	4451004	4426194	4405312	4383592	4356875	4326663	4293499	4257244
NR,T,TOTAL,FR821	161767	161767	161767 p	161814 p	161799 p	161588	161916	161241 p	160959	160149	159450	157965	156067	154501	152376	150051	147970	145750	143574	141454	139515	139454	138373	137453	136392	135216	134040	132739	131857	130911
NR,T,TOTAL,FR822	141384	141384	141384 p	141197 p	140916 p	139883	139279	139554 p	138605	136971	135836	134205	132482	130752	129453	128067	126721	125287	123873	122542	121338	120972	119433	118526	117530	116689	115376	114917	114193	113265
NR,T,TOTAL,FR823	1081455	1081455	1081455 p	1081896 p	1082440 p	1083312	1080771	1082014 p	1081244	1078729	1079100	1084428	1082465	1073184	1063500	1053182	1044429	1035271	1026455	1017956	1010644	1006282	1002360	1000154	998702	998779	993695	989251	981331	972380
NR,T,TOTAL,FR824	2035414	2035414	2035414 p	2026120 p	2016622 p	2006069	1993177	1984784 p	1975896	1972018	1967299	1966005	1958926	1937405	1921821	1905689	1891344	1876310	1860948	1846878	1833982	1824390	1815271	1809226	1802202	1794222	1788025	1777351	1768054	1758064
NR,T,TOTAL,FR825	1064536	1064536	1064536 p	1056735 p	1048652 p	1038212	1028583	1021669 p	1012735	1008183	1007303	1001408	995934	985099	972379	958745	946272	933602	921032	908895	897585	891598	882587	871505	864290	856303	846896	837166	825813	815714
NR,T,TOTAL,FR826	563386	563386	563386 p	560579 p	557548 p	554374	549949	546314 p	546630	543105	540065	538902	538141	534291	529035	523398	518320	513276	508497	503783	499321	496948	492980	489330	486196	482383	478843	475239	472251	466910
NR,T,TOTAL,FR83	334283	334283	334283 p	330752 p	327283 p	324212	320208	316257 p	314486	309693	305674	302966	299209	294118	289092	283972	279027	274093	269273	264539	260152	259466	259097	259168	258416	256977	253595	251698	251659	249645
NR,T,TOTAL,FR831	157488	157488	157488 p	155087 p	152730 p	151652	149234	145429 p	145846	143600	141330	140953	139362	135718	133128	130613	128098	125662	123185	120753	118466	118463	118712	119165	119753	119677	119594	119076	118863	118452
NR,T,TOTAL,FR832	176795	176795	176795 p	175665 p	174553 p	172560	170974	170828 p	168640	166093	164344	162013	159847	158400	155964	153359	150929	148431	146088	143786	141686	141003	140385	140003	138663	137300	134001	132622	132796	131193
NR,T,TOTAL,FRA	2187987	2187987	2187987 p	2171981 p	2155458 p	: 	: 	: 	: 	: 	: 	: 	: 	: 	: 	: 	: 	: 	: 	: 	: 	: 	: 	: 	: 	: 	: 	: 	: 	: 
NR,T,TOTAL,FRA1	429085	429085	429085 p	431602 p	433674 p	435293	437713	: 	: 	: 	: 	: 	: 	: 	: 	: 	: 	: 	: 	: 	: 	: 	: 	: 	: 	: 	: 	: 	: 	: 
NR,T,TOTAL,FRA10	429085	429085	429085 p	431602 p	433674 p	435293	437713	: 	: 	: 	: 	: 	: 	: 	: 	: 	: 	: 	: 	: 	: 	: 	: 	: 	: 	: 	: 	: 	: 	: 
NR,T,TOTAL,FRA2	374780	374780	374780 p	378043 p	380877 p	383911	385551	388364	392291	394173	396404	397693	397730	397732	395982	393852	391676	389302	386542	383575	380863	: 	: 	: 	: 	: 	: 	: 	: 	: 
NR,T,TOTAL,FRA20	374780	374780	374780 p	378043 p	380877 p	383911	385551	388364	392291	394173	396404	397693	397730	397732	395982	393852	391676	389302	386542	383575	380863	: 	: 	: 	: 	: 	: 	: 	: 	: 
NR,T,TOTAL,FRA3	274153	274153	274153 p	266812 p	259865 p	252338	244118	239648	237549	229040	224469	219266	213031	205954	199206	193167	184792	176638	168614	162018	155760	: 	: 	: 	: 	: 	: 	: 	: 	: 
NR,T,TOTAL,FRA30	274153	274153	274153 p	266812 p	259865 p	252338	244118	239648	237549	229040	224469	219266	213031	205954	199206	193167	184792	176638	168614	162018	155760	: 	: 	: 	: 	: 	: 	: 	: 	: 
NR,T,TOTAL,FRA4	860815	860815	860815 p	855992 p	850727 p	842767	835103	833944	828581	821136	816364	808250	794107	781962	772907	761630	750840	740207	729010	716314	703820	: 	: 	: 	: 	: 	: 	: 	: 	: 
NR,T,TOTAL,FRA40	860815	860815	860815 p	855992 p	850727 p	842767	835103	833944	828581	821136	816364	808250	794107	781962	772907	761630	750840	740207	729010	716314	703820	: 	: 	: 	: 	: 	: 	: 	: 	: 
NR,T,TOTAL,FRA5	249154	249154	249154 p	239532 p	230315 p	: 	: 	: 	: 	: 	: 	: 	: 	: 	: 	: 	: 	: 	: 	: 	: 	: 	: 	: 	: 	: 	: 	: 	: 	: 
NR,T,TOTAL,FRA50	249154	249154	249154 p	239532 p	230315 p	: 	: 	: 	: 	: 	: 	: 	: 	: 	: 	: 	: 	: 	: 	: 	: 	: 	: 	: 	: 	: 	: 	: 	: 	: 
NR,T,TOTAL,FRB	2565258	2570916	2576252	2577866	2578592	2577435	2570548	2563586 p	2556835	2548065	2538590	2531588	2526919	2519567	2507246	2494279	2484288	2472978	2461778	2450121	2440295	2438205	2432034	2424326	2418315	2410394	2403487	2393043	2381407	2369808
NR,T,TOTAL,FRB0	2565258	2570916	2576252	2577866	2578592	2577435	2570548	2563586 p	2556835	2548065	2538590	2531588	2526919	2519567	2507246	2494279	2484288	2472978	2461778	2450121	2440295	2438205	2432034	2424326	2418315	2410394	2403487	2393043	2381407	2369808
NR,T,TOTAL,FRB01	299060	301798	304256	307110	308992	310270	311650	311897 p	311694	311257	311022	313251	314599	314675	314642	314490	314781	314887	314636	314584	314603	315255	316121	316913	318250	319294	320257	321042	321274	321487
NR,T,TOTAL,FRB02	430911	432158	433233	433929	434035	433762	432967	432107 p	430416	428933	425502	423559	422411	421114	418968	416808	415032	413125	411292	409342	407707	408212	407793	406961	406368	405293	403528	401323	398575	395683
NR,T,TOTAL,FRB03	218810	220499	222232	223505	224200	226175	228091	228692 p	230175	231176	232268	232004	232799	232959	232612	232211	232155	231866	231681	231441	231365	232252	232829	233375	234056	234577	235831	236467	237109	237609
NR,T,TOTAL,FRB04	605840	606176	606511	606223	604966	603924	600252	596937 p	593683	590515	588420	585406	583086	580312	576366	572255	568765	564886	561151	557170	553690	551498	549262	546156	543482	540563	538147	534700	531644	529150
NR,T,TOTAL,FRB05	329276	330611	331915	332769	333050	333567	332001	331656 p	331280	330079	327868	326599	326291	325182	323489	321808	320536	319144	317783	316354	314995	314616	313660	312590	311590	310472	309798	308482	307217	305869
NR,T,TOTAL,FRB06	681361	679674	678105	674330	673349	669737	665587	662297 p	659587	656105	653510	650769	647733	645325	641169	636707	633019	629070	625235	621230	617935	616372	612369	608331	604569	600195	595926	591029	585588	580010
NR,T,TOTAL,FRC	2793333	2802590	2811423	2818338	2820940	2820623	2819783	2816814 p	2816174	2813878	2810648	2802519	2792562	2779461	2771934	2762934	2756739	2749892	2742346	2734330	2728086	2729147	2729120	2728671	2727049	2722947	2720016	2715591	2710540	2705826
NR,T,TOTAL,FRC1	1619728	1626272	1632887	1637941	1641205	1642551	1642687	1641130 p	1642734	1642115	1642440	1638588	1633891	1628837	1626190	1622456	1620757	1618437	1615651	1612818	1610833	1613233	1614401	1614875	1615509	1615153	1614605	1613265	1611236	1609399
NR,T,TOTAL,FRC11	533307	533615	533819	533213	533147	531380	529761	527403 p	525931	524358	524144	521608	519143	517168	515829	514022	512591	511197	509714	508015	506699	506212	505716	504022	502767	500929	499519	497563	495531	493471
NR,T,TOTAL,FRC12	202115	204574	207182	209161	211747	213569	215221	216786 p	218341	219584	220199	220653	221488	222220	222711	223050	223605	224139	224569	225054	225485	226776	227623	228568	229577	230146	230756	231731	232671	233450
NR,T,TOTAL,FRC13	550004	551790	553595	555023	555408	555788	556222	555039 p	555999	555663	554720	553968	551842	549361	548667	547660	547532	547138	546312	545723	545443	547472	549365	551555	553381	555171	556591	557729	558411	559360
NR,T,TOTAL,FRC14	334302	336293	338291	340544	340903	341814	341483	341902 p	342463	342510	343377	342359	341418	340088	338983	337724	337029	335963	335056	334026	333206	332773	331697	330730	329784	328907	327739	326242	324623	323118
NR,T,TOTAL,FRC2	1173605	1176318	1178536	1180397	1179735	1178072	1177096	1175684 p	1173440	1171763	1168208	1163931	1158671	1150624	1145744	1140478	1135982	1131455	1126695	1121512	1117253	1115914	1114719	1113796	1111540	1107794	1105411	1102326	1099304	1096427
NR,T,TOTAL,FRC21	539508	539453	539067	538549	536959	534710	533320	531062 p	529103	527770	525276	522685	520133	516157	513571	510794	508532	506241	503929	501423	499223	498613	497719	496848	495063	492812	491109	488956	486507	484264
NR,T,TOTAL,FRC22	258611	259461	260188	260517	260587	260681	260502	260932 p	261294	261534	261277	260740	258897	257399	256567	255536	254691	253875	252840	251811	250905	250917	250659	250869	250509	250294	250215	249821	249430	248707
NR,T,TOTAL,FRC23	234401	235528	236659	237242	237706	238347	238956	239750 p	239695	239548	239194	238548	237197	235867	234934	233991	233209	232305	231413	230380	229728	229150	229186	229104	229376	228548	228577	228657	228928	229478
NR,T,TOTAL,FRC24	141085	141876	142622	144089	144483	144334	144318	143940 p	143348	142911	142461	141958	142444	141201	140672	140157	139550	139034	138513	137898	137397	137234	137155	136975	136592	136140	135510	134892	134439	133978
NR,T,TOTAL,FRD	3313340	3322583	3330478	3335929	3339131	3335645	3328364	3322756 p	3315077	3310448	3303822	3293092	3278145	3267848	3259102	3249220	3240840	3231900	3221806	3211503	3202449	3198166	3192472	3185902	3179350	3171102	3162794	3151246	3139258	3126859
NR,T,TOTAL,FRD1	1464500	1469690	1474257	1477349	1479484	1479378	1478712	1477209 p	1475684	1473494	1470880	1467425	1461429	1456793	1452425	1447429	1442916	1437801	1432400	1426928	1421947	1418774	1416140	1411452	1408316	1405337	1402650	1397801	1394761	1390890
NR,T,TOTAL,FRD11	692463	693272	694002	693679	693579	691670	689945	687854 p	685262	683105	680908	678206	673667	671351	668210	664769	661498	658189	654684	651193	647951	644513	641868	637669	633738	631182	628687	625079	621780	618117
NR,T,TOTAL,FRD12	492733	494967	496883	498362	499287	499958	499919	499340 p	499531	498747	497762	496937	495153	492563	491110	489608	488260	486544	484848	483178	481466	481349	480858	480267	480310	479779	479877	479408	479820	479579
NR,T,TOTAL,FRD13	279304	281451	283372	285308	286618	287750	288848	290015 p	290891	291642	292210	292282	292609	292879	293105	293052	293158	293068	292868	292557	292530	292912	293414	293516	294268	294376	294086	293314	293161	293194
NR,T,TOTAL,FRD2	1848840	1852893	1856221	1858580	1859647	1856267	1849652	1845547 p	1839393	1836954	1832942	1825667	1816716	1811055	1806677	1801791	1797924	1794099	1789406	1784575	1780502	1779392	1776332	1774450	1771034	1765765	1760144	1753445	1744497	1735969
NR,T,TOTAL,FRD21	601388	601745	601843	602825	601948	598347	595043	591616 p	588111	586543	582822	577087	572105	567221	563316	559393	555822	552211	548502	544635	540918	539608	537186	534513	531677	528991	525823	522477	517478	513465
NR,T,TOTAL,FRD22	1247452	1251148	1254378	1255755	1257699	1257920	1254609	1253931 p	1251282	1250411	1250120	1248580	1244611	1243834	1243361	1242398	1242102	1241888	1240904	1239940	1239584	1239784	1239146	1239937	1239357	1236774	1234321	1230968	1227019	1222504
NR,T,TOTAL,FRE	5977437	5992448	6003815	6006870	6009976	6006156	5987883	5973098 p	5960170	5953001	5944354	5931091	5922030	5912999	5904641	5893957	5887707	5879893	5869901	5860802	5855448	5851772	5849947	5843500	5832496	5822230	5812705	5797478	5783059	5770671
NR,T,TOTAL,FRE1	4052299	4063653	4072379	4074448	4077886	4076061	4060741	4050756 p	4042015	4038157	4033197	4024490	4021676	4018644	4015613	4010548	4008628	4005577	4001142	3997864	3997467	3995437	3994535	3991531	3986346	3981783	3977782	3971196	3965393	3961703
NR,T,TOTAL,FRE11	2594456	2600035	2604361	2603723	2605238	2603472	2595536	2587128 p	2579208	2576770	2571940	2564959	2564950	2565257	2563886	2561038	2559871	2558213	2555959	2554638	2555471	2554942	2553508	2552731	2548948	2544978	2541429	2536843	2531624	2529495
NR,T,TOTAL,FRE12	1457843	1463618	1468018	1470725	1472648	1472589	1465205	1463628 p	1462807	1461387	1461257	1459531	1456726	1453387	1451727	1449510	1448757	1447364	1445183	1443226	1441996	1440495	1441027	1438800	1437398	1436805	1436353	1434353	1433769	1432208
NR,T,TOTAL,FRE2	1925138	1928795	1931436	1932422	1932090	1930095	1927142	1922342 p	1918155	1914844	1911157	1906601	1900354	1894355	1889028	1883409	1879079	1874316	1868759	1862938	1857981	1856335	1855412	1851969	1846150	1840447	1834923	1826282	1817666	1808968
NR,T,TOTAL,FRE21	529132	532032	534490	536136	538659	539783	540067	540888 p	541302	540508	539870	538790	537820	537061	536798	536464	536651	536784	536626	536260	536181	536629	537751	538017	538324	537926	538219	537755	537263	536896
NR,T,TOTAL,FRE22	824981	824901	824503	823542	821552	818680	815400	810300 p	805642	803595	801512	799725	796624	792975	789012	785007	781462	777612	773713	769848	766253	765111	763991	760914	755673	751362	746457	739642	732276	724587
NR,T,TOTAL,FRE23	571025	571862	572443	572744	571879	571632	571675	571154 p	571211	570741	569775	568086	565910	564319	563218	561938	560966	559920	558420	556830	555547	554595	553670	553038	552153	551159	550247	548885	548127	547485
NR,T,TOTAL,FRF	5525291	5538416	5549586	5555186	5559051	5554645	5552388	5548955 p	5539035	5532530	5531118	5521452	5506616	5490092	5475270	5458878	5446445	5432715	5416747	5400871	5387509	5378869	5374950	5364143	5353077	5339076	5323379	5303373	5288277	5274064
NR,T,TOTAL,FRF1	1894144	1892251	1889589	1884150	1879265	1872949	1868183	1859869 p	1852325	1845687	1843053	1837087	1827248	1815493	1803402	1791145	1779575	1768054	1756078	1743955	1732588	1719985	1710779	1699339	1687475	1675733	1662967	1647964	1635430	1622810
NR,T,TOTAL,FRF11	1130370	1128195	1125559	1121407	1116658	1112815	1109460	1104667 p	1099269	1095905	1094439	1091015	1084840	1079016	1071160	1063274	1055890	1048305	1040521	1032498	1025033	1016591	1009849	1002555	994932	987370	978610	968879	960320	952158
NR,T,TOTAL,FRF12	763774	764056	764030	762743	762607	760134	758723	755202 p	753056	749782	748614	746072	742408	736477	732242	727871	723685	719749	715557	711457	707555	703394	700930	696784	692543	688363	684357	679085	675110	670652
NR,T,TOTAL,FRF2	1314964	1321546	1328134	1333248	1338255	1339299	1339008	1339270 p	1336053	1335923	1337953	1338004	1339487	1338850	1339400	1339597	1340851	1341635	1341878	1342007	1343266	1346318	1347927	1349022	1350114	1349476	1348898	1347817	1348133	1346963
NR,T,TOTAL,FRF21	268178	270890	273579	275371	277752	279715	280907	282778 p	283110	283250	283296	284197	284749	285653	286425	287136	287820	288520	289041	289609	290452	291329	292175	292822	293368	294260	294604	294625	295676	296150
NR,T,TOTAL,FRF22	310063	310045	310020	308910	309056	308094	306581	305606 p	303997	303327	303298	301327	300840	299704	298483	297154	296294	295419	294310	293185	292317	292676	292712	292381	292575	291968	291359	290731	290118	289138
NR,T,TOTAL,FRF23	565322	567089	568895	570883	572293	570817	569999	568750 p	566571	565307	566145	566010	566491	565841	565675	565512	565830	565782	565535	565189	565366	565935	565798	565544	564908	563357	562053	560409	559006	557636
NR,T,TOTAL,FRF24	171401	173522	175640	178084	179154	180673	181521	182136 p	182375	184039	185214	186470	187407	187652	188817	189795	190907	191914	192992	194024	195131	196378	197242	198275	199263	199891	200882	202052	203333	204039
NR,T,TOTAL,FRF3	2316183	2324619	2331863	2337788	2341531	2342397	2345197	2349816 p	2350657	2350920	2350112	2346361	2339881	2335749	2332468	2328136	2326019	2323026	2318791	2314909	2311655	2312566	2316244	2315782	2315488	2313867	2311514	2307592	2304714	2304291
NR,T,TOTAL,FRF31	731615	732729	733481	733821	734403	732153	731004	733266 p	733124	732207	731019	729768	726592	725302	723797	721734	720638	719199	717358	715684	714295	715062	716448	717201	717273	716518	715492	713614	711758	711367
NR,T,TOTAL,FRF32	183633	185491	187187	189055	190626	191530	192094	192800 p	193557	193923	194003	194218	193962	193696	193637	193376	193321	193312	193019	192682	192443	192797	194338	194622	194887	195478	195709	195676	196043	196282
NR,T,TOTAL,FRF33	1038692	1041397	1043522	1045271	1044486	1045154	1046873	1046468 p	1045146	1045066	1044898	1042230	1039023	1036776	1034768	1032634	1031421	1029636	1027458	1025516	1023763	1022916	1022509	1020258	1019421	1017589	1015854	1013534	1011848	1010514
NR,T,TOTAL,FRF34	362243	365002	367673	369641	372016	373560	375226	377282 p	378830	379724	380192	380145	380304	379975	380266	380392	380639	380879	380956	381027	381154	381791	382949	383701	383907	384282	384459	384768	385065	386128
NR,T,TOTAL,FRG	3787400	3772852	3757600	3737632	3718512	3690833	3660852	3632614 p	3601113	3571495	3539048	3510170	3482594	3450413	3415391	3379784	3347675	3314649	3281679	3248994	3219960	3200459	3182305	3164039	3145757	3128438	3110784	3090225	3071600	3055197
NR,T,TOTAL,FRG0	3787400	3772852	3757600	3737632	3718512	3690833	3660852	3632614 p	3601113	3571495	3539048	3510170	3482594	3450413	3415391	3379784	3347675	3314649	3281679	3248994	3219960	3200459	3182305	3164039	3145757	3128438	3110784	3090225	3071600	3055197
NR,T,TOTAL,FRG01	1423365	1409260	1394909	1380852	1365227	1346592	1328620	1313321 p	1296364	1282052	1266358	1255871	1246798	1234085	1218810	1203474	1189157	1174492	1160239	1146058	1133247	1124006	1114088	1105020	1096033	1087854	1079601	1068983	1058966	1050539
NR,T,TOTAL,FRG02	815111	814441	813493	810934	810186	805888	800191	795557 p	790343	784810	780082	774823	770777	766659	761529	756253	751708	747089	742072	736867	732624	729551	727143	724324	720569	717037	713817	710269	707020	704668
NR,T,TOTAL,FRG03	306083	306747	307445	307688	307940	307471	307500	307453 p	307031	306337	305147	302983	300643	299000	296884	294813	293122	291126	289124	286970	285218	283893	283126	282376	281443	280569	279725	278701	278255	277748
NR,T,TOTAL,FRG04	562220	564393	566506	567561	568445	568760	569035	567382 p	565718	563518	561050	559587	556946	553484	550067	546270	543037	539720	536156	532765	529782	527687	526451	523975	522462	520465	518667	516652	514610	513280
NR,T,TOTAL,FRG05	680621	678011	675247	670597	666714	662122	655506	648901 p	641657	634778	626411	616906	607430	597185	588101	578974	570651	562222	554088	546334	539089	535322	531497	528344	525250	522513	518974	515620	512749	508962
NR,T,TOTAL,FRH	3333720	3326992	3318904	3306529	3293850	3276543	3258707	3237097 p	3217767	3199066	3175064	3149701	3120288	3094534	3066585	3037077	3009249	2981765	2954324	2927612	2904075	2888237	2870354	2853664	2840680	2830583	2822722	2811473	2803483	2794317
NR,T,TOTAL,FRH0	3333720	3326992	3318904	3306529	3293850	3276543	3258707	3237097 p	3217767	3199066	3175064	3149701	3120288	3094534	3066585	3037077	3009249	2981765	2954324	2927612	2904075	2888237	2870354	2853664	2840680	2830583	2822722	2811473	2803483	2794317
NR,T,TOTAL,FRH01	597327	598182	598814	598953	598357	597397	597085	595531 p	594375	591641	587519	581570	576049	570861	566688	562226	557831	553556	549503	545656	542398	541391	539324	536856	537009	536793	537435	537254	538213	538443
NR,T,TOTAL,FRH02	907331	908431	909028	908249	907796	905855	903921	901293 p	899870	897628	893914	890509	885906	883001	878532	873568	869205	865006	860540	855924	852273	849779	847075	844116	841298	840565	839672	838457	838401	838366
NR,T,TOTAL,FRH03	1074841	1067673	1060199	1051779	1042884	1032240	1019923	1007901 p	996439	988140	977449	967588	955846	945851	933885	921911	910367	898909	887423	876201	866111	857295	848726	840650	832855	826097	819455	812305	805129	797785
NR,T,TOTAL,FRH04	754221	752706	750863	747548	744813	741051	737778	732372 p	727083	721657	716182	710034	702487	694821	687480	679372	671846	664294	656858	649831	643293	639772	635229	632042	629518	627128	626160	623457	621740	619723
NR,T,TOTAL,FRI	5986318	5972150	5956978	5935603	5911482	5879144	5844177	5808594 p	5773078	5745486	5708497	5671076	5627671	5574821	5526990	5476513	5431745	5386308	5340843	5296850	5257954	5236483	5218947	5203511	5191946	5177699	5167099	5150556	5132928	5114287
NR,T,TOTAL,FRI1	3450045	3432480	3414585	3393297	3370578	3343326	3316889	3285970 p	3254233	3232352	3206137	3177625	3150890	3119778	3088196	3054587	3023922	2993132	2962914	2933223	2906748	2888793	2876822	2864475	2855720	2845808	2837490	2824048	2810508	2795610
NR,T,TOTAL,FRI11	410151	411978	413606	414789	415417	416350	416909	416384 p	415168	414149	412082	409388	406793	404052	401607	398994	396905	394747	392493	390272	388407	388050	387393	386685	386941	387114	387227	387066	387139	386690
NR,T,TOTAL,FRI12	1617189	1600341	1583384	1566679	1548478	1526016	1505517	1483712 p	1463662	1449245	1434661	1421276	1409345	1393758	1377991	1361225	1345768	1330095	1314667	1299777	1286072	1276453	1270159	1263427	1256465	1249226	1243092	1233378	1223957	1213540
NR,T,TOTAL,FRI13	410346	408883	407444	405010	403234	400477	397226	392884 p	387929	384320	379341	373142	367492	362827	357544	351827	346620	341456	336470	331510	327240	325077	323150	321240	319778	318630	317126	315261	313287	311507
NR,T,TOTAL,FRI14	331202	331946	332842	332833	333417	333234	333180	332119 p	330866	331123	329697	326399	324170	322292	319719	316872	314421	311984	309679	307415	305482	304968	304591	304064	304310	304044	304579	304994	305470	305797
NR,T,TOTAL,FRI15	681157	679332	677309	673986	670032	667249	664057	660871 p	656608	653515	650356	647420	643090	636849	631335	625669	620208	614850	609605	604249	599547	594245	591529	589059	588226	586794	585466	583349	580655	578076
NR,T,TOTAL,FRI2	729981	732313	734528	736015	738031	738120	737509	738633 p	741072	742771	741785	740743	737001	730920	727487	723906	721351	718716	715796	713249	711471	712602	714047	715315	716942	718530	719702	720921	721882	723460
NR,T,TOTAL,FRI21	240870	241197	241464	241535	241871	241340	240781	241247 p	242454	243551	243352	242896	242038	240363	239185	237823	236805	235775	234567	233631	232819	233347	233767	234541	235422	235827	236308	236942	237510	238051
NR,T,TOTAL,FRI22	117071	117846	118638	119502	120365	120581	120872	121517 p	122560	123029	123584	123907	123861	123401	123423	123561	123797	123953	124095	124303	124597	125314	125856	126359	127002	127959	128976	129648	130554	131585
NR,T,TOTAL,FRI23	372040	373270	374426	374978	375795	376199	375856	375869 p	376058	376191	374849	373940	371102	367156	364879	362522	360749	358988	357134	355315	354055	353941	354424	354415	354518	354744	354418	354331	353818	353824
NR,T,TOTAL,FRI3	1806292	1807357	1807865	1806291	1802873	1797698	1789779	1783991 p	1777773	1770363	1760575	1752708	1739780	1724123	1711307	1698020	1686472	1674460	1662133	1650378	1639735	1635088	1628078	1623721	1619284	1613361	1609907	1605587	1600538	1595217
NR,T,TOTAL,FRI31	349643	351052	352335	353288	353613	353853	353482	353657 p	352705	351577	351563	351581	349535	347037	345911	344708	343894	343012	341959	340761	339828	339932	340431	340786	341371	341750	342381	342242	342244	342041
NR,T,TOTAL,FRI32	646194	645286	644303	642191	639938	637089	633417	628733 p	625682	622323	616607	611714	605410	598915	592640	586082	579877	573817	567617	561742	556419	552641	547041	543835	540779	538260	535893	533431	530632	527186
NR,T,TOTAL,FRI33	373100	373712	374351	374743	374435	373553	371632	371583 p	370939	369270	366339	365059	362944	359711	357319	354914	352970	350799	348599	346432	344486	344574	344760	345255	345256	345181	345534	345831	345801	346027
NR,T,TOTAL,FRI34	437355	437307	436876	436069	434887	433203	431248	430018 p	428447	427193	426066	424354	421891	418460	415437	412316	409731	406832	403958	401443	399002	397941	395846	393845	391878	388170	386099	384083	381861	379963
NR,T,TOTAL,FRJ	5899209	5872889	5845102	5808435	5774185	5730753	5683878	5626858 p	5573466	5518106	5473597	5419946	5371117	5310966	5240791	5167552	5099077	5030703	4962851	4900326	4842680	4807490	4769512	4736347	4703840	4676452	4651399	4615465	4580630	4546249
NR,T,TOTAL,FRJ1	2838966	2825236	2810383	2793303	2772683	2751592	2729721	2700266 p	2670046	2636350	2610890	2581718	2560870	2534144	2497718	2459969	2424518	2388723	2353629	2322072	2292405	2273724	2249187	2229405	2209034	2192819	2175024	2153832	2135522	2115168
NR,T,TOTAL,FRJ11	371822	371179	370260	368025	366957	365478	364877	362339 p	359967	356467	353980	349237	345779	341022	336237	331267	326491	321972	317549	313341	309463	308125	305604	304530	303404	302569	301693	301045	300615	298917
NR,T,TOTAL,FRJ12	747151	745904	744178	742006	738189	736029	733201	725618 p	718357	709700	701883	694323	689847	683169	674062	664622	655892	646976	638166	630051	622509	618151	612981	608972	605413	602896	598655	593423	588745	584982
NR,T,TOTAL,FRJ13	1166070	1155526	1144892	1132481	1120190	1107398	1092331	1077627 p	1062036	1044558	1031974	1019798	1011207	1001041	985113	968476	952865	936987	921521	907747	894537	884890	872270	861681	850037	839568	829197	817317	805887	794642
NR,T,TOTAL,FRJ14	76401	76480	76601	76422	76309	76360	76607	76889 p	77156	77082	77163	76973	76880	76800	76298	75784	75314	74857	74348	73851	73513	73507	73219	73033	72884	72932	72763	72390	72650	72863
NR,T,TOTAL,FRJ15	477522	476147	474452	474369	471038	466327	462705	457793 p	452530	448543	445890	441387	437157	432112	426008	419820	413956	407931	402045	397082	392383	389051	385113	381189	377296	374854	372716	369657	367625	363764
NR,T,TOTAL,FRJ2	3060243	3047653	3034719	3015132	3001502	2979161	2954157	2926592 p	2903420	2881756	2862707	2838228	2810247	2776822	2743073	2707583	2674559	2641980	2609222	2578254	2550275	2533766	2520325	2506942	2494806	2483633	2476375	2461633	2445108	2431081
NR,T,TOTAL,FRJ21	152750	152927	153153	153067	152499	152574	152684	152366 p	152286	152038	151117	150201	148568	146289	144888	143371	142043	140681	139388	138199	137201	136732	136544	136219	136496	136613	136632	136870	136772	136681
NR,T,TOTAL,FRJ22	278703	278887	279206	278697	279169	278644	277740	276229 p	275813	276805	277048	275889	274425	273377	271979	270275	269114	267766	266369	265065	264048	264419	265027	265492	266473	267025	267728	268535	269114	270408
NR,T,TOTAL,FRJ23	1388447	1375608	1362672	1348183	1335103	1317668	1298562	1279349 p	1260226	1243641	1230820	1217344	1202920	1186330	1165193	1143706	1122778	1102414	1082140	1062514	1044208	1029466	1016846	1004166	991133	979110	970746	955129	938877	925116
NR,T,TOTAL,FRJ24	190354	190691	191091	190664	190932	190625	190276	189530 p	188893	188159	187181	185266	183615	181375	179995	178515	177185	176049	174681	173522	172484	172580	172401	172560	172650	173194	173735	174102	174899	174746
NR,T,TOTAL,FRJ25	173521	173655	173828	173347	173400	173648	173758	174346 p	174754	174578	173562	172796	171173	169531	168271	166873	165493	164076	162680	161375	160230	159657	159074	158363	157977	157694	157211	156980	156262	155970
NR,T,TOTAL,FRJ26	227417	228101	228530	227829	228582	228950	228868	228854 p	229228	229458	229670	229079	228594	227736	227083	226132	225411	224657	223930	223299	222631	222764	223109	223560	223936	223834	224676	224823	225026	224919
NR,T,TOTAL,FRJ27	387854	387996	387890	386448	386543	384474	381927	378947 p	377675	375379	374018	371738	369189	365335	361932	358395	355243	352122	348900	345859	343444	342629	342116	341940	341873	342309	342402	342264	342545	342946
NR,T,TOTAL,FRJ28	261197	259788	258349	256897	255274	252578	250342	246971 p	244545	241698	239291	235915	231763	226849	223732	220316	217292	214215	211134	208421	206029	205519	205208	204642	204268	203854	203245	202930	201613	200295
NR,T,TOTAL,FRK	8005882	7977170	7948287	7916889	7877698	7820966	7757595	7695264 p	7634223	7578078	7518004	7459092	7405206	7357284	7295515	7231833	7173919	7115944	7057821	7000751	6949608	6918402	6890849	6862646	6837322	6812295	6790892	6750446	6708765	6668168
NR,T,TOTAL,FRK1	1362576	1363209	1364156	1363392	1362367	1360461	1357668	1354104 p	1350682	1347387	1343964	1341863	1339247	1335938	1331779	1327104	1323406	1319800	1315944	1312227	1309374	1309619	1310231	1310888	1312232	1314015	1315977	1317402	1319717	1321761
NR,T,TOTAL,FRK11	333659	335884	337988	339384	341613	343062	343431	342911 p	342729	342908	343046	342807	343114	343309	343558	343547	344005	344355	344551	344710	345072	346640	348200	349376	351058	352441	353824	355195	356432	357952
NR,T,TOTAL,FRK12	143592	144271	145143	145969	146219	146618	147035	147415 p	147577	148162	148380	148737	149057	149682	149830	149944	150118	150181	150457	150640	150977	151841	152740	153777	154630	155574	156449	157220	158305	158840
NR,T,TOTAL,FRK13	227082	227117	227283	227339	227034	226565	226203	225686 p	224907	224006	223122	221834	220437	219484	217820	216165	214595	213246	211774	210410	209086	208285	207555	206895	206511	206508	206379	206639	206612	206658
NR,T,TOTAL,FRK14	658243	655937	653742	650700	647501	644216	640999	638092 p	635469	632311	629416	628485	626639	623463	620571	617448	614688	612018	609162	606467	604239	602853	601736	600840	600033	599492	599325	598348	598368	598311
NR,T,TOTAL,FRK2	6643306	6613961	6584131	6553497	6515331	6460505	6399927	6341160 p	6283541	6230691	6174040	6117229	6065959	6021346	5963736	5904729	5850513	5796144	5741877	5688524	5640234	5608783	5580618	5551758	5525090	5498280	5474915	5433044	5389048	5346407
NR,T,TOTAL,FRK21	652437	647810	643350	638425	631877	626127	619497	612191 p	603827	597341	588853	581355	574377	566740	558968	550939	543136	535616	528195	521103	514331	509520	504201	499310	495127	491135	488244	482557	476982	470651
NR,T,TOTAL,FRK22	326485	326166	325712	325157	324209	322381	320379	318407 p	317277	315090	313578	311452	309456	306238	303117	300021	296960	293922	291079	288386	285889	285181	283811	282838	281487	280897	280263	279438	278688	277651
NR,T,TOTAL,FRK23	517703	514759	511553	508006	504637	499159	494712	491334 p	487993	484715	482984	478069	473428	468608	463976	459076	454702	450214	445862	441480	437654	435256	432251	429211	427508	424626	422575	419445	417019	413829
NR,T,TOTAL,FRK24	1263351	1261373	1258722	1252912	1251060	1243597	1235387	1224993 p	1215212	1206374	1197038	1188660	1178714	1169491	1157903	1145897	1135080	1124185	1113017	1102331	1092778	1085203	1076887	1067838	1059768	1051932	1044677	1035067	1024568	1015238
NR,T,TOTAL,FRK25	764233	763515	762941	761997	759411	757305	756715	753763 p	749053	748947	746115	742076	740668	741269	739393	737297	735780	734267	732528	730614	729081	731657	735287	738670	740191	742659	744067	744283	744872	746101
NR,T,TOTAL,FRK26	1865534	1854427	1843319	1835903	1821995	1801885	1779845	1762866 p	1744236	1725177	1708671	1690498	1677073	1669655	1655211	1640876	1628151	1615116	1601972	1588910	1577095	1566215	1561309	1556437	1551482	1546144	1540976	1530190	1517429	1507113
NR,T,TOTAL,FRK27	432181	431704	431174	429681	428204	426924	423715	421105 p	418949	414959	411007	408842	405535	403090	398546	393868	389544	385099	380731	376516	372752	369897	366909	363987	362340	360303	358484	355281	351656	348089
NR,T,TOTAL,FRK28	821382	814207	807360	801416	793938	783127	769677	756501 p	746994	738088	725794	716277	706708	696255	686622	676755	667160	657725	648493	639184	630654	625854	619963	613467	607187	600584	595629	586783	577834	567735
NR,T,TOTAL,FRL	5048405	5039966	5030890	5021928	5007977	4983438	4953675	4935576 p	4916069	4899155	4889053	4882913	4864015	4815232	4768564	4719132	4675056	4629496	4584379	4541508	4502385	4479644	4451004	4426194	4405312	4383592	4356875	4326663	4293499	4257244
NR,T,TOTAL,FRL0	5048405	5039966	5030890	5021928	5007977	4983438	4953675	4935576 p	4916069	4899155	4889053	4882913	4864015	4815232	4768564	4719132	4675056	4629496	4584379	4541508	4502385	4479644	4451004	4426194	4405312	4383592	4356875	4326663	4293499	4257244
NR,T,TOTAL,FRL01	164843	164439	163915	162565	161799	161588	161916	161241 p	160959	160149	159450	157965	156067	154501	152376	150051	147970	145750	143574	141454	139515	139454	138373	137453	136392	135216	134040	132739	131857	130911
NR,T,TOTAL,FRL02	141651	141476	141284	141107	140916	139883	139279	139554 p	138605	136971	135836	134205	132482	130752	129453	128067	126721	125287	123873	122542	121338	120972	119433	118526	117530	116689	115376	114917	114193	113265
NR,T,TOTAL,FRL03	1080815	1082023	1083310	1083704	1082440	1083312	1080771	1082014 p	1081244	1078729	1079100	1084428	1082465	1073184	1063500	1053182	1044429	1035271	1026455	1017956	1010644	1006282	1002360	1000154	998702	998779	993695	989251	981331	972380
NR,T,TOTAL,FRL04	2031409	2027835	2024162	2019717	2016622	2006069	1993177	1984784 p	1975896	1972018	1967299	1966005	1958926	1937405	1921821	1905689	1891344	1876310	1860948	1846878	1833982	1824390	1815271	1809226	1802202	1794222	1788025	1777351	1768054	1758064
NR,T,TOTAL,FRL05	1068920	1064001	1058740	1055821	1048652	1038212	1028583	1021669 p	1012735	1008183	1007303	1001408	995934	985099	972379	958745	946272	933602	921032	908895	897585	891598	882587	871505	864290	856303	846896	837166	825813	815714
NR,T,TOTAL,FRL06	560767	560192	559479	559014	557548	554374	549949	546314 p	546630	543105	540065	538902	538141	534291	529035	523398	518320	513276	508497	503783	499321	496948	492980	489330	486196	482383	478843	475239	472251	466910
NR,T,TOTAL,FRM	341554	338273	334938	330455	327283	324212	320208	316257 p	314486	309693	305674	302966	299209	294118	289092	283972	279027	274093	269273	264539	260152	259466	259097	259168	258416	256977	253595	251698	251659	249645
NR,T,TOTAL,FRM0	341554	338273	334938	330455	327283	324212	320208	316257 p	314486	309693	305674	302966	299209	294118	289092	283972	279027	274093	269273	264539	260152	259466	259097	259168	258416	256977	253595	251698	251659	249645
NR,T,TOTAL,FRM01	160760	159003	157249	154303	152730	151652	149234	145429 p	145846	143600	141330	140953	139362	135718	133128	130613	128098	125662	123185	120753	118466	118463	118712	119165	119753	119677	119594	119076	118863	118452
NR,T,TOTAL,FRM02	180794	179270	177689	176152	174553	172560	170974	170828 p	168640	166093	164344	162013	159847	158400	155964	153359	150929	148431	146088	143786	141686	141003	140385	140003	138663	137300	134001	132622	132796	131193
NR,T,TOTAL,FRY	2190929	2181172	2170683	2169599	2157332	2138022	: 	: 	: 	: 	: 	: 	: 	: 	: 	: 	: 	: 	: 	: 	: 	: 	: 	: 	: 	: 	: 	: 	: 	: 
NR,T,TOTAL,FRY1	416474	420941	425587	429856	433674	435293	437713	: 	: 	: 	: 	: 	: 	: 	: 	: 	: 	: 	: 	: 	: 	: 	: 	: 	: 	: 	: 	: 	: 	: 
NR,T,TOTAL,FRY10	416474	420941	425587	429856	433674	435293	437713	: 	: 	: 	: 	: 	: 	: 	: 	: 	: 	: 	: 	: 	: 	: 	: 	: 	: 	: 	: 	: 	: 	: 
NR,T,TOTAL,FRY2	363484	368050	372594	376480	380877	383911	385551	388364 p	392291	394173	396404	397693	397730	397732	395982	393852	391676	389302	386542	383575	380863	377221	373873	370818	368045	365554	363344	361420	359774	358406
NR,T,TOTAL,FRY20	363484	368050	372594	376480	380877	383911	385551	388364 p	392291	394173	396404	397693	397730	397732	395982	393852	391676	389302	386542	383575	380863	377221	373873	370818	368045	365554	363344	361420	359774	358406
NR,T,TOTAL,FRY3	283539	276127	268700	269352	259865	252338	244118	239648 p	237549	229040	224469	219266	213031	205954	199206	193167	184792	176638	168614	162018	155760	150242	144937	139848	134968	130282	125786	121469	117327	113351
NR,T,TOTAL,FRY30	283539	276127	268700	269352	259865	252338	244118	239648 p	237549	229040	224469	219266	213031	205954	199206	193167	184792	176638	168614	162018	155760	150242	144937	139848	134968	130282	125786	121469	117327	113351
NR,T,TOTAL,FRY4	857961	856148	853659	852924	850727	842767	835103	833944 p	828581	821136	816364	808250	794107	781962	772907	761630	750840	740207	729010	716314	703820	692184	680185	668915	657162	645093	633030	620333	607837	597828
NR,T,TOTAL,FRY40	857961	856148	853659	852924	850727	842767	835103	833944 p	828581	821136	816364	808250	794107	781962	772907	761630	750840	740207	729010	716314	703820	692184	680185	668915	657162	645093	633030	620333	607837	597828
NR,T,TOTAL,FRY5	269471	259906	250143	240987	232189	223713	: 	: 	: 	: 	: 	: 	: 	: 	: 	: 	: 	: 	: 	: 	: 	: 	: 	: 	: 	: 	: 	: 	: 	: 
NR,T,TOTAL,FRY50	269471	259906	250143	240987	232189	223713	: 	: 	: 	: 	: 	: 	: 	: 	: 	: 	: 	: 	: 	: 	: 	: 	: 	: 	: 	: 	: 	: 	: 	: 
NR,T,TOTAL,HR	4076246	4105493	4154213	4190669	4225316	4246809	4262140	4275984	4289857	4302847	4309796	4311967	4313530	4312487	4310861	4305725	4305384	4305494	4295406	4497735	4527459	4536812	4533028	4581167	4658893	4645155	4555771	4595866	4782179	4772556
NR,T,TOTAL,HR0	4076246	4105493	4154213	4190669	4225316	4246809	4262140	4275984	4289857	4302847	4309796	4311967	4313530	4312487	4310861	4305725	4305384	4305494	4295406	4497735	: 	: 	: 	: 	: 	: 	: 	: 	: 	: 
NR,T,TOTAL,HR03	1374071	1378339	1387363	1394290	1402229	1405908	1407798	1410551	1413426	1415971	1415015	1412009	1406970	1399795	1392937	1384187	1378357	1371890	1363190	: 	: 	: 	: 	: 	: 	: 	: 	: 	: 	: 
NR,T,TOTAL,HR031	283405	285432	288328	290579	293172	294294	295067	295826	296585	297262	297433	297872	297534	297144	296755	296537	296542	296675	296416	: 	: 	: 	: 	: 	: 	: 	: 	: 	: 	: 
NR,T,TOTAL,HR032	44834	45450	46485	47213	48150	48976	49505	50333	51060	51804	52673	53290	53871	54311	55126	55193	55190	55496	55914	: 	: 	: 	: 	: 	: 	: 	: 	: 	: 	: 
NR,T,TOTAL,HR033	168031	168302	169306	169853	170975	171642	171380	170775	170053	169292	168467	167152	165497	163265	161250	159369	157641	155859	154111	: 	: 	: 	: 	: 	: 	: 	: 	: 	: 	: 
NR,T,TOTAL,HR034	99633	100695	102238	103608	105041	105819	106910	108296	109687	110925	111680	111645	111642	111207	110888	110640	110470	110157	109694	: 	: 	: 	: 	: 	: 	: 	: 	: 	: 	: 
NR,T,TOTAL,HR035	447723	448812	451226	452841	454229	455046	454867	454961	455021	455278	454687	453798	452345	450287	447379	443153	440715	437669	432879	: 	: 	: 	: 	: 	: 	: 	: 	: 	: 	: 
NR,T,TOTAL,HR036	209020	208323	208109	207939	208262	207892	207608	207864	208355	208684	208063	207141	205694	204024	202622	201024	199711	198341	197222	: 	: 	: 	: 	: 	: 	: 	: 	: 	: 	: 
NR,T,TOTAL,HR037	121425	121325	121671	122257	122400	122239	122461	122496	122665	122726	122012	121111	120387	119557	118917	118271	118088	117693	116954	: 	: 	: 	: 	: 	: 	: 	: 	: 	: 	: 
NR,T,TOTAL,HR04	2702175	2727154	2766850	2796379	2823087	2840901	2854342	2865433	2876431	2886876	2894781	2899958	2906560	2912692	2917924	2921538	2927027	2933604	2932216	: 	: 	: 	: 	: 	: 	: 	: 	: 	: 	: 
NR,T,TOTAL,HR041	806341	803900	803647	801349	799999	796866	794101	791883	789655	787448	784532	782128	779521	777216	776540	773543	772115	773205	770392	: 	: 	: 	: 	: 	: 	: 	: 	: 	: 	: 
NR,T,TOTAL,HR042	309306	310561	313072	315529	317875	318679	318702	318235	317488	316539	315088	313337	311394	309164	306728	304333	301314	298520	295309	: 	: 	: 	: 	: 	: 	: 	: 	: 	: 	: 
NR,T,TOTAL,HR043	124786	125849	127060	128469	129547	130510	131392	132267	133063	133781	134126	134666	135553	136302	136629	137305	138139	138941	139728	: 	: 	: 	: 	: 	: 	: 	: 	: 	: 	: 
NR,T,TOTAL,HR044	166658	167768	169805	171320	172775	173974	174854	175585	176095	176628	177075	177601	177905	178261	178433	178928	179733	180400	180869	: 	: 	: 	: 	: 	: 	: 	: 	: 	: 	: 
NR,T,TOTAL,HR045	107076	108454	110129	111782	113019	114089	114580	115148	115800	116435	117113	117588	118117	118839	119290	119960	120650	121277	121689	: 	: 	: 	: 	: 	: 	: 	: 	: 	: 	: 
NR,T,TOTAL,HR046	109537	110456	111669	112371	112858	113284	113545	113693	113856	113862	113767	113830	113958	114075	114055	114106	114131	114158	113973	: 	: 	: 	: 	: 	: 	: 	: 	: 	: 	: 
NR,T,TOTAL,HR047	107186	108829	110841	112848	114805	116160	117508	118722	120139	121325	122370	123308	124517	125577	126528	127445	128518	129438	130217	: 	: 	: 	: 	: 	: 	: 	: 	: 	: 	: 
NR,T,TOTAL,HR048	74521	76131	78239	79886	81498	82612	83437	84273	85041	85836	86913	87559	88362	89092	89697	90710	91224	91679	92294	: 	: 	: 	: 	: 	: 	: 	: 	: 	: 	: 
NR,T,TOTAL,HR049	67028	68708	70937	72769	74452	75446	76168	77256	78287	79126	80017	80562	81145	81727	82174	82612	83028	83322	83492	: 	: 	: 	: 	: 	: 	: 	: 	: 	: 	: 
NR,T,TOTAL,HR04A	138804	141857	146288	149769	152834	154987	156681	157850	158886	160161	161329	161874	162375	162904	163207	163791	164391	164886	164642	: 	: 	: 	: 	: 	: 	: 	: 	: 	: 	: 
NR,T,TOTAL,HR04B	275056	280145	287124	292494	296685	299715	301961	303904	305526	307346	308696	310045	312424	314458	315925	316981	318223	318576	318415	: 	: 	: 	: 	: 	: 	: 	: 	: 	: 	: 
NR,T,TOTAL,HR04C	152494	156599	163324	167721	171395	174593	176885	178309	180093	182149	183593	184209	184739	185684	186625	187631	189111	190321	190486	: 	: 	: 	: 	: 	: 	: 	: 	: 	: 	: 
NR,T,TOTAL,HR04D	116166	117453	119464	121261	123000	124820	126299	127708	129280	130570	132131	133225	134337	135489	136580	137584	138624	139861	140809	: 	: 	: 	: 	: 	: 	: 	: 	: 	: 	: 
NR,T,TOTAL,HR04E	147216	150444	155251	158811	162345	165166	168229	170600	173222	175670	178031	180026	182213	183904	185513	186609	187826	189020	189901	: 	: 	: 	: 	: 	: 	: 	: 	: 	: 	: 
NR,T,TOTAL,HU	9772756	9778371	9797561	9830485	9855571	9877365	9908798	9931925 b	9985722	10014324	10030975	10045401	10066158	10076581	10097549	10116742	10142362	10174853	10200298	10221644	10253416	10279724	10301247	10321229	10336700	10350010	10365035	10373647	10373153	10374823
NR,T,TOTAL,HU1	3031160	3011598	3000076	2993948	2983733	2965413	2953883	2940818 b	2971246	2951436	2925500	2897317	2872678	2855670	2840972	2829704	2824754	2829047	2831107	2845949	: 	: 	: 	: 	: 	: 	: 	: 	: 	: 
NR,T,TOTAL,HU10	3000076	3000076	3000076	2993948	2983733	2965413	2953883	2940818 b	2971246	2951436	2925500	2897317	2872678	2855670	2840972	2829704	2824754	2829047	2831107	2845949	: 	: 	: 	: 	: 	: 	: 	: 	: 	: 
NR,T,TOTAL,HU101	1752704	1752704	1752704	1759407	1757618	1744665	1735711	1727495 b	1733685	1721556	1712210	1702297	1696128	1698106	1697343	1705309	1719342	: 	1759209	: 	: 	: 	: 	: 	: 	: 	: 	: 	: 	: 
NR,T,TOTAL,HU102	1247372	1247372	1247372	1234541	1226115	1220748	1218172	1213323 b	1237561	1229880	1213290	1195020	1176550	1157564	1143629	1124395	1105412	: 	1071898	: 	: 	: 	: 	: 	: 	: 	: 	: 	: 	: 
NR,T,TOTAL,HU11	1752286	1749734	1752704	1759407	1757618	1744665	: 	: 	: 	: 	: 	: 	: 	: 	: 	: 	: 	: 	: 	: 	: 	: 	: 	: 	: 	: 	: 	: 	: 	: 
NR,T,TOTAL,HU110	1752286	1749734	1752704	1759407	1757618	1744665	: 	: 	: 	: 	: 	: 	: 	: 	: 	: 	: 	: 	: 	: 	: 	: 	: 	: 	: 	: 	: 	: 	: 	: 
NR,T,TOTAL,HU12	1278874	1261864	1247372	1234541	1226115	1220748	: 	: 	: 	: 	: 	: 	: 	: 	: 	: 	: 	: 	: 	: 	: 	: 	: 	: 	: 	: 	: 	: 	: 	: 
NR,T,TOTAL,HU120	1278874	1261864	1247372	1234541	1226115	1220748	: 	: 	: 	: 	: 	: 	: 	: 	: 	: 	: 	: 	: 	: 	: 	: 	: 	: 	: 	: 	: 	: 	: 	: 
NR,T,TOTAL,HU2	2927175	2927867	2933571	2945504	2956463	2971203	2985161	2995203 b	3029387	3043030	3054301	3062868	3074491	3078966	3088710	3099781	3107407	3117035	3122255	3123335	: 	: 	: 	: 	: 	: 	: 	: 	: 	: 
NR,T,TOTAL,HU21	1058236	1055570	1056097	1060703	1063408	1069190	1074702	1079589 b	1094104	1098654	1103132	1104841	1107453	1108124	1110897	1112984	1113671	1120610	1120730	1119047	: 	: 	: 	: 	: 	: 	: 	: 	: 	: 
NR,T,TOTAL,HU211	417712	416691	416215	418487	417651	419506	421086	421927 b	426120	427416	428295	428572	428711	428332	428798	428579	428409	: 	428115	: 	: 	: 	: 	: 	: 	: 	: 	: 	: 	: 
NR,T,TOTAL,HU212	299207	297454	297381	297914	299110	300677	302451	303864 b	311411	312431	314450	314649	315036	314783	315544	315886	315515	: 	316998	: 	: 	: 	: 	: 	: 	: 	: 	: 	: 	: 
NR,T,TOTAL,HU213	341317	341425	342501	344302	346647	349007	351165	353798 b	356573	358807	360387	361620	363706	365009	366555	368519	369747	: 	375617	: 	: 	: 	: 	: 	: 	: 	: 	: 	: 	: 
NR,T,TOTAL,HU22	989343	985457	983251	983933	983925	984521	985279	984399 b	994698	996390	998187	997939	999361	1000142	1000348	1003185	1004328	1002959	1003854	1004598	: 	: 	: 	: 	: 	: 	: 	: 	: 	: 
NR,T,TOTAL,HU221	467144	461518	457344	455217	452638	450318	448312	444935 b	449967	448435	447033	444384	442667	441606	439922	440138	439046	: 	434209	: 	: 	: 	: 	: 	: 	: 	: 	: 	: 	: 
NR,T,TOTAL,HU222	253551	253305	253109	253689	253997	254580	255294	256215 b	257688	259364	260950	261877	263251	264361	265229	266342	267429	: 	269149	: 	: 	: 	: 	: 	: 	: 	: 	: 	: 	: 
NR,T,TOTAL,HU223	268648	270634	272798	275027	277290	279623	281673	283249 b	287043	288591	290204	291678	293443	294175	295197	296705	297853	: 	300496	: 	: 	: 	: 	: 	: 	: 	: 	: 	: 	: 
NR,T,TOTAL,HU23	879596	886840	894223	900868	909130	917492	925180	931215 b	940585	947986	952982	960088	967677	970700	977465	983612	989408	993466	997671	999690	: 	: 	: 	: 	: 	: 	: 	: 	: 	: 
NR,T,TOTAL,HU231	360704	363721	365726	368135	371110	373984	377142	380904 b	391455	393758	394911	396633	398215	398355	400313	402260	404709	: 	408147	: 	: 	: 	: 	: 	: 	: 	: 	: 	: 	: 
NR,T,TOTAL,HU232	301429	303802	306698	309115	312084	315512	318096	318778 b	317947	320578	322197	325024	328496	329399	331802	334065	335701	: 	337930	: 	: 	: 	: 	: 	: 	: 	: 	: 	: 	: 
NR,T,TOTAL,HU233	217463	219317	221799	223618	225936	227996	229942	231533 b	231183	233650	235874	238431	240966	242946	245350	247287	248998	: 	251594	: 	: 	: 	: 	: 	: 	: 	: 	: 	: 	: 
NR,T,TOTAL,HU3	3814421	3838906	3863914	3891033	3915375	3940749	3969754	3995904 b	3985089	4019858	4051174	4085216	4118989	4141945	4167867	4187257	4210201	4228771	4246936	4252230	: 	: 	: 	: 	: 	: 	: 	: 	: 	: 
NR,T,TOTAL,HU31	1126360	1134945	1143902	1153714	1164813	1176894	1189441	1200831 b	1194697	1209142	1223238	1236690	1251441	1261489	1271111	1280040	1288960	1296504	1302835	1304597	: 	: 	: 	: 	: 	: 	: 	: 	: 	: 
NR,T,TOTAL,HU311	642447	648216	654402	660549	667594	674999	682350	688922 b	684793	692771	701160	709634	718951	725779	731854	738143	744484	: 	753497	: 	: 	: 	: 	: 	: 	: 	: 	: 	: 	: 
NR,T,TOTAL,HU312	294609	295792	296927	299219	301296	303503	306336	309175 b	307985	311454	314441	316874	319460	320886	322756	323769	325029	: 	327733	: 	: 	: 	: 	: 	: 	: 	: 	: 	: 	: 
NR,T,TOTAL,HU313	189304	190937	192573	193946	195923	198392	200755	202734 b	201919	204917	207637	210182	213030	214824	216501	218128	219447	: 	221605	: 	: 	: 	: 	: 	: 	: 	: 	: 	: 	: 
NR,T,TOTAL,HU32	1450960	1460096	1468088	1474383	1479522	1484375	1491659	1498795 b	1481922	1492502	1502409	1514020	1525317	1533162	1541818	1547003	1554177	1559073	1563714	1564136	: 	: 	: 	: 	: 	: 	: 	: 	: 	: 
NR,T,TOTAL,HU321	527989	530464	532399	534974	537268	539507	541352	543452 b	539674	541298	542192	543802	545641	547357	549372	550265	551837	: 	553264	: 	: 	: 	: 	: 	: 	: 	: 	: 	: 	: 
NR,T,TOTAL,HU322	370007	371271	373631	376334	379897	383489	386654	390026 b	386752	390775	394891	399200	403622	407232	410823	413174	416147	: 	420461	: 	: 	: 	: 	: 	: 	: 	: 	: 	: 	: 
NR,T,TOTAL,HU323	552964	558361	562058	563075	562357	561379	563653	565317 b	555496	560429	565326	571018	576054	578573	581623	583564	586193	: 	589989	: 	: 	: 	: 	: 	: 	: 	: 	: 	: 	: 
NR,T,TOTAL,HU33	1237101	1243865	1251924	1262936	1271040	1279480	1288654	1296278 b	1308470	1318214	1325527	1334506	1342231	1347294	1354938	1360214	1367064	1373194	1380387	1383497	: 	: 	: 	: 	: 	: 	: 	: 	: 	: 
NR,T,TOTAL,HU331	503825	505602	508017	511419	513687	516892	519930	521852 b	524841	528418	530379	533710	536290	537862	540499	541584	544116	: 	547954	: 	: 	: 	: 	: 	: 	: 	: 	: 	: 	: 
NR,T,TOTAL,HU332	334264	338025	342438	347058	351148	355199	359153	362662 b	361802	366556	371322	376657	382190	385847	389590	392845	396131	: 	401919	: 	: 	: 	: 	: 	: 	: 	: 	: 	: 	: 
NR,T,TOTAL,HU333	399012	400238	401469	404459	406205	407389	409571	411764 b	421827	423240	423826	424139	423751	423585	424849	425785	426817	: 	430514	: 	: 	: 	: 	: 	: 	: 	: 	: 	: 	: 
NR,T,TOTAL,IE	4904240	4830392	4784383	4726286	4677627	4637852	4609779	4589287	4570881	4549428	4521322	4457765	4340118	4208156	4111672	4028851	3964191	3899702	3832783	3777565	3732006	3693386	3654955	3620065	3597617	3583154	3569367	3547492	3520977	3506970
NR,T,TOTAL,IE0	4904240	4830392	4784383	4726286	4677627	4637852	4609779	4589287	4570881	4549428	4521322	4457765	4340118	4208156	4111672	4028851	3964191	3899702	3832783	3777565	3732006	3693386	3654955	3620065	: 	: 	: 	: 	3520977	: 
NR,T,TOTAL,IE01	1274988	1274988	1274988	1259673	1250075	1247591	1247029	1241885	1237715	1227429	1215848	1191149	1160174	1125639	1098814	1074951	1053785	1032151	1010395	996005	983435	975771	969327	963587	: 	: 	: 	: 	947667	: 
NR,T,TOTAL,IE011	527085	527085	527085	520904	517254	516728	516900	515800	514613	510639	505266	493331	480390	466767	455607	447228	437808	430644	423852	419074	413762	409983	407944	406619	: 	: 	: 	: 	402445	: 
NR,T,TOTAL,IE012	296610	296610	296610	292680	290924	289600	288798	286326	282769	278474	274249	268731	259731	249450	240515	234905	229113	224137	219449	215777	213133	210411	207766	205200	: 	: 	: 	: 	202710	: 
NR,T,TOTAL,IE013	451293	451293	451293	446089	441897	441263	441331	439759	440333	438316	436333	429087	420053	409422	402692	392818	386864	377370	367094	361154	356540	355377	353617	351768	: 	: 	: 	: 	342512	: 
NR,T,TOTAL,IE02	3509395	3509395	3509395	3466613	3427552	3390261	3362750	3347402	3333166	3321999	3305474	3266616	3179944	3082517	3012858	2953900	2910406	2867551	2822388	2781560	2748571	2717615	2685628	2656478	: 	: 	: 	: 	2573310	: 
NR,T,TOTAL,IE021	1348462	1348462	1348462	1331306	1308370	1281345	1264513	1260940	1261332	1259332	1257044	1247328	1219221	1177692	1156666	1141887	1130584	1119154	1105442	1094487	1084911	1079098	1068949	1056505	: 	: 	: 	: 	1023928	: 
NR,T,TOTAL,IE022	569215	569215	569215	559803	551976	545737	541990	539365	532570	526481	518957	509075	491632	473097	452644	436649	423042	409756	398099	386532	376880	367532	357732	346831	: 	: 	: 	: 	324853	: 
NR,T,TOTAL,IE023	386923	386923	386923	383633	383586	382300	381426	380599	378095	378212	376621	373386	364404	357032	351237	344792	341665	338508	333966	329083	325044	320964	317646	316543	: 	: 	: 	: 	310310	: 
NR,T,TOTAL,IE024	514370	514370	514370	508655	504520	502751	502559	500329	499088	497314	493874	486040	471791	458381	446286	436141	428726	421825	414496	407602	403069	397373	392847	390867	: 	: 	: 	: 	382672	: 
NR,T,TOTAL,IE025	690425	690425	690425	683216	679100	678128	672262	666169	662081	660660	658978	650787	632896	616315	606025	594431	586389	578308	570385	563856	558667	552648	548454	545732	: 	: 	: 	: 	531547	: 
NR,T,TOTAL,IE04	867947	856252	848383	839204	833830	833748	834236	832082	: 	: 	: 	: 	: 	: 	: 	: 	: 	: 	: 	: 	: 	: 	: 	: 	: 	: 	: 	: 	: 	: 
NR,T,TOTAL,IE041	405926	400868	397090	393115	391933	392485	392905	392323	: 	: 	: 	: 	: 	: 	: 	: 	: 	: 	: 	: 	: 	: 	: 	: 	: 	: 	: 	: 	: 	: 
NR,T,TOTAL,IE042	462021	455384	451293	446089	441897	441263	441331	439759	: 	: 	: 	: 	: 	: 	: 	: 	: 	: 	: 	: 	: 	: 	: 	: 	: 	: 	: 	: 	: 	: 
NR,T,TOTAL,IE05	1624381	1604865	1591718	1575504	1567206	1563179	1556247	1547097	: 	: 	: 	: 	: 	: 	: 	: 	: 	: 	: 	: 	: 	: 	: 	: 	: 	: 	: 	: 	: 	: 
NR,T,TOTAL,IE051	484164	480408	476512	473205	473033	471558	470715	469755	: 	: 	: 	: 	: 	: 	: 	: 	: 	: 	: 	: 	: 	: 	: 	: 	: 	: 	: 	: 	: 	: 
NR,T,TOTAL,IE052	434267	428436	424781	419083	415073	413493	413270	411173	: 	: 	: 	: 	: 	: 	: 	: 	: 	: 	: 	: 	: 	: 	: 	: 	: 	: 	: 	: 	: 	: 
NR,T,TOTAL,IE053	705950	696021	690425	683216	679100	678128	672262	666169	: 	: 	: 	: 	: 	: 	: 	: 	: 	: 	: 	: 	: 	: 	: 	: 	: 	: 	: 	: 	: 	: 
NR,T,TOTAL,IE06	2411912	2369275	2344282	2311578	2276591	2240925	2219296	2210108	: 	: 	: 	: 	: 	: 	: 	: 	: 	: 	: 	: 	: 	: 	: 	: 	: 	: 	: 	: 	: 	: 
NR,T,TOTAL,IE061	1387606	1360963	1348462	1331306	1308370	1281345	1264513	1260940	: 	: 	: 	: 	: 	: 	: 	: 	: 	: 	: 	: 	: 	: 	: 	: 	: 	: 	: 	: 	: 	: 
NR,T,TOTAL,IE062	720143	708423	699210	687592	677297	669980	665985	662842	: 	: 	: 	: 	: 	: 	: 	: 	: 	: 	: 	: 	: 	: 	: 	: 	: 	: 	: 	: 	: 	: 
NR,T,TOTAL,IE063	304163	299889	296610	292680	290924	289600	288798	286326	: 	: 	: 	: 	: 	: 	: 	: 	: 	: 	: 	: 	: 	: 	: 	: 	: 	: 	: 	: 	: 	: 
NR,T,TOTAL,IS	356991	348450	338349	332529	329100	325671	321857	319575	318452	317630	319368	315459	307672	299891	293577	290570	288471	286575	283361	279049	275712	272381	269874	267958	266978	265064	262386	259727	255866	253785
NR,T,TOTAL,IS0	356991	348450	338349	332529	329100	325671	321857	319575	318452	317630	319368	315459	307672	299891	293577	290570	288471	286575	283361	279049	: 	: 	: 	: 	: 	: 	: 	: 	: 	: 
NR,T,TOTAL,IS00	356991	348450	338349	332529	329100	325671	321857	319575	318452	317630	319368	315459	307672	299891	293577	290570	288471	286575	283361	279049	: 	: 	: 	: 	: 	: 	: 	: 	: 	: 
NR,T,TOTAL,IS001	228231	222484	216878	213619	211282	208752	205675	203594	202341	200907	201251	197945	191919	187426	184244	181917	179992	: 	: 	: 	: 	: 	: 	: 	: 	: 	: 	: 	: 	: 
NR,T,TOTAL,IS002	128760	125966	121471	118910	117818	116919	116182	115981	116111	116723	118117	117514	115753	112465	109333	108653	108479	: 	: 	: 	: 	: 	: 	: 	: 	: 	: 	: 	: 	: 
NR,T,TOTAL,IT	60359546	60483973	60589445	60665551	60795612	60782668	59685227	59394207	59364690	59190143	59000586	58652875	58223744	58064214	57874753	57495900	57130506	56987507	56960692	56923524	56909109	56904379	56876364	56844197	56844408	56842392	56821250	56772923	56744119	56694360
NR,T,TOTAL,ITC	16093286	16095306	16103882	16110977	16138643	16130725	15861548	15752503	15729074	15666121	15605507	15500793	15376639	15318858	15246856	15102227	14979197	14934254	14921776	14902879	: 	: 	: 	: 	: 	: 	: 	14949240	14957236	14970142
NR,T,TOTAL,ITC1	4356406	4375865	4392526	4404246	4424467	4436798	4374052	4357663	4364309	4362041	4356322	4332069	4285466	4279510	4272118	4254443	4219397	4212090	4219421	4225083	: 	: 	: 	: 	: 	: 	: 	4298884	4307852	4324173
NR,T,TOTAL,ITC11	2259523	2269120	2277857	2282197	2291719	2297917	2254720	2243382	2246564	2245625	2241730	2229823	2201391	2197817	2194328	2186711	2168820	2165094	2169643	: 	: 	: 	: 	: 	: 	: 	: 	2234847	2241246	2258337
NR,T,TOTAL,ITC12	170911	172307	173868	174904	176121	177109	176307	176576	177449	177677	177901	177746	176838	177193	177605	177271	176362	176626	177451	: 	: 	: 	: 	: 	: 	: 	: 	183687	184092	184046
NR,T,TOTAL,ITC13	175585	177067	178551	179685	181089	182325	181426	181868	182951	184255	185360	185846	185812	186636	187239	187473	186945	186949	187603	: 	: 	: 	: 	: 	: 	: 	: 	191095	191537	192253
NR,T,TOTAL,ITC14	158349	159159	159664	160114	160883	161412	160143	160079	160680	161061	160956	160876	160415	160292	160359	159683	158792	158818	159302	: 	: 	: 	: 	: 	: 	: 	: 	162047	160434	160696
NR,T,TOTAL,ITC15	369018	369595	370143	370525	371418	371686	367022	365286	365409	363544	362057	358216	354251	352466	351241	348711	344502	342789	341654	: 	: 	: 	: 	: 	: 	: 	: 	334199	335956	335540
NR,T,TOTAL,ITC16	587098	588559	589108	590421	592060	592365	589102	586113	585414	584160	582416	577460	570753	569332	567810	563885	558747	556109	555389	: 	: 	: 	: 	: 	: 	: 	: 	547120	546241	544388
NR,T,TOTAL,ITC17	214638	215884	216677	217574	219292	219988	217978	217407	217717	217712	217265	215663	212759	212583	211797	210949	208503	208118	208237	: 	: 	: 	: 	: 	: 	: 	: 	208229	208525	207210
NR,T,TOTAL,ITC18	421284	424174	426658	428826	431885	433996	427354	426952	428125	428007	428637	426439	423247	423191	421739	419760	416726	417587	420142	: 	: 	: 	: 	: 	: 	: 	: 	437660	439821	441703
NR,T,TOTAL,ITC2	125666	126202	126883	127329	128298	128591	127844	126620	126761	126686	126369	125550	124654	123969	122927	121555	120372	119353	119273	118861	: 	: 	: 	: 	: 	: 	: 	115897	115275	114409
NR,T,TOTAL,ITC20	125666	126202	126883	127329	128298	128591	127844	126620	126761	126686	126369	125550	124654	123969	122927	121555	120372	119353	119273	118861	: 	: 	: 	: 	: 	: 	: 	115897	115275	114409
NR,T,TOTAL,ITC3	1550640	1556981	1565307	1571053	1583263	1591939	1565127	1567339	1574132	1576443	1577301	1573333	1572551	1574148	1575191	1569018	1565791	1569787	1578998	1587787	: 	: 	: 	: 	: 	: 	: 	1674115	1684514	1694410
NR,T,TOTAL,ITC31	213840	214305	215130	215244	216818	217703	214290	214073	214532	214089	213526	212189	210183	209529	208511	206934	205346	204909	205950	: 	: 	: 	: 	: 	: 	: 	: 	213355	214109	214367
NR,T,TOTAL,ITC32	276064	277810	279408	280707	282607	283813	280837	280625	281810	282117	281665	280237	278367	277297	276410	275283	273353	272135	273221	: 	: 	: 	: 	: 	: 	: 	: 	284233	285310	285762
NR,T,TOTAL,ITC33	841180	844957	850071	854099	862175	868046	851283	853939	858150	860444	862829	862936	867499	871115	874303	870995	872154	877098	883123	: 	: 	: 	: 	: 	: 	: 	: 	949784	957362	965790
NR,T,TOTAL,ITC34	219556	219909	220698	221003	221663	222377	218717	218702	219640	219793	219281	217971	216502	216207	215967	215806	214938	215645	216704	: 	: 	: 	: 	: 	: 	: 	: 	226743	227733	228491
NR,T,TOTAL,ITC4	10060574	10036258	10019166	10008349	10002615	9973397	9794525	9700881	9663872	9600951	9545515	9469841	9393968	9341231	9276620	9157211	9073637	9033024	9004084	8971148	: 	: 	: 	: 	: 	: 	: 	8860344	8849595	8837150
NR,T,TOTAL,ITC41	890768	890528	890043	890090	890234	887997	876960	871334	869247	863908	860583	853528	846780	839058	834578	825383	817670	813077	809956	: 	: 	: 	: 	: 	: 	: 	: 	797159	794332	791735
NR,T,TOTAL,ITC42	599204	599301	600190	599654	599905	598810	592504	586795	584469	580623	577042	571370	566680	562209	556687	549216	542112	537606	535943	: 	: 	: 	: 	: 	: 	: 	: 	522591	519641	517357
NR,T,TOTAL,ITC43	337380	339384	339238	339254	340251	340814	338425	336127	335840	334532	332778	329386	325736	323731	321090	317758	314084	311586	309709	: 	: 	: 	: 	: 	: 	: 	: 	296136	294646	293260
NR,T,TOTAL,ITC44	181095	181403	181437	181712	182086	182480	181101	180766	180981	181194	180904	180304	179603	179176	178450	177802	177000	176693	176895	: 	: 	: 	: 	: 	: 	: 	: 	176442	175873	175851
NR,T,TOTAL,ITC46	1114590	1111035	1109933	1108298	1108853	1107441	1094062	1086890	1082550	1073157	1064483	1049752	1036595	1027161	1016496	998918	983074	973420	966642	: 	: 	: 	: 	: 	: 	: 	: 	910682	904531	899582
NR,T,TOTAL,ITC47	1265954	1262402	1262678	1264105	1265077	1262295	1247192	1238075	1233702	1224258	1216469	1200746	1186624	1175357	1162250	1144453	1123005	1110246	1100730	: 	: 	: 	: 	: 	: 	: 	: 	1044951	1040584	1036365
NR,T,TOTAL,ITC48	545888	545810	547251	547926	548722	548326	539569	535666	534755	534154	530130	523611	515418	510391	505802	500962	495280	493639	492194	: 	: 	: 	: 	: 	: 	: 	: 	490925	491545	492317
NR,T,TOTAL,ITC49	230198	229765	229338	229413	229576	229082	225798	223659	222924	221778	220408	216924	212795	210076	207434	204047	200240	198029	195972	: 	: 	: 	: 	: 	: 	: 	: 	184354	178350	177403
NR,T,TOTAL,ITC4A	358955	358512	359388	360444	361610	362141	361812	357581	357286	357624	356593	353038	348173	346553	344510	341496	337865	335790	334748	: 	: 	: 	: 	: 	: 	: 	: 	328024	326781	327077
NR,T,TOTAL,ITC4B	412292	411762	412610	412868	414919	415147	411335	408187	407563	405562	404070	399009	393921	391028	388603	384068	380071	377951	376277	: 	: 	: 	: 	: 	: 	: 	: 	372455	372005	370654
NR,T,TOTAL,ITC4C	3250315	3234658	3218201	3208509	3196825	3176180	3075083	3035443	3019313	2995920	2979897	2979749	2977637	2979001	2969719	2931392	2930900	2937974	2943237	: 	: 	: 	: 	: 	: 	: 	: 	: 	: 	: 
NR,T,TOTAL,ITC4D	873935	871698	868859	866076	864557	862684	850684	840358	835242	828241	822158	812424	804006	797490	791001	781716	772336	767013	761781	: 	: 	: 	: 	: 	: 	: 	: 	: 	: 	: 
NR,T,TOTAL,ITF	13957942	14022596	14071161	14110771	14149806	14167819	13980833	13970037	13983347	13977172	13971529	13965480	13926039	13944785	13957811	13932382	13898803	13906672	13935085	13966461	: 	: 	: 	: 	: 	: 	: 	13922750	13909679	13886277
NR,T,TOTAL,ITF1	1311580	1315196	1322247	1326513	1331574	1333939	1312507	1306416	1307273	1307778	1306029	1297991	1285456	1283830	1280044	1273992	1265126	1261991	1261300	1261117	: 	: 	: 	: 	: 	: 	: 	1249584	1245844	1243014
NR,T,TOTAL,ITF11	299031	300404	301910	303239	304884	306701	300774	298087	298888	299554	301053	300740	299225	300180	300080	299484	296914	297288	297779	: 	: 	: 	: 	: 	: 	: 	: 	298009	296753	295821
NR,T,TOTAL,ITF12	308052	308284	309859	310339	311168	311103	306955	306177	306103	306195	304753	301748	298217	296603	294198	291677	288877	287282	286767	: 	: 	: 	: 	: 	: 	: 	: 	279895	279022	278245
NR,T,TOTAL,ITF13	318909	319388	321309	321973	322759	322401	315725	314391	314259	313148	311378	308325	304025	302525	300747	298852	296771	295644	294765	: 	: 	: 	: 	: 	: 	: 	: 	289621	288779	288439
NR,T,TOTAL,ITF14	385588	387120	389169	390962	392763	393734	389053	387761	388023	388881	388845	387178	383989	384522	385019	383979	382564	381777	381989	: 	: 	: 	: 	: 	: 	: 	: 	382059	381290	380509
NR,T,TOTAL,ITF2	305617	308493	310449	312027	313348	314725	313341	313145	314342	315536	316955	317655	317206	318297	319483	320155	320218	320143	321468	322772	: 	: 	: 	: 	: 	: 	: 	330614	330557	330382
NR,T,TOTAL,ITF21	84379	85237	85805	86405	86828	87243	87124	86989	87343	87712	88025	88596	88499	89003	89392	89630	89847	89687	90076	: 	: 	: 	: 	: 	: 	: 	: 	91895	91882	91892
NR,T,TOTAL,ITF22	221238	223256	224644	225622	226520	227482	226217	226156	226999	227824	228930	229059	228707	229294	230091	230525	230371	230456	231392	: 	: 	: 	: 	: 	: 	: 	: 	238719	238675	238490
NR,T,TOTAL,ITF3	5801692	5826860	5839084	5850850	5861529	5869965	5769750	5764424	5765850	5758375	5750382	5750281	5737883	5741383	5743008	5720521	5699296	5699305	5708137	5717694	: 	: 	: 	: 	: 	: 	: 	5631659	5621030	5607965
NR,T,TOTAL,ITF31	922965	923445	924166	924414	924614	923113	908784	905188	902516	896416	891872	886288	880311	875885	870833	860801	853331	852273	852230	: 	: 	: 	: 	: 	: 	: 	: 	816144	811134	805274
NR,T,TOTAL,ITF32	277018	279127	279675	280707	282321	283763	283651	284560	285808	286479	287307	287081	286676	287328	287405	286737	286106	286600	287539	: 	: 	: 	: 	: 	: 	: 	: 	292817	292747	292175
NR,T,TOTAL,ITF33	3084890	3101002	3107006	3113898	3118149	3127390	3055339	3053247	3055218	3054250	3049274	3058153	3057418	3062442	3069131	3064667	3057904	3059134	3062897	: 	: 	: 	: 	: 	: 	: 	: 	3017137	3016543	3015847
NR,T,TOTAL,ITF34	418306	421523	423506	425325	427936	430214	428523	428855	430324	431200	432512	432483	431623	432363	432982	431359	429099	428687	430344	: 	: 	: 	: 	: 	: 	: 	: 	438722	437961	437131
NR,T,TOTAL,ITF35	1098513	1101763	1104731	1106506	1108509	1105485	1093453	1092574	1091984	1090030	1089417	1086276	1081855	1083365	1082657	1076957	1072856	1072611	1075127	: 	: 	: 	: 	: 	: 	: 	: 	1066839	1062645	1057538
NR,T,TOTAL,ITF4	4029053	4048242	4063888	4077166	4090105	4090266	4050803	4050072	4053668	4048007	4043827	4040624	4032130	4033405	4033125	4024783	4020032	4020071	4026054	4034887	: 	: 	: 	: 	: 	: 	: 	4031516	4025392	4013227
NR,T,TOTAL,ITF43	576756	580319	583479	586061	588367	590281	582814	584229	585013	585534	584797	584200	582652	581876	581631	580157	579853	579846	581508	: 	: 	: 	: 	: 	: 	: 	: 	589179	590049	589436
NR,T,TOTAL,ITF44	392975	394977	397083	398661	400721	401652	399835	400504	400927	400469	399978	399885	399519	400271	400281	400535	401143	402249	403685	: 	: 	: 	: 	: 	: 	: 	: 	411257	410736	409222
NR,T,TOTAL,ITF45	795134	798891	802082	804239	806412	807256	801190	801170	801929	800543	799659	798460	795782	794419	793122	790024	788643	787531	790352	: 	: 	: 	: 	: 	: 	: 	: 	803758	802281	799190
NR,T,TOTAL,ITF46	622183	625311	628556	630851	633839	635344	628221	625657	628302	629786	630865	632493	632871	637141	640794	643567	646006	649039	650984	: 	: 	: 	: 	: 	: 	: 	: 	: 	: 	: 
NR,T,TOTAL,ITF47	1251994	1257520	1260142	1263820	1266379	1261964	1246297	1246742	1246204	1241622	1239004	1236890	1234097	1232581	1230484	1224714	1220355	1218210	1217510	: 	: 	: 	: 	: 	: 	: 	: 	: 	: 	: 
NR,T,TOTAL,ITF48	390011	391224	392546	393534	394387	393769	392446	391770	391293	390053	389524	388696	387209	387117	386813	385786	384032	383196	382015	: 	: 	: 	: 	: 	: 	: 	: 	: 	: 	: 
NR,T,TOTAL,ITF5	562869	567118	570365	573694	576619	578391	576194	577562	579358	581140	583556	584871	585732	589480	592650	594139	595070	597121	599404	601399	: 	: 	: 	: 	: 	: 	: 	610393	610970	611029
NR,T,TOTAL,ITF51	364960	368251	370680	373097	375314	377258	376182	377512	379134	380771	382663	383812	384905	387624	390038	391249	391859	392978	394752	: 	: 	: 	: 	: 	: 	: 	: 	401418	402158	402617
NR,T,TOTAL,ITF52	197909	198867	199685	200597	201305	201133	200012	200050	200224	200369	200893	201059	200827	201856	202612	202890	203211	204143	204652	: 	: 	: 	: 	: 	: 	: 	: 	208975	208812	208412
NR,T,TOTAL,ITF6	1947131	1956687	1965128	1970521	1976631	1980533	1958238	1958418	1962856	1966336	1970780	1974058	1967632	1978390	1989501	1998792	1999061	2008041	2018722	2028592	: 	: 	: 	: 	: 	: 	: 	2068984	2075886	2080660
NR,T,TOTAL,ITF61	705753	708702	711739	714400	717535	719345	714281	713869	715048	717725	718732	719093	716177	720766	725391	728914	729638	732710	736278	: 	: 	: 	: 	: 	: 	: 	: 	750895	751211	751532
NR,T,TOTAL,ITF62	174980	175061	175566	174712	174328	174068	171666	170718	171047	170619	170483	170294	169874	170504	171505	172006	171985	172953	173751	: 	: 	: 	: 	: 	: 	: 	: 	180132	183568	185813
NR,T,TOTAL,ITF63	358316	360823	362343	363057	363707	363979	359716	359783	360563	361116	361683	361966	361328	363004	364996	366968	367511	368852	371007	: 	: 	: 	: 	: 	: 	: 	: 	382228	383356	383400
NR,T,TOTAL,ITF64	160073	160889	161619	162516	163068	163382	162252	163216	164016	164668	165511	166325	166476	167480	168012	169251	169525	170357	171901	: 	: 	: 	: 	: 	: 	: 	: 	179457	178769	178983
NR,T,TOTAL,ITF65	548009	551212	553861	555836	557993	559759	550323	550832	552182	552208	554371	556380	553777	556636	559597	561653	560402	563169	565785	: 	: 	: 	: 	: 	: 	: 	: 	576272	578982	580932
NR,T,TOTAL,ITG	6639482	6675165	6709776	6732399	6755366	6758796	6640311	6637700	6647338	6638776	6633171	6621292	6603629	6603181	6601313	6597053	6589808	6596612	6612863	6633000	: 	: 	: 	: 	: 	: 	: 	6614797	6615091	6607850
NR,T,TOTAL,ITG1	4999891	5026989	5056641	5074261	5092080	5094937	4999932	4999854	5005657	4997429	4990588	4981526	4967981	4969155	4968623	4965633	4959528	4966723	4978068	4994427	: 	: 	: 	: 	: 	: 	: 	4966799	4970805	4969910
NR,T,TOTAL,ITG11	430492	432398	434476	435765	436296	436150	430478	429537	429927	429396	428765	428543	427040	426877	426712	425822	425235	425073	425742	: 	: 	: 	: 	: 	: 	: 	: 	426732	426762	426812
NR,T,TOTAL,ITG12	1252588	1260193	1268217	1271406	1276525	1275598	1243638	1242560	1244239	1241014	1238980	1237329	1235148	1233659	1234031	1233866	1234391	1235945	1237993	: 	: 	: 	: 	: 	: 	: 	: 	1225221	1226860	1226206
NR,T,TOTAL,ITG13	626876	631297	636653	640675	645296	648371	648062	649320	651513	651792	652646	652179	652260	654277	656617	657934	658348	661513	661708	: 	: 	: 	: 	: 	: 	: 	: 	647039	648109	649248
NR,T,TOTAL,ITG14	434870	438276	442049	445129	447738	448831	446081	446520	446897	446784	446554	446406	445461	446843	447310	447938	447471	447714	452084	: 	: 	: 	: 	: 	: 	: 	: 	475933	476337	476515
NR,T,TOTAL,ITG15	262458	266427	269710	271758	274024	274731	272458	272906	273411	272950	272350	271825	271383	271764	272371	272560	272788	273827	274955	: 	: 	: 	: 	: 	: 	: 	: 	278470	279324	280190
NR,T,TOTAL,ITG16	164788	166259	168052	169782	171190	172456	172413	173377	173871	174278	174572	174701	174489	174959	175113	175646	176414	176966	178245	: 	: 	: 	: 	: 	: 	: 	: 	185996	186975	187834
NR,T,TOTAL,ITG17	1107702	1109888	1113303	1115535	1116917	1115704	1077113	1078045	1078665	1076640	1074088	1071168	1066856	1066064	1062261	1059272	1054480	1054501	1054559	: 	: 	: 	: 	: 	: 	: 	: 	1035841	1035527	1033917
NR,T,TOTAL,ITG18	320893	321370	321359	320226	318983	318249	310220	307697	306714	304645	302944	301275	299372	298832	298269	297001	295137	295204	295473	: 	: 	: 	: 	: 	: 	: 	: 	289644	288775	287625
NR,T,TOTAL,ITG19	399224	400881	402822	403985	405111	404847	399469	399892	400420	399930	399689	398100	395972	395880	395939	395594	395264	395980	397309	: 	: 	: 	: 	: 	: 	: 	: 	401923	402136	401563
NR,T,TOTAL,ITG2	1639591	1648176	1653135	1658138	1663286	1663859	1640379	1637846	1641681	1641347	1642583	1639766	1635648	1634026	1632690	1631420	1630280	1629889	1634795	1638573	: 	: 	: 	: 	: 	: 	: 	1647998	1644286	1637940
NR,T,TOTAL,ITG25	330211	331450	333116	334103	334715	335097	329551	327751	328230	327669	327565	326590	325713	325353	324732	323740	322841	322011	323203	: 	: 	: 	: 	: 	: 	: 	: 	329249	327989	327106
NR,T,TOTAL,ITG26	153448	154873	156096	157078	158413	158980	158314	159103	159721	160209	160811	161024	161338	161753	162315	162917	163423	164042	164650	: 	: 	: 	: 	: 	: 	: 	: 	168847	169521	169852
NR,T,TOTAL,ITG27	558684	560453	560373	561289	561925	560827	551077	549893	550773	549967	550053	548791	547603	546184	544965	544251	543290	542858	543014	: 	: 	: 	: 	: 	: 	: 	: 	536139	535334	531941
NR,T,TOTAL,ITG28	158513	160031	160746	161600	162643	163511	163079	163678	164689	165014	165460	166140	166492	166735	166979	166971	167223	167581	168539	: 	: 	: 	: 	: 	: 	: 	: 	172935	172598	172543
NR,T,TOTAL,ITG29	161360	161192	160672	160368	159950	158518	152455	150492	150212	149521	148722	146555	143377	142010	141139	140303	139064	138155	137858	: 	: 	: 	: 	: 	: 	: 	: 	131721	130582	128965
NR,T,TOTAL,ITG2A	56362	56938	57185	57318	57642	57699	57321	57349	57474	57581	57705	57677	57675	57796	57846	57931	58056	58292	58550	: 	: 	: 	: 	: 	: 	: 	: 	59853	59867	59880
NR,T,TOTAL,ITG2B	96774	97809	98623	99320	100141	100676	100624	101178	101767	102074	102518	102981	103268	103624	103884	104332	104942	105247	106113	: 	: 	: 	: 	: 	: 	: 	: 	109731	108874	108543
NR,T,TOTAL,ITG2C	124239	125430	126324	127062	127857	128551	127958	128402	128815	129312	129749	130008	130182	130571	130830	130975	131441	131703	132868	: 	: 	: 	: 	: 	: 	: 	: 	139523	139521	139110
NR,T,TOTAL,ITH	11652827	11640852	11637102	11643601	11661160	11654486	11521037	11442262	11428451	11387297	11335590	11219364	11097006	11028130	10954553	10843188	10728677	10654684	10608795	: 	: 	: 	: 	: 	: 	: 	: 	: 	: 	: 
NR,T,TOTAL,ITH1	531178	527750	524256	520891	518518	515714	509626	504708	501815	498315	494559	490035	484280	479354	474568	470116	466685	462827	461101	458553	: 	: 	: 	: 	: 	: 	: 	440638	438916	437426
NR,T,TOTAL,ITH10	531178	527750	524256	520891	518518	515714	509626	504708	501815	498315	494559	490035	484280	479354	474568	470116	466685	462827	461101	458553	: 	: 	: 	: 	: 	: 	: 	440638	438916	437426
NR,T,TOTAL,ITH2	541098	539898	538604	538223	537416	536237	530308	524877	522486	518796	514881	509109	503147	498537	493907	487390	481341	476792	474310	470505	: 	: 	: 	: 	: 	: 	: 	449811	448280	445997
NR,T,TOTAL,ITH20	541098	539898	538604	538223	537416	536237	530308	524877	522486	518796	514881	509109	503147	498537	493907	487390	481341	476792	474310	470505	: 	: 	: 	: 	: 	: 	: 	449811	448280	445997
NR,T,TOTAL,ITH3	4905854	4905037	4907529	4915123	4927596	4926818	4881756	4853657	4851958	4841933	4827619	4783323	4728911	4701951	4669405	4619015	4562181	4529008	4508580	4485059	: 	: 	: 	: 	: 	: 	: 	4381146	4372865	4364265
NR,T,TOTAL,ITH31	926497	922821	921557	922383	923664	921717	907352	899817	898851	896478	893229	884107	869037	861111	853124	843806	833828	826891	821812	: 	: 	: 	: 	: 	: 	: 	: 	788282	786220	783899
NR,T,TOTAL,ITH32	862418	863204	865082	867314	869718	869813	865421	858732	858585	857227	854733	846167	838923	834396	827956	815650	803650	794964	788782	: 	: 	: 	: 	: 	: 	: 	: 	748347	745073	741578
NR,T,TOTAL,ITH33	202950	204900	205781	206856	207894	209430	209364	209720	210643	211486	212355	212131	210920	211049	211334	210940	210110	209361	209541	: 	: 	: 	: 	: 	: 	: 	: 	211919	212301	212647
NR,T,TOTAL,ITH34	887806	887420	885972	885447	887293	887722	881245	876051	875418	873305	871906	863135	851500	845404	836687	823127	806391	796176	789846	: 	: 	: 	: 	: 	: 	: 	: 	744368	741446	738111
NR,T,TOTAL,ITH35	853338	853552	854275	855696	858198	857841	847983	846275	846187	843785	840103	832534	825382	822185	819835	815399	811147	809637	808821	: 	: 	: 	: 	: 	: 	: 	: 	819635	821569	822783
NR,T,TOTAL,ITH36	937908	936740	936274	936887	938296	936233	927848	920895	919398	916094	911030	901100	890035	884250	876840	866955	855092	849685	846776	: 	: 	: 	: 	: 	: 	: 	: 	820742	818238	816840
NR,T,TOTAL,ITH37	234937	236400	238588	240540	242533	244062	242543	242167	242876	243558	244263	244149	243114	243556	243629	243138	241963	242294	243002	: 	: 	: 	: 	: 	: 	: 	: 	247853	248018	248407
NR,T,TOTAL,ITH4	1215220	1215538	1217872	1221218	1227122	1229363	1221860	1217780	1220849	1221569	1221392	1214346	1205593	1201522	1199218	1194393	1188528	1183437	1181238	1178264	: 	: 	: 	: 	: 	: 	: 	1196190	1198178	1200155
NR,T,TOTAL,ITH41	312533	312080	312051	312794	313972	314644	312911	310611	310768	310291	309746	305772	301660	298561	296521	293768	289709	286247	283872	: 	: 	: 	: 	: 	: 	: 	: 	275098	274816	274386
NR,T,TOTAL,ITH42	528791	529381	531466	533282	536180	537943	536622	534944	536193	536443	536571	533428	529442	527728	526481	524206	521423	518920	517976	: 	: 	: 	: 	: 	: 	: 	: 	521871	522044	522319
NR,T,TOTAL,ITH43	139403	139439	139673	140268	140897	141076	140650	139914	140463	140915	140846	140495	139634	139348	138805	137904	137178	136300	136392	: 	: 	: 	: 	: 	: 	: 	: 	138014	138203	138541
NR,T,TOTAL,ITH44	234493	234638	234682	234874	236073	235700	231677	232311	233425	233920	234229	234651	234857	235885	237411	238515	240218	241970	242998	: 	: 	: 	: 	: 	: 	: 	: 	261207	263115	264909
NR,T,TOTAL,ITH5	4459477	4452629	4448841	4448146	4450508	4446354	4377487	4341240	4331343	4306684	4277139	4222551	4175075	4146766	4117455	4072274	4029942	4002620	3983566	: 	: 	: 	: 	: 	: 	: 	: 	: 	: 	: 
NR,T,TOTAL,ITH51	287152	286781	286758	286997	288013	288483	286336	284440	284030	283059	281658	277583	274592	272680	270923	268409	265264	263769	263605	: 	: 	: 	: 	: 	: 	: 	: 	267363	267927	268390
NR,T,TOTAL,ITH52	451631	450256	448899	447779	445394	443176	431049	427164	426419	423295	420377	413615	409224	407263	404794	399718	395563	393294	392375	: 	: 	: 	: 	: 	: 	: 	: 	391177	391024	390634
NR,T,TOTAL,ITH53	531891	532575	532483	532872	533248	534258	522468	517772	515873	511883	507781	499686	491378	485433	478792	469622	460636	454646	449589	: 	: 	: 	: 	: 	: 	: 	: 	419963	418447	416078
NR,T,TOTAL,ITH54	705393	701896	700862	701642	702364	700918	688376	685822	684505	680512	675966	666994	661264	657973	654560	647583	640734	634980	630303	: 	: 	: 	: 	: 	: 	: 	: 	605031	602669	599993
NR,T,TOTAL,ITH55	1014619	1011291	1009210	1005831	1004323	1001170	990681	976053	972491	967557	961305	950687	941363	937040	932877	925197	918610	915084	911130	: 	: 	: 	: 	: 	: 	: 	: 	906736	906980	907603
NR,T,TOTAL,ITH56	345691	346975	348362	351436	354073	355101	352723	352856	354274	354023	353619	351769	349353	348064	346779	345058	343974	344167	344933	: 	: 	: 	: 	: 	: 	: 	: 	360605	361934	363405
NR,T,TOTAL,ITH57	389456	391345	391414	391525	391997	392358	386111	384428	383555	381318	378022	372201	366168	362581	358859	354617	350766	347920	347014	: 	: 	: 	: 	: 	: 	: 	: 	350004	350500	350794
NR,T,TOTAL,ITH58	394627	394185	394067	394601	395897	396636	392817	390677	389583	387244	383692	379404	374917	372497	369651	365788	361663	358601	356421	: 	: 	: 	: 	: 	: 	: 	: 	348813	348035	347805
NR,T,TOTAL,ITH59	339017	337325	336786	335463	335199	334254	326926	322028	320613	317793	314719	310612	306816	303235	300220	296282	292732	290159	288196	: 	: 	: 	: 	: 	: 	: 	: 	: 	: 	: 
NR,T,TOTAL,ITI	12016009	12050054	12067524	12067803	12090637	12070842	11681498	11591705	11576480	11520777	11454789	11345946	11220431	11169260	11114220	11021050	10934021	10895285	10882173	: 	: 	: 	: 	: 	: 	: 	: 	: 	: 	: 
NR,T,TOTAL,ITI1	3729641	3736968	3742437	3744398	3752654	3750511	3692828	3667780	3668948	3657340	3641389	3615187	3581920	3570259	3557577	3531825	3507126	3498497	3494857	3491580	: 	: 	: 	: 	: 	: 	: 	3526838	3531357	3533095
NR,T,TOTAL,ITI11	194878	195849	196580	197722	199406	200325	199330	199437	199971	199938	200262	199264	197760	197974	198177	197711	197260	197352	197711	: 	: 	: 	: 	: 	: 	: 	: 	200131	200408	200739
NR,T,TOTAL,ITI12	387876	389295	390042	391228	393478	394600	388555	387625	388173	387307	385719	382967	378954	378180	377064	374936	373021	372494	372294	: 	: 	: 	: 	: 	: 	: 	: 	376914	377122	377377
NR,T,TOTAL,ITI13	292473	291892	291839	291963	292509	291788	287445	287645	288097	287705	286643	283555	279633	277924	276165	273164	270299	268618	267684	: 	: 	: 	: 	: 	: 	: 	: 	264334	264292	263667
NR,T,TOTAL,ITI14	1011349	1013260	1014423	1013348	1012180	1007252	987354	972232	970279	966182	959801	953514	948616	946567	946096	940082	934991	934101	934672	: 	: 	: 	: 	: 	: 	: 	: 	965933	969209	972074
NR,T,TOTAL,ITI15	257716	256071	254608	253123	252987	253245	248292	245299	245885	245235	244110	243995	242851	240346	236702	232879	230735	228651	227097	: 	: 	: 	: 	: 	: 	: 	: 	217470	217149	215948
NR,T,TOTAL,ITI16	334832	336215	337334	337951	339070	340471	335631	334870	335454	334380	333643	332532	330353	329917	329250	327851	326691	326477	326860	: 	: 	: 	: 	: 	: 	: 	: 	336228	337417	338191
NR,T,TOTAL,ITI17	419037	420752	421851	420913	421816	420254	413602	410728	410271	407446	404491	400781	395180	392965	390818	388458	384936	384573	383744	: 	: 	: 	: 	: 	: 	: 	: 	384983	385111	385008
NR,T,TOTAL,ITI18	342654	343449	344374	345110	346442	346661	344437	343298	343585	342864	342060	338630	333848	332735	331167	328475	324871	323144	321921	: 	: 	: 	: 	: 	: 	: 	: 	314510	313826	313114
NR,T,TOTAL,ITI19	267197	268010	268341	269388	270285	270817	267200	266522	266670	266023	265038	262302	259335	258855	258078	256050	253303	252187	251616	: 	: 	: 	: 	: 	: 	: 	: 	250557	250598	250530
NR,T,TOTAL,ITI1A	221629	222175	223045	223652	224481	225098	220982	220124	220563	220260	219622	217647	215390	214796	214060	212219	211019	210900	211258	: 	: 	: 	: 	: 	: 	: 	: 	215778	216225	216447
NR,T,TOTAL,ITI2	882015	884640	888908	891181	894762	896742	886239	883215	884010	880202	875261	866930	856151	853259	848070	840567	830302	826104	824187	820844	: 	: 	: 	: 	: 	: 	: 	811501	810623	809605
NR,T,TOTAL,ITI21	656382	657786	660690	662110	664155	665217	657873	655006	655018	651756	647661	640830	632469	629527	625126	618671	610367	606442	604258	: 	: 	: 	: 	: 	: 	: 	: 	588444	587563	586493
NR,T,TOTAL,ITI22	225633	226854	228218	229071	230607	231525	228366	228209	228992	228446	227600	226100	223682	223732	222944	221896	219935	219662	219929	: 	: 	: 	: 	: 	: 	: 	: 	223057	223060	223112
NR,T,TOTAL,ITI3	1525271	1531753	1538055	1543752	1550796	1553138	1545155	1540688	1541950	1540272	1536302	1521242	1504727	1499237	1491214	1479929	1463766	1453403	1446785	: 	: 	: 	: 	: 	: 	: 	: 	: 	: 	: 
NR,T,TOTAL,ITI31	358886	360125	360711	361561	363353	364385	363388	362676	363042	362760	361754	356391	349625	347382	344538	341335	336721	333698	331335	: 	: 	: 	: 	: 	: 	: 	: 	: 	: 	: 
NR,T,TOTAL,ITI32	471228	472603	474124	476192	477892	479275	475495	473642	473634	472222	471276	466828	463287	461754	459359	455816	451423	448733	446586	: 	: 	: 	: 	: 	: 	: 	: 	437108	436513	435269
NR,T,TOTAL,ITI33	314178	316310	318921	320308	321905	321314	320418	319375	319764	319623	318402	315720	312499	311652	310092	307783	304200	301588	300580	: 	: 	: 	: 	: 	: 	: 	: 	295260	294900	294078
NR,T,TOTAL,ITI34	207179	208377	209450	210066	211266	211756	210711	210182	210779	210930	210704	209612	208057	207517	206737	205530	204102	203125	202474	: 	: 	: 	: 	: 	: 	: 	: 	: 	: 	: 
NR,T,TOTAL,ITI35	173800	174338	174849	175625	176380	176408	175143	174813	174731	174737	174166	172691	171259	170932	170488	169465	167320	166259	165810	: 	: 	: 	: 	: 	: 	: 	: 	: 	: 	: 
NR,T,TOTAL,ITI4	5879082	5896693	5898124	5888472	5892425	5870451	5557276	5500022	5481572	5442963	5401837	5342587	5277633	5246505	5217359	5168729	5132827	5117281	5116344	5119323	: 	: 	: 	: 	: 	: 	: 	5142825	5130191	5115628
NR,T,TOTAL,ITI41	317030	318205	319008	320279	321955	322195	315623	312674	312038	310913	309302	304843	299869	298189	296264	293671	290234	289036	288188	: 	: 	: 	: 	: 	: 	: 	: 	279048	278099	276522
NR,T,TOTAL,ITI42	155503	156554	157420	158467	158981	159670	156521	154909	155531	155778	155080	153137	151528	151136	150078	149047	147994	147542	147307	: 	: 	: 	: 	: 	: 	: 	: 	145092	144847	144395
NR,T,TOTAL,ITI43	4342212	4355725	4353738	4340474	4342046	4321244	4039813	3995250	3979136	3945294	3912714	3870783	3823955	3798630	3777674	3739767	3715202	3704522	3704765	: 	: 	: 	: 	: 	: 	: 	: 	3761491	3756376	3749941
NR,T,TOTAL,ITI44	575254	575577	574891	574226	572472	569664	552090	544887	541626	537670	531494	522917	514605	510888	506460	500387	494986	491613	491632	: 	: 	: 	: 	: 	: 	: 	: 	477408	472749	468645
NR,T,TOTAL,ITI45	489083	490632	493067	495026	496971	497678	493229	492302	493241	493308	493247	490907	487676	487662	486883	485857	484411	484568	484452	: 	: 	: 	: 	: 	: 	: 	: 	479786	478120	476125
NR,T,TOTAL,LI	38378	38114	37810	37622	37366	37129	36838	36475	36149	35894	35589	35356	35168	34905	34600	34294	33863	33525	32863	32426	32015	31320	31143	30923	30629	30310	29868	29386	29032	28452
NR,T,TOTAL,LI0	38378	38114	37810	37622	37366	37129	36838	36475	36149	35894	35589	35356	35168	34905	34600	34294	33863	33525	32863	32426	32015	31320	31143	30923	30629	30310	29868	29386	29032	28452
NR,T,TOTAL,LI00	38378	38114	37810	37622	37366	37129	36838	36475	36149	35894	35589	35356	35168	34905	34600	34294	33863	33525	32863	32426	32015	31320	31143	30923	30629	30310	29868	29386	29032	28452
NR,T,TOTAL,LI000	38378	38114	37810	37622	37366	37129	36838	36475	36149	35894	35589	35356	35168	34905	34600	34294	33863	33525	32863	32426	32015	31320	31143	30923	30629	30310	29868	29386	29032	28452
NR,T,TOTAL,LT	2794184	2808901	2847904	2888558	2921262	2943472	2971905	3003641	3052588	3141976	3183856	3212605	3249983	3289835	3355220	3398929	3431497	3454637	3486998	3512074	3536401	3562261	3588013	3615212	3642991	3671296	3693929	3706299	3701968	3693708
NR,T,TOTAL,LT0	2794184	2808901	2847904	2888558	2921262	2943472	2971905	3003641	3052588	3141976	3183856	3212605	3249983	3289835	3355220	3398929	3431497	3454637	3486998	3512074	: 	: 	: 	: 	: 	: 	: 	: 	: 	: 
NR,T,TOTAL,LT00	2847904	2847904	2847904	2888558	2921262	2943472	2971905	3003641	3052588	3141976	3183856	3212605	3249983	3289835	3355220	3398929	3431497	3454637	3486998	3512074	: 	: 	: 	: 	: 	: 	: 	: 	: 	: 
NR,T,TOTAL,LT001	141616	141616	141616	145109	147809	149851	152139	154980	158403	164833	167603	170249	173028	175813	179626	182751	184992	186484	187990	189453	: 	: 	: 	: 	: 	: 	: 	: 	: 	: 
NR,T,TOTAL,LT002	569875	569875	569875	577358	583047	587238	592816	599638	610225	629896	638385	643358	650408	658100	671923	682074	689787	695033	702090	708531	: 	: 	: 	: 	: 	: 	: 	: 	: 	: 
NR,T,TOTAL,LT003	320507	320507	320507	324618	327300	329013	331553	334744	340047	350306	355084	357201	360434	364486	372541	376854	379878	382076	386129	388015	: 	: 	: 	: 	: 	: 	: 	: 	: 	: 
NR,T,TOTAL,LT004	145360	145360	145360	149077	151793	154084	156455	159273	162205	167143	169973	172200	174810	177439	181376	184058	185970	187281	188775	189721	: 	: 	: 	: 	: 	: 	: 	: 	: 	: 
NR,T,TOTAL,LT005	225033	225033	225033	231001	235394	238748	242340	246298	251401	259374	264319	268815	273701	278262	284918	290097	294182	296871	300305	302829	: 	: 	: 	: 	: 	: 	: 	: 	: 	: 
NR,T,TOTAL,LT006	270482	270482	270482	276329	281632	285763	290471	295824	303110	316278	323353	328699	335221	341761	350938	357441	362783	366330	370444	373605	: 	: 	: 	: 	: 	: 	: 	: 	: 	: 
NR,T,TOTAL,LT007	98608	98608	98608	101200	103083	104623	106335	108125	110511	114763	117100	119179	121549	124020	127690	130179	131808	132982	134277	134924	: 	: 	: 	: 	: 	: 	: 	: 	: 	: 
NR,T,TOTAL,LT008	137769	137769	137769	141293	143511	145482	147728	149843	152594	157718	160532	162431	164963	167888	172426	175090	177139	178315	179952	180499	: 	: 	: 	: 	: 	: 	: 	: 	: 	: 
NR,T,TOTAL,LT009	133481	133481	133481	137193	140170	142564	145760	149001	152577	157472	161062	164167	167678	170829	175226	178637	181638	183973	186368	188621	: 	: 	: 	: 	: 	: 	: 	: 	: 	: 
NR,T,TOTAL,LT00A	805173	805173	805173	805380	807523	806106	806308	805915	811515	824193	826445	826306	828191	831237	838556	841748	843320	845292	850668	855876	: 	: 	: 	: 	: 	: 	: 	: 	: 	: 
NR,T,TOTAL,LT01	810538	805367	805173	805380	807523	806106	806308	805915	811515	824193	826445	826306	828191	831237	838556	841748	843320	845292	850668	: 	: 	: 	: 	: 	: 	: 	: 	: 	: 	: 
NR,T,TOTAL,LT011	810538	805367	805173	805380	807523	806106	806308	805915	811515	824193	826445	826306	828191	831237	838556	841748	843320	845292	850668	: 	: 	: 	: 	: 	: 	: 	: 	: 	: 	: 
NR,T,TOTAL,LT02	1983646	2003534	2042731	2083178	2113739	2137366	2165597	2197726	2241073	2317783	2357411	2386299	2421792	2458598	2516664	2557181	2588177	2609345	2636330	: 	: 	: 	: 	: 	: 	: 	: 	: 	: 	: 
NR,T,TOTAL,LT021	135906	138095	141616	145109	147809	149851	152139	154980	158403	164833	167603	170249	173028	175813	179626	182751	184992	186484	187990	: 	: 	: 	: 	: 	: 	: 	: 	: 	: 	: 
NR,T,TOTAL,LT022	561430	563112	569875	577358	583047	587238	592816	599638	610225	629896	638385	643358	650408	658100	671923	682074	689787	695033	702090	: 	: 	: 	: 	: 	: 	: 	: 	: 	: 	: 
NR,T,TOTAL,LT023	317722	317252	320507	324618	327300	329013	331553	334744	340047	350306	355084	357201	360434	364486	372541	376854	379878	382076	386129	: 	: 	: 	: 	: 	: 	: 	: 	: 	: 	: 
NR,T,TOTAL,LT024	138678	141287	145360	149077	151793	154084	156455	159273	162205	167143	169973	172200	174810	177439	181376	184058	185970	187281	188775	: 	: 	: 	: 	: 	: 	: 	: 	: 	: 	: 
NR,T,TOTAL,LT025	214617	218726	225033	231001	235394	238748	242340	246298	251401	259374	264319	268815	273701	278262	284918	290097	294182	296871	300305	: 	: 	: 	: 	: 	: 	: 	: 	: 	: 	: 
NR,T,TOTAL,LT026	262487	265467	270482	276329	281632	285763	290471	295824	303110	316278	323353	328699	335221	341761	350938	357441	362783	366330	370444	: 	: 	: 	: 	: 	: 	: 	: 	: 	: 	: 
NR,T,TOTAL,LT027	93695	95817	98608	101200	103083	104623	106335	108125	110511	114763	117100	119179	121549	124020	127690	130179	131808	132982	134277	: 	: 	: 	: 	: 	: 	: 	: 	: 	: 	: 
NR,T,TOTAL,LT028	132082	134139	137769	141293	143511	145482	147728	149843	152594	157718	160532	162431	164963	167888	172426	175090	177139	178315	179952	: 	: 	: 	: 	: 	: 	: 	: 	: 	: 	: 
NR,T,TOTAL,LT029	127029	129639	133481	137193	140170	142564	145760	149001	152577	157472	161062	164167	167678	170829	175226	178637	181638	183973	186368	: 	: 	: 	: 	: 	: 	: 	: 	: 	: 	: 
NR,T,TOTAL,LU	613894	602005	590667 b	576249	562958	549680	537039	524853	511840	502066	493500	483799	476187	469086	461230	454960	448300	444050	439000	433600	427350	422050	416850	411600	405650	400200	394750	389600	384400	379300
NR,T,TOTAL,LU0	613894	602005	590667 b	576249	562958	549680	537039	524853	511840	502066	493500	483799	476187	469086	461230	454960	448300	444050	439000	433600	427350	422050	416850	411600	405650	400200	394750	389600	384400	379300
NR,T,TOTAL,LU00	613894	602005	590667 b	576249	562958	549680	537039	524853	511840	502066	493500	483799	476187	469086	461230	454960	448300	444050	439000	433600	427350	422050	416850	411600	405650	400200	394750	389600	384400	379300
NR,T,TOTAL,LU000	613894	602005	590667 b	576249	562958	549680	537039	524853	511840	502066	493500	483799	476187	469086	461230	454960	448300	444050	439000	433600	427350	422050	416850	411600	405650	400200	394750	389600	384400	379300
NR,T,TOTAL,LV	1919968	1934379	1950116	1968957	1986096	2001468	2023825	2044813	2074605	2120504	2162834	2191810	2208840	2227874	2249724	2276520	2299390	2320956	2353384	2381715	2399248	2420789	2444912	2469531	2500580	2540904	2585675	2643000	2658161	2668140
NR,T,TOTAL,LV0	1919968	1934379	1950116	1968957	1986096	2001468	2023825	2044813	2074605	2120504	2162834	2191810	2208840	2227874	2249724	2276520	2299390	2320956	2353384	2381715	: 	: 	: 	: 	: 	: 	: 	: 	: 	: 
NR,T,TOTAL,LV00	1919968	1934379	1950116	1968957	1986096	2001468	2023825	2044813	2074605	2120504	2162834	2191810	2208840	2227874	2249724	2276520	2299390	2320956	2353384	2381715	: 	: 	: 	: 	: 	: 	: 	: 	: 	: 
NR,T,TOTAL,LV003	240113	243032	246317	251088	254722	258034	262755	266433	271143	279287	285968	290637	294023	297923	301786	305926	309652	312976	317507	: 	: 	: 	: 	: 	: 	: 	: 	: 	: 	: 
NR,T,TOTAL,LV005	260226	264857	270211	276538	281581	286238	292674	298176	304986	314074	323016	331614	337738	344727	352031	359881	367352	372837	379576	: 	: 	: 	: 	: 	: 	: 	: 	: 	: 	: 
NR,T,TOTAL,LV006	632614	637971	641423	639630	641007	643368	643615	649853	659418	673433	687443	697272	702561	706617	712262	721640	729218	738596	753006	: 	: 	: 	: 	: 	: 	: 	: 	: 	: 	: 
NR,T,TOTAL,LV007	370589	367266	364954	366347	367609	367038	369987	370128	371952	373918	374535	372740	368897	366399	364486	363310	361427	359670	359632	: 	: 	: 	: 	: 	: 	: 	: 	: 	: 	: 
NR,T,TOTAL,LV008	186095	188494	191794	195998	199027	201915	205949	208728	211995	218208	224147	228424	231830	235754	239650	243342	246677	249370	252752	: 	: 	: 	: 	: 	: 	: 	: 	: 	: 	: 
NR,T,TOTAL,LV009	230331	232759	235417	239356	242150	244875	248845	251495	255111	261584	267725	271123	273791	276454	279509	282421	285064	287507	290911	: 	: 	: 	: 	: 	: 	: 	: 	: 	: 	: 
NR,T,TOTAL,ME	622182	622359	622387	622218	622099	621521	620893	620308	619850	619001	617157	615543	614624	613109	613420	612214	610510	608460	605988	603152	: 	: 	: 	: 	: 	: 	: 	: 	: 	: 
NR,T,TOTAL,ME0	622182	622359	622387	622218	622099	621521	620893	620308	619850	619001	617157	615543	614624	613109	613420	612214	610510	608460	605988	603152	: 	: 	: 	: 	: 	: 	: 	: 	: 	: 
NR,T,TOTAL,ME00	622182	622359	622387	622218	622099	621521	620893	620308	619850	619001	617157	615543	614624	613109	613420	612214	610510	608460	605988	603152	: 	: 	: 	: 	: 	: 	: 	: 	: 	: 
NR,T,TOTAL,ME000	622182	622359	622387	622218	622099	621521	620893	620308	619850	619001	617157	615543	614624	613109	613420	612214	610510	608460	605988	603152	: 	: 	: 	: 	: 	: 	: 	: 	: 	: 
NR,T,TOTAL,MK	2077132	2075301	2073702	2071278	2069172	2065769	2062294	2059794 p	2057284	2052722	2048619	2045177	2041941	2038514	2035196	2029892	2023654	2038651	2031112	2021578	2012705	2002340	1991398	1971687	1957265	1936741	2061000	1908941	1890872	1873109
NR,T,TOTAL,MK0	2076953	2075108	2073483	2070998	2068864	2065410	2062294	2059794 p	2057284	2052722	2048619	2045177	2041941	2038514	2035196	2029892	2023654	2016651	2031112	2021578	2012705	2002340	1991398	1974800	1957265	1936741	: 	: 	: 	: 
NR,T,TOTAL,MK00	2076953	2075108	2073483	2070998	2068864	2065410	2062294	2059794 p	2057284	2052722	2048619	2045177	2041941	2038514	2035196	2029892	2023654	2016651	2031112	2021578	2012705	2002340	1991398	1974800	1957265	1936741	: 	: 	: 	: 
NR,T,TOTAL,MK001	152020	152247	152569	152915	153268	153414	153554	153764 p	153880	153837	153872	153929	133150	133214	133360	133235	133117	133043	133950	133676	133388	133141	132865	132157	131531	130727	: 	: 	: 	: 
NR,T,TOTAL,MK002	174876	175615	176261	176876	177408	177982	178551	179080 p	179695	179846	180100	180422	201802	202154	202878	203325	203370	203246	204899	204637	204485	204179	203911	203113	202126	201157	: 	: 	: 	: 
NR,T,TOTAL,MK003	219571	219654	219729	219704	220049	220182	220455	221219 p	221811	221899	222064	222221	222141	222623	222628	222203	221625	221050	224220	223358	222253	220866	219379	216997	214511	211594	: 	: 	: 	: 
NR,T,TOTAL,MK004	173304	173380	173517	173519	173537	173435	173291	173083 p	173024	172693	172485	172238	172067	171880	172117	171840	171367	170862	174033	173447	172865	172225	171446	170439	169191	167918	: 	: 	: 	: 
NR,T,TOTAL,MK005	227912	228970	229993	230757	231483	232089	232618	233306 p	233952	234320	234659	235141	235861	236316	236874	237432	237873	238232	244086	244142	244230	244362	244397	243894	243213	242147	: 	: 	: 	: 
NR,T,TOTAL,MK006	322298	321525	320765	320215	319436	318341	317490	316517 p	315413	314194	313110	312106	310853	309507	308040	306461	304841	303306	304454	301812	299474	296468	293417	288473	283476	277579	: 	: 	: 	: 
NR,T,TOTAL,MK007	176155	176219	176127	176173	176115	175799	175560	175323 p	175211	174876	174415	174139	174076	173890	173703	173200	172648	172014	171265	170383	169401	168570	167770	166077	164655	163097	: 	: 	: 	: 
NR,T,TOTAL,MK008	630817	627498	624522	620839	617568	614168	610775	607502 p	604298	601057	597914	594981	591991	588930	585596	582196	578813	574898	574205	570123	566609	562529	558213	553650	548562	542522	: 	: 	: 	: 
NR,T,TOTAL,MKX	179	193	219	280	308	359	: 	: 	: 	: 	: 	: 	: 	: 	: 	: 	: 	: 	: 	: 	: 	: 	: 	: 	: 	: 	: 	: 	: 	: 
NR,T,TOTAL,MKXX	179	193	219	280	308	359	: 	: 	: 	: 	: 	: 	: 	: 	: 	: 	: 	: 	: 	: 	: 	: 	: 	: 	: 	: 	: 	: 	: 	: 
NR,T,TOTAL,MKXXX	179	193	219	280	308	359	: 	: 	: 	: 	: 	: 	: 	: 	: 	: 	: 	: 	: 	: 	: 	: 	: 	: 	: 	: 	: 	: 	: 	: 
NR,T,TOTAL,MT	493559	475701	460297	450415	439691	429424	422509	417546	414989	414027	410926	407832	405616	404999	402668	399867	397296	394641	391415 b	380201	378518	376513	373958	371415	369451	366431	362977	359543	355910	352430
NR,T,TOTAL,MT0	493559	475701	460297	450415	439691	429424	422509	417546	414989	414027	410926	407832	405616	404999	402668	399867	397296	394641	391415 b	380201	378518	376513	373958	371415	369451	366431	362977	359543	355910	352430
NR,T,TOTAL,MT00	493559	475701	460297	450415	439691	429424	422509	417546	414989	414027	410926	407832	405616	404999	402668	399867	397296	394641	391415 b	380201	378518	376513	373958	371415	369451	366431	362977	359543	355910	352430
NR,T,TOTAL,MT001	460171	442978	428091	418490	407958	397968	391087	386143	383685	382705	379748	376796	374653	373992	370705	368250	366028	363799	361034 b	: 	: 	: 	: 	: 	: 	: 	: 	: 	: 	: 
NR,T,TOTAL,MT002	33388	32723	32206	31925	31733	31456	31422	31403	31304	31322	31178	31036	30963	31007	31963	31617	31268	30842	30381 b	: 	: 	: 	: 	: 	: 	: 	: 	: 	: 	: 
NR,T,TOTAL,NL	17282163	17181084	17081507	16979120	16900726	16829289	16779575	16730348	16655799	16574989	16485787	16405399	16357992	16334210	16305526	16258032	16192572	16105285	15987075	15863950	15760225	15654192	15567107	15493889	15424122	15341553	15239182	15129150	15010445	14892574
NR,T,TOTAL,NL1	1723829	1722312	1722247	1718390	1718775	1718033	1718485	1718896	1717729	1713954	1708821	1704783	1702020	1700753	1701418	1698865	1694038	1685463	1671534	1656952	: 	: 	: 	: 	: 	: 	: 	: 	: 	: 
NR,T,TOTAL,NL11	583990	582944	583581	583721	583942	582728	581705	580875	579036	576668	574092	573459	573614	574042	575072	574384	572997	570480	566489	562646	: 	: 	: 	: 	: 	: 	: 	: 	: 	: 
NR,T,TOTAL,NL111	146803	146785	147393	148583	148966	148944	149838	150782	151530	152004	152172	153063	153809	154302	153912	154611	154634	: 	: 	: 	: 	: 	: 	: 	: 	: 	: 	: 	: 	: 
NR,T,TOTAL,NL112	46051	46396	46850	47111	47560	47958	48370	48724	49135	49119	49401	50147	50622	51206	51915	52285	52591	: 	: 	: 	: 	: 	: 	: 	: 	: 	: 	: 	: 	: 
NR,T,TOTAL,NL113	391136	389763	389338	388027	387416	385826	383497	381369	378371	375545	372519	370249	369183	368534	369245	367488	365772	: 	: 	: 	: 	: 	: 	: 	: 	: 	: 	: 	: 	: 
NR,T,TOTAL,NL12	647672	647268	646874	646040	646257	646317	646862	647214	647282	646305	644811	643189	642209	642230	642977	642066	639787	636184	630539	624500	: 	: 	: 	: 	: 	: 	: 	: 	: 	: 
NR,T,TOTAL,NL121	332795	332795	332795	332532	332577	332836	332938	332742	332884	332048	331455	330764	330784	331136	331630	331198	330182	: 	: 	: 	: 	: 	: 	: 	: 	: 	: 	: 	: 	: 
NR,T,TOTAL,NL122	106501	106501	106501	106190	106152	106254	106401	106392	106291	106176	105802	105564	105335	105214	105111	104968	104854	: 	: 	: 	: 	: 	: 	: 	: 	: 	: 	: 	: 	: 
NR,T,TOTAL,NL123	207578	207578	207578	207318	207528	207227	207523	208080	208107	208081	207554	206861	206090	205880	206236	205900	204751	: 	: 	: 	: 	: 	: 	: 	: 	: 	: 	: 	: 	: 
NR,T,TOTAL,NL124	324653	324251	324367	324077	324103	324368	: 	: 	: 	: 	: 	: 	: 	: 	: 	: 	: 	: 	: 	: 	: 	: 	: 	: 	: 	: 	: 	: 	: 	: 
NR,T,TOTAL,NL125	135764	136004	135743	135313	135377	135594	: 	: 	: 	: 	: 	: 	: 	: 	: 	: 	: 	: 	: 	: 	: 	: 	: 	: 	: 	: 	: 	: 	: 	: 
NR,T,TOTAL,NL126	187255	187013	186764	186650	186777	186355	: 	: 	: 	: 	: 	: 	: 	: 	: 	: 	: 	: 	: 	: 	: 	: 	: 	: 	: 	: 	: 	: 	: 	: 
NR,T,TOTAL,NL13	492167	492100	491792	488629	488576	488988	489918	490807	491411	490981	489918	488135	486197	484481	483369	482415	481254	478799	474506	469806	: 	: 	: 	: 	: 	: 	: 	: 	: 	: 
NR,T,TOTAL,NL131	191515	192102	192497	189597	189359	189493	189647	189816	189787	189196	188915	187899	186669	185722	185081	184281	183642	: 	: 	: 	: 	: 	: 	: 	: 	: 	: 	: 	: 	: 
NR,T,TOTAL,NL132	167968	167842	168131	168336	168812	169448	169819	170578	171267	171684	171479	171345	171169	171027	171030	170934	170646	: 	: 	: 	: 	: 	: 	: 	: 	: 	: 	: 	: 	: 
NR,T,TOTAL,NL133	132684	132156	131164	130696	130405	130047	130452	130413	130357	130101	129524	128891	128359	127732	127258	127200	126966	: 	: 	: 	: 	: 	: 	: 	: 	: 	: 	: 	: 	: 
NR,T,TOTAL,NL2	3644949	3623274	3603406	3583699	3569021	3559282	3553582	3543938	3531103	3517162	3499946	3482551	3469857	3459889	3447301	3432345	3412779	3384986	3349530	3313989	: 	: 	: 	: 	: 	: 	: 	: 	: 	: 
NR,T,TOTAL,NL21	1156431	1151501	1147687	1144280	1140652	1139697	1139350	1137668	1134465	1130345	1125435	1119994	1116374	1113529	1109432	1105512	1100677	1094032	1086280	1077625	: 	: 	: 	: 	: 	: 	: 	: 	: 	: 
NR,T,TOTAL,NL211	371608	368819	366319	364300	361694	360744	359806	358148	356161	354054	351878	349296	346896	344801	342641	341560	339981	: 	: 	: 	: 	: 	: 	: 	: 	: 	: 	: 	: 	: 
NR,T,TOTAL,NL212	155539	154834	154159	153455	152982	152611	152818	152934	152927	152859	152265	151706	151255	151046	149905	148649	146764	: 	: 	: 	: 	: 	: 	: 	: 	: 	: 	: 	: 	: 
NR,T,TOTAL,NL213	629284	627848	627209	626525	625976	626342	626726	626586	625377	623432	621292	618992	618223	617682	616886	615303	613932	: 	: 	: 	: 	: 	: 	: 	: 	: 	: 	: 	: 	: 
NR,T,TOTAL,NL22	2071972	2060103	2047901	2035351	2026578	2019692	2015791	2010745	2004671	1998936	1991062	1983869	1979059	1975704	1972010	1966929	1960422	1949233	1934314	1919158	: 	: 	: 	: 	: 	: 	: 	: 	: 	: 
NR,T,TOTAL,NL221	688799	683240	677662	672027	667946	664067	661985	659218	656372	654463	650922	648368	646668	645383	644011	642413	639799	: 	: 	: 	: 	: 	: 	: 	: 	: 	: 	: 	: 	: 
NR,T,TOTAL,NL224	244052	241244	239890	238305	237548	237076	236688	236002	235257	234769	234148	233769	233245	233076	232385	231078	230210	: 	: 	: 	: 	: 	: 	: 	: 	: 	: 	: 	: 	: 
NR,T,TOTAL,NL225	400685	400416	399921	399260	398772	399707	400727	401476	401634	401894	402200	401766	401729	402675	402785	385325	385121	: 	: 	: 	: 	: 	: 	: 	: 	: 	: 	: 	: 	: 
NR,T,TOTAL,NL226	738436	735203	730428	725759	722312	718842	716391	714049	711408	707810	703792	699966	697417	694570	692829	708113	705292	: 	: 	: 	: 	: 	: 	: 	: 	: 	: 	: 	: 	: 
NR,T,TOTAL,NL23	416546	411670	407818	404068	401791	399893	398441	395525	391967	387881	383449	378688	374424	370656	365859	359904	351680	341721	328936	317206	: 	: 	: 	: 	: 	: 	: 	: 	: 	: 
NR,T,TOTAL,NL230	416546	411670	407818	404068	401791	399893	398441	395525	391967	387881	383449	378688	374424	370656	365859	359904	351680	341721	328936	317206	: 	: 	: 	: 	: 	: 	: 	: 	: 	: 
NR,T,TOTAL,NL3	8252442	8190014	8125777	8062022	8006238	7952694	7914606	7880753	7830125	7777014	7719856	7669533	7639268	7625684	7608753	7580493	7543668	7500417	7448216	7395813	: 	: 	: 	: 	: 	: 	: 	: 	: 	: 
NR,T,TOTAL,NL31	1306912	1295484	1284504	1273613	1263572	1253672	1245294	1237117	1228794	1220910	1210869	1201350	1190604	1180039	1171291	1162258	1152218	1139925	1117997	1107849	: 	: 	: 	: 	: 	: 	: 	: 	: 	: 
NR,T,TOTAL,NL310	1306912	1295484	1284504	1273613	1263572	1253672	1245294	1237117	1228794	1220910	1210869	1201350	1190604	1180039	1171291	1162258	1152218	1139925	1117997	1107849	: 	: 	: 	: 	: 	: 	: 	: 	: 	: 
NR,T,TOTAL,NL32	2853359	2831182	2809483	2784854	2761929	2741369	2724300	2709822	2691477	2669084	2646445	2626163	2613070	2606584	2599103	2587265	2573120	2559477	2534599	2518354	: 	: 	: 	: 	: 	: 	: 	: 	: 	: 
NR,T,TOTAL,NL321	375659	374461	373266	372606	372095	371616	371865	372017	371039	370179	368174	366561	365810	365386	364858	363743	361764	: 	: 	: 	: 	: 	: 	: 	: 	: 	: 	: 	: 	: 
NR,T,TOTAL,NL322	237188	237188	237188	235213	234093	233359	232725	232531	231725	230790	229879	228864	228358	228353	227148	225334	223936	: 	: 	: 	: 	: 	: 	: 	: 	: 	: 	: 	: 	: 
NR,T,TOTAL,NL323	197988	197182	196180	195029	194138	193923	193772	193769	193294	192328	191470	190194	189400	188582	187693	188005	187456	: 	: 	: 	: 	: 	: 	: 	: 	: 	: 	: 	: 	: 
NR,T,TOTAL,NL324	235141	232834	231555	229572	227647	225680	223724	222241	221070	219690	217977	217327	216762	216910	216794	217572	217606	: 	: 	: 	: 	: 	: 	: 	: 	: 	: 	: 	: 	: 
NR,T,TOTAL,NL325	172214	170860	169499	168130	167158	166375	165362	164062	162741	161194	159955	158764	157258	156066	155653	155539	154974	: 	: 	: 	: 	: 	: 	: 	: 	: 	: 	: 	: 	: 
NR,T,TOTAL,NL326	1351103	1351103	1351103	1335980	1320301	1305307	1291735	1280160	1267128	1251327	1235514	1222305	1213535	1209471	1204536	1194634	1184987	: 	: 	: 	: 	: 	: 	: 	: 	: 	: 	: 	: 	: 
NR,T,TOTAL,NL327	254970	252974	250692	248324	246497	245109	245117	245042	244480	243576	243476	242148	241947	241816	242421	242438	242397	: 	: 	: 	: 	: 	: 	: 	: 	: 	: 	: 	: 	: 
NR,T,TOTAL,NL328	246730	245196	243632	241621	240505	233359	: 	: 	: 	: 	: 	: 	: 	: 	: 	: 	: 	: 	: 	: 	: 	: 	: 	: 	: 	: 	: 	: 	: 	: 
NR,T,TOTAL,NL329	1370657	1357675	1344659	1329572	1313889	1305307	: 	: 	: 	: 	: 	: 	: 	: 	: 	: 	: 	: 	: 	: 	: 	: 	: 	: 	: 	: 	: 	: 	: 	: 
NR,T,TOTAL,NL33	3709139	3681044	3650222	3622303	3600011	3577032	3563935	3552407	3528324	3505611	3481558	3461435	3455097	3458875	3458381	3451942	3439982	3423780	3420700	3397744	: 	: 	: 	: 	: 	: 	: 	: 	: 	: 
NR,T,TOTAL,NL332	872211	864129	853987	845425	838015	830237	825018	819646	810849	802746	794009	784405	780207	780186	774499	768002	759778	: 	: 	: 	: 	: 	: 	: 	: 	: 	: 	: 	: 	: 
NR,T,TOTAL,NL333	231157	229083	226047	224867	224041	221743	220046	218880	215620	214367	213551	212918	211784	210853	209943	210159	210980	: 	: 	: 	: 	: 	: 	: 	: 	: 	: 	: 	: 	: 
NR,T,TOTAL,NL337	427217	424657	421296	418023	415106	413101	411351	409129	407237	404736	402770	401309	400377	400295	399950	399643	398416	: 	: 	: 	: 	: 	: 	: 	: 	: 	: 	: 	: 	: 
NR,T,TOTAL,NL338	301463	301463	301463	298205	296276	294815	294237	294376	293819	293596	292916	292579	292432	293008	293207	293328	293976	: 	: 	: 	: 	: 	: 	: 	: 	: 	: 	: 	: 	: 
NR,T,TOTAL,NL339	1445056	1445056	1445056	1434875	1426344	1417821	1414690	1412582	1404791	1395640	1385552	1379079	1379098	1383131	1389062	1389308	1386771	: 	: 	: 	: 	: 	: 	: 	: 	: 	: 	: 	: 	: 
NR,T,TOTAL,NL33A	405481	404109	402373	400908	400229	399315	398593	397794	396008	394526	392760	391145	391199	391402	391720	391502	390061	: 	: 	: 	: 	: 	: 	: 	: 	: 	: 	: 	: 	: 
NR,T,TOTAL,NL33B	331621	327821	324054	320758	318688	294815	: 	: 	: 	: 	: 	: 	: 	: 	: 	: 	: 	: 	: 	: 	: 	: 	: 	: 	: 	: 	: 	: 	: 	: 
NR,T,TOTAL,NL33C	1441452	1431245	1422465	1412322	1403932	1417821	: 	: 	: 	: 	: 	: 	: 	: 	: 	: 	: 	: 	: 	: 	: 	: 	: 	: 	: 	: 	: 	: 	: 	: 
NR,T,TOTAL,NL34	383032	382304	381568	381252	380726	380621	381077	381407	381530	381409	380984	380585	380497	380186	379978	379028	378348	377235	374920	371866	: 	: 	: 	: 	: 	: 	: 	: 	: 	: 
NR,T,TOTAL,NL341	105499	105438	105641	105668	105684	105917	106129	106266	106521	106827	107191	107337	107606	107664	107849	107885	108238	: 	: 	: 	: 	: 	: 	: 	: 	: 	: 	: 	: 	: 
NR,T,TOTAL,NL342	277533	276866	275927	275584	275042	274704	274948	275141	275009	274582	273793	273248	272891	272522	272129	271143	270110	: 	: 	: 	: 	: 	: 	: 	: 	: 	: 	: 	: 	: 
NR,T,TOTAL,NL4	3660943	3645484	3630077	3615009	3606692	3599280	3592902	3586761	3576842	3566859	3557164	3548532	3546847	3547884	3548054	3546329	3542087	3534419	3517795	3497196	: 	: 	: 	: 	: 	: 	: 	: 	: 	: 
NR,T,TOTAL,NL41	2544806	2528286	2512531	2498749	2488751	2479274	2471011	2463686	2454215	2444158	2434560	2424827	2419042	2415946	2411359	2406994	2400198	2391123	2375116	2356004	: 	: 	: 	: 	: 	: 	: 	: 	: 	: 
NR,T,TOTAL,NL411	634030	631423	627967	625319	623882	622052	620205	618563	616257	614243	612073	609544	608455	607722	606436	604880	602940	: 	: 	: 	: 	: 	: 	: 	: 	: 	: 	: 	: 	: 
NR,T,TOTAL,NL412	478957	475223	471737	469184	466683	465254	463038	461329	459483	457776	456033	454213	452856	452168	450984	449960	448244	: 	: 	: 	: 	: 	: 	: 	: 	: 	: 	: 	: 	: 
NR,T,TOTAL,NL413	658616	654822	651064	647631	645663	643642	642749	641417	639620	636975	633723	631183	629598	628405	627387	627183	626037	: 	: 	: 	: 	: 	: 	: 	: 	: 	: 	: 	: 	: 
NR,T,TOTAL,NL414	773203	766818	761763	756615	752523	748326	745019	742377	738855	735164	732731	729887	728133	727651	726552	724971	722977	: 	: 	: 	: 	: 	: 	: 	: 	: 	: 	: 	: 	: 
NR,T,TOTAL,NL42	1116137	1117198	1117546	1116260	1117941	1120006	1121891	1123075	1122627	1122701	1122604	1123705	1127805	1131938	1136695	1139335	1141889	1143296	1142679	1141192	: 	: 	: 	: 	: 	: 	: 	: 	: 	: 
NR,T,TOTAL,NL421	282067	281486	281514	279971	280552	280517	280418	280443	280103	280037	279355	278818	278712	278385	278526	277966	277748	: 	: 	: 	: 	: 	: 	: 	: 	: 	: 	: 	: 	: 
NR,T,TOTAL,NL422	236702	236687	235995	235429	235351	235335	235573	235418	235211	234880	234364	234019	234251	234202	234240	233793	234074	: 	: 	: 	: 	: 	: 	: 	: 	: 	: 	: 	: 	: 
NR,T,TOTAL,NL423	597368	599025	600037	600860	602038	604154	605900	607214	607313	607784	608885	610868	614842	619351	623929	627576	630067	: 	: 	: 	: 	: 	: 	: 	: 	: 	: 	: 	: 	: 
NR,T,TOTAL,NO	5328212	5295619	5258317	5210721	5166493	5107970	5051275	4985870	4920305	4858199	4799252	4737171	4681134	4640219	4606363	4577457	4552252	4524066	4503436	4478497	4445329	4417599	4392714	4369957	4348410	4324815	4299167	4273634	4249830	4233116
NR,T,TOTAL,NO0	5328212	5295619	5258317	5210721	5166493	5107970	5051275	4985870	4920305	4858199	4799252	4737171	4681134	4640219	4606363	4577457	4552252	4524066	4503436	4478497	: 	: 	: 	: 	: 	: 	: 	: 	: 	: 
NR,T,TOTAL,NO01	1305122	1287495	1271127	1251687	1232854	1209992	1190365	1169539	1144883	1123359	1103100	1079051	1057794	1039536	1024064	1010504	1000684	989914	980714	974519	: 	: 	: 	: 	: 	: 	: 	: 	: 	: 
NR,T,TOTAL,NO011	681067	673469	666759	657478	647875	634293	623966	613285	599230	586860	575475	560484	548617	538411	529846	: 	: 	: 	: 	: 	: 	: 	: 	: 	: 	: 	: 	: 	: 	: 
NR,T,TOTAL,NO012	624055	614026	604368	594209	584979	575699	566399	556254	545653	536499	527625	518567	509177	501125	494218	: 	: 	: 	: 	: 	: 	: 	: 	: 	: 	: 	: 	: 	: 	: 
NR,T,TOTAL,NO02	386951	386836	385669	384221	383985	382230	380973	379938	377709	375925	374359	372926	371729	371715	371550	372016	371863	371200	371418	369804	: 	: 	: 	: 	: 	: 	: 	: 	: 	: 
NR,T,TOTAL,NO021	197406	196966	196190	195294	195156	194408	193719	192791	191622	190709	190071	189289	188692	188511	188376	: 	: 	: 	: 	: 	: 	: 	: 	: 	: 	: 	: 	: 	: 	: 
NR,T,TOTAL,NO022	189545	189870	189479	188927	188829	187822	187254	187147	186087	185216	184288	183637	183037	183204	183174	: 	: 	: 	: 	: 	: 	: 	: 	: 	: 	: 	: 	: 	: 	: 
NR,T,TOTAL,NO03	1005070	999639	992962	984764	976682	969415	960653	949963	938827	928852	919900	909842	900152	893858	889058	884603	880519	874705	870490	862841	: 	: 	: 	: 	: 	: 	: 	: 	: 	: 
NR,T,TOTAL,NO031	297520	295420	292893	289823	287237	284947	282000	278352	274827	271662	268584	265458	262523	260389	258542	: 	: 	: 	: 	: 	: 	: 	: 	: 	: 	: 	: 	: 	: 	: 
NR,T,TOTAL,NO032	283148	281769	279714	277614	274782	272215	269003	265164	261110	257673	254634	251220	247655	245225	243491	: 	: 	: 	: 	: 	: 	: 	: 	: 	: 	: 	: 	: 	: 	: 
NR,T,TOTAL,NO033	251084	249059	247048	244886	242692	240803	238748	236424	233705	231286	229134	226433	223804	222104	220736	: 	: 	: 	: 	: 	: 	: 	: 	: 	: 	: 	: 	: 	: 	: 
NR,T,TOTAL,NO034	173318	173391	173307	172441	171971	171450	170902	170023	169185	168231	167548	166731	166170	166140	166289	: 	: 	: 	: 	: 	: 	: 	: 	: 	: 	: 	: 	: 	: 	: 
NR,T,TOTAL,NO04	780898	777279	772813	768179	762031	751632	741284	728934	718543	706823	696166	684761	673027	663995	657976	652349	647434	642171	634817	631079	: 	: 	: 	: 	: 	: 	: 	: 	: 	: 
NR,T,TOTAL,NO041	117655	117222	116673	115785	114779	113723	112772	111495	110048	108499	107359	106130	104759	104084	103596	: 	: 	: 	: 	: 	: 	: 	: 	: 	: 	: 	: 	: 	: 	: 
NR,T,TOTAL,NO042	187589	186532	184116	182643	180897	178465	176353	174324	172408	170377	168233	165944	163702	162317	161276	: 	: 	: 	: 	: 	: 	: 	: 	: 	: 	: 	: 	: 	: 	: 
NR,T,TOTAL,NO043	475654	473525	472024	469751	466355	459444	452159	443115	436087	427947	420574	412687	404566	397594	393104	: 	: 	: 	: 	: 	: 	: 	: 	: 	: 	: 	: 	: 	: 	: 
NR,T,TOTAL,NO05	901689	899627	896503	890719	884316	875475	866239	855399	845886	835517	824865	815705	808290	804239	800064	796851	793243	789388	789712	785966	: 	: 	: 	: 	: 	: 	: 	: 	: 	: 
NR,T,TOTAL,NO051	524495	522539	519963	516072	511407	505090	498135	490570	484240	477175	469681	462674	456711	452611	448343	: 	: 	: 	: 	: 	: 	: 	: 	: 	: 	: 	: 	: 	: 	: 
NR,T,TOTAL,NO052	109774	110230	110266	109496	109173	108927	108700	108201	107742	107080	106457	106259	106194	106650	107032	: 	: 	: 	: 	: 	: 	: 	: 	: 	: 	: 	: 	: 	: 	: 
NR,T,TOTAL,NO053	267420	266858	266274	265151	263736	261458	259404	256628	253904	251262	248727	246772	245385	244978	244689	: 	: 	: 	: 	: 	: 	: 	: 	: 	: 	: 	: 	: 	: 	: 
NR,T,TOTAL,NO06	462032	458742	454596	449457	445838	441193	437198	431340	426206	422102	417437	412849	407905	404097	401011	398239	395798	393780	392126	389960	: 	: 	: 	: 	: 	: 	: 	: 	: 	: 
NR,T,TOTAL,NO060	462032	: 	: 	: 	: 	: 	: 	: 	: 	: 	: 	: 	: 	: 	: 	: 	: 	: 	: 	: 	: 	: 	: 	: 	: 	: 	: 	: 	: 	: 
NR,T,TOTAL,NO061	320884	320884	317363	313105	310093	306067	302755	297950	294066	290547	286729	282993	278836	275403	272567	: 	: 	: 	: 	: 	: 	: 	: 	: 	: 	: 	: 	: 	: 	: 
NR,T,TOTAL,NO062	137858	137858	137233	136352	135745	135126	134443	133390	132140	131555	130708	129856	129069	128694	128444	: 	: 	: 	: 	: 	: 	: 	: 	: 	: 	: 	: 	: 	: 	: 
NR,T,TOTAL,NO07	486450	486001	484647	481694	480787	478033	474563	470757	468251	465621	463425	462037	462237	462779	462640	462895	462711	462908	464159	464328	: 	: 	: 	: 	: 	: 	: 	: 	: 	: 
NR,T,TOTAL,NO071	243385	243335	242866	241818	241701	240860	239611	238320	237280	236271	235380	234996	235436	236257	236825	: 	: 	: 	: 	: 	: 	: 	: 	: 	: 	: 	: 	: 	: 	: 
NR,T,TOTAL,NO072	167202	166499	165632	164197	163479	161967	160418	158650	157554	156494	155553	154642	154136	153585	152741	: 	: 	: 	: 	: 	: 	: 	: 	: 	: 	: 	: 	: 	: 	: 
NR,T,TOTAL,NO073	75863	76167	76149	75679	75607	75206	74534	73787	73417	72856	72492	72399	72665	72937	73074	: 	: 	: 	: 	: 	: 	: 	: 	: 	: 	: 	: 	: 	: 	: 
NR,T,TOTAL,PL	37972812	37976687	37972964	37967209	38005614	38017856	38062535	38063792	38062718	38022869 b	38135876	38115641	38125479	38157055	38173835	38190608	38218531	38242197	38253955	38263303	38666983	38659979	38639341	38609399	38580597	38504707	38418108	38309226	38183160	38038403
NR,T,TOTAL,PL1	7813104	7813104	7813104	7802617	7799622	7791428	7786528	7777128	7769157	7753453 b	7753356	7744386	7737900	7735194	7733699	7732826	7736003	7738999	7742834	7750090	7730206	7737773	7741399	7747852	7750535	7743128	7738970	7726928	7722615	7723359
NR,T,TOTAL,PL11	2471620	2471620	2471620	2479350	2489844	2498861	2510409	2519448	2528674	2535866 b	2548861	2555898	2566198	2577465	2587702	2597094	2607380	2617318	2627824	2637438	2663608	2672823	2680350	2687761	2693688	2697844	2701750	2701231	2702922	2715900
NR,T,TOTAL,PL113	694990	694990	694990	699002	704228	709872	716379	722274	727984	733146 b	747152	753192	760251	767628	774004	779129	785134	791727	798418	805311	806728	812317	817983	823215	828459	833698	838367	844858	848258	841608
NR,T,TOTAL,PL114	384041	384041	384041	383704	383288	382605	382219	381606	380734	379411 b	377214	376075	375245	374885	374366	373626	373243	373454	373516	373769	375360	375551	375750	375634	375305	375006	375088	374081	373609	374759
NR,T,TOTAL,PL115	585005	585005	585005	586764	589208	590586	592767	594036	595794	597040 b	598257	598945	599952	601547	602582	604229	605614	606054	606954	607705	614181	615157	615567	616311	616838	617029	616392	615287	614865	620191
NR,T,TOTAL,PL116	445570	445570	445570	446488	448007	449310	450716	451745	453002	453779 b	453658	454127	455425	456532	457977	459347	460813	461979	463272	463762	471806	472933	473380	473891	473771	472956	472665	469097	468928	478242
NR,T,TOTAL,PL117	362014	362014	362014	363392	365113	366488	368328	369787	371160	372490 b	372580	373559	375325	376873	378773	380763	382576	384104	385664	386891	395533	396865	397670	398710	399315	399155	399238	397908	397262	401100
NR,T,TOTAL,PL12	5341484	5341484	5341484	5323267	5309778	5292567	5276119	5257680	5240483	5217587 b	5204495	5188488	5171702	5157729	5145997	5135732	5128623	5121681	5115010	5112652	5066598	5064950	5061049	5060091	5056847	5045284	5037220	5025697	5019693	5007459
NR,T,TOTAL,PL127	1750345	1750345	1750345	1740170	1731247	1719692	1709459	1700925	1693030	1686042 b	1709781	1706624	1702139	1697596	1692854	1689559	1688194	1688972	1689171	1693748	1618468	1624843	1628505	1635112	1640692	1642694	1644515	1653320	1655661	1624859
NR,T,TOTAL,PL128	609946	609946	609946	611777	614024	616188	618402	619845	621787	623089 b	622173	622599	623900	625434	626681	628714	630213	631190	631426	634048	648142	648704	648733	648150	647360	645502	643829	638625	636696	642001
NR,T,TOTAL,PL129	813288	813288	813288	807083	801791	796228	790331	783482	776041	766913 b	756745	749044	741290	735062	730278	725338	721838	717617	714205	709627	711803	707972	705263	702459	699415	694877	691923	691941	690299	690294
NR,T,TOTAL,PL12A	805934	805934	805934	799848	794362	788721	781950	774531	767566	757954 b	743130	736440	728295	721211	714680	708080	701945	696494	692044	687371	668864	664500	660137	657432	654064	651531	648596	646270	646147	644729
NR,T,TOTAL,PL12B	340804	340804	340804	341295	342182	343229	344387	345221	346191	346923	: 	: 	: 	: 	: 	: 	: 	: 	: 	: 	: 	: 	: 	: 	: 	: 	: 	: 	: 	: 
NR,T,TOTAL,PL12C	327970	327970	327970	328824	330040	330923	332063	332749	333308	333633	: 	: 	: 	: 	: 	: 	: 	: 	: 	: 	: 	: 	: 	: 	: 	: 	: 	: 	: 	: 
NR,T,TOTAL,PL12D	382940	382940	382940	383632	384741	385510	386391	387127	387985	388051	: 	: 	: 	: 	: 	: 	: 	: 	: 	: 	: 	: 	: 	: 	: 	: 	: 	: 	: 	: 
NR,T,TOTAL,PL12E	310257	310257	310257	310638	311391	312076	313136	313800	314575	314982	: 	: 	: 	: 	: 	: 	: 	: 	: 	: 	: 	: 	: 	: 	: 	: 	: 	: 	: 	: 
NR,T,TOTAL,PL2	7849543	7850361	7850331	7850598	7860284	7864274	7876489	7879546	7879309	7871233 b	7932801	7933151	7940343	7951962	7960972	7967931	7968750	7978084	7988083	7994721	8098333	8100860	8099977	8098116	8097424	8097075	8080632	8111093	8075584	7937807
NR,T,TOTAL,PL21	3360545	3349498	3339803	3330031	3324579	3316097	3310450	3303061	3293551	3280603 b	3287136	3279036	3271206	3266187	3260201	3252949	3237217	3229617	3222426	3211151	3215885	3206630	3197064	3190186	3179728	3164287	3151759	3132201	3118431	3099137
NR,T,TOTAL,PL213	766683	760626	757685	754092	753421	750378	749623	750122	748867	747317 b	754624	756583	756267	756629	757430	757685	757547	757942	758715	755355	740666	740537	740675	744987	746008	745101	744032	751320	750540	709444
NR,T,TOTAL,PL214	725128	720177	715099	710249	706296	702118	697594	692319	686710	680614 b	673452	668479	664045	660311	656921	653450	649345	646310	643814	641560	640658	637977	635146	632376	629210	625194	623166	616566	614233	619635
NR,T,TOTAL,PL217	452713	452857	452730	452637	452901	452658	452800	452575	452499	451717 b	460256	459642	459621	459732	459449	458827	450205	449177	448408	447048	448323	447096	445902	443951	442002	440003	437581	431555	429271	434801
NR,T,TOTAL,PL218	534399	532952	531216	529660	528108	526815	525659	523834	522023	519495	: 	: 	: 	: 	: 	: 	: 	: 	: 	: 	: 	: 	: 	: 	: 	: 	: 	: 	: 	: 
NR,T,TOTAL,PL219	335414	335345	334792	334464	334053	333583	333379	332667	331597	330179	: 	: 	: 	: 	: 	: 	: 	: 	: 	: 	: 	: 	: 	: 	: 	: 	: 	: 	: 	: 
NR,T,TOTAL,PL21A	546208	547541	548281	548929	549800	550545	551395	551544	551855	551281	: 	: 	: 	: 	: 	: 	: 	: 	: 	: 	: 	: 	: 	: 	: 	: 	: 	: 	: 	: 
NR,T,TOTAL,PL22	4488998	4500863	4510528	4520567	4535705	4548177	4566039	4576485	4585758	4590630 b	4645665	4654115	4669137	4685775	4700771	4714982	4731533	4748467	4765657	4783570	4882448	4894230	4902913	4907930	4917696	4932788	4928873	4978892	4957153	4838670
NR,T,TOTAL,PL224	510139	512128	514496	516593	519133	521108	523423	524979	526343	527332 b	531079	532626	535001	537112	538808	540150	541752	543099	544673	545657	551546	551886	552400	552551	553016	552226	552169	548748	548338	551811
NR,T,TOTAL,PL225	661228	660324	659211	658613	658402	657701	657201	655883	654370	652190 b	652045	649695	648559	647522	646166	644631	643586	642704	641787	640131	646750	644559	642624	640557	638261	636331	632932	635106	629850	617653
NR,T,TOTAL,PL227	622483	623305	623357	623559	624979	625439	627190	627585	627903	627712 b	637147	637006	638598	640559	641861	643482	645244	646264	648029	650253	667329	668028	668194	667699	666816	666635	664903	669271	664922	652763
NR,T,TOTAL,PL228	431037	432570	433811	435158	437018	438532	440779	442090	443335	444175 b	456448	457978	460238	462538	464934	467026	469499	472204	474686	477672	496609	499106	498971	500897	502769	504638	505451	509251	507529	499354
NR,T,TOTAL,PL229	463141	465435	466947	468618	470381	472604	474493	475983	477835	478954 b	499103	500945	503457	505871	508564	511495	514161	517539	520339	523768	538575	540250	541274	541836	543479	548283	548159	553564	555168	535883
NR,T,TOTAL,PL22A	733268	736454	739483	742474	746709	750768	756116	760253	764221	767482 b	767341	771521	776197	781683	786622	791338	797182	803540	809196	816271	843268	851460	856797	860087	865920	887315	889409	906389	905109	871594
NR,T,TOTAL,PL22B	675084	679270	683319	686879	691191	695070	700474	704254	707475	710083 b	718842	721377	724638	728212	731643	734929	738095	741235	744713	747628	750797	752132	756024	758697	761857	765862	767539	786841	785300	760363
NR,T,TOTAL,PL22C	392618	391377	389904	388673	387892	386955	386363	385458	384276	382702 b	383660	382967	382449	382278	382173	381931	382014	381882	382234	382190	387574	386809	386629	385606	385578	371498	368311	369722	360937	349249
NR,T,TOTAL,PL3	6591974	6591974	6591974	6602864	6620894	6636447	6657241	6669169	6683275	6691140 b	6725581	6731761	6746269	6762570	6774249	6785135	6805631	6814679	6820913	6822641	6911684	6911096	6910365	6903583	6897875	6879961	6864502	6817380	6792174	6829295
NR,T,TOTAL,PL31	2112787	2112787	2112787	2118528	2126310	2134413	2143278	2149487	2156633	2161679 b	2161832	2166213	2172766	2179611	2185156	2191172	2196992	2201720	2206200	2209083	2239500	2241952	2244212	2244628	2244848	2240987	2238288	2227406	2221891	2229905
NR,T,TOTAL,PL311	300910	300910	300910	301816	303090	304389	305980	307013	308091	308905 b	307842	308517	309687	310540	311600	312698	313880	315007	315465	315882	322298	322351	322668	322762	323200	322415	321800	319400	318435	323042
NR,T,TOTAL,PL312	624123	624123	624123	627690	631554	635058	638672	641618	645126	647932 b	649318	650952	653852	657578	660427	663118	665516	668674	670474	672300	684761	686334	687898	688768	689755	688791	688733	684441	683329	693982
NR,T,TOTAL,PL314	709266	709266	709266	708274	708197	709182	710097	710142	710478	710171 b	713497	714276	714773	715275	715414	715315	716059	714676	715783	715711	715269	715014	714369	713058	710916	709915	708286	708602	706329	691010
NR,T,TOTAL,PL315	478488	478488	478488	480748	483469	485784	488529	490714	492938	494671 b	491175	492468	494454	496218	497715	500041	501537	503363	504478	505190	517172	518253	519277	520040	520977	519866	519469	514963	513798	521871
NR,T,TOTAL,PL32	2084722	2084722	2084722	2083496	2084264	2083546	2085063	2083852	2083487	2081154 b	2099495	2097338	2097564	2098263	2097975	2097248	2105050	2104138	2101375	2098771	2122164	2117341	2112560	2105597	2100144	2090850	2081217	2064158	2050420	2050913
NR,T,TOTAL,PL323	472939	472939	472939	473688	474657	474956	476029	476265	476655	476227 b	481430	480895	481178	481791	481828	481896	490217	489632	489250	488949	494730	493891	492825	491076	489810	488163	486336	482364	479630	481867
NR,T,TOTAL,PL324	386612	386612	386612	387823	389157	390097	391183	392022	392865	393281 b	394729	395349	395959	396338	397310	397534	397603	397982	397845	398010	402113	402020	401880	401097	400519	399096	398061	395094	393588	398284
NR,T,TOTAL,PL325	623968	623968	623968	620792	619005	616737	614611	611581	609414	606894 b	609375	607187	605902	604667	603497	602234	601302	600508	598927	597050	598992	596475	594147	591865	589822	586303	582978	577650	574227	568635
NR,T,TOTAL,PL326	601203	601203	601203	601193	601445	601756	603240	603984	604553	604752 b	613961	613907	614525	615467	615340	615584	615928	616016	615353	614762	626329	624955	623708	621559	619993	617288	613842	609050	602975	602127
NR,T,TOTAL,PL33	1237518	1237518	1237518	1241895	1247951	1253041	1259137	1263464	1268145	1272156 b	1272784	1275550	1279838	1285007	1288693	1291598	1295885	1299382	1302650	1302518	1326218	1327859	1330460	1331481	1332438	1330590	1330493	1320258	1319563	1344216
NR,T,TOTAL,PL331	759368	759368	759368	761361	764639	767327	770511	772478	774540	776163 b	776615	777918	779964	782811	784570	785314	787092	788690	790143	788415	799414	799293	800256	799814	799617	797953	796801	792454	790290	796058
NR,T,TOTAL,PL332	478150	478150	478150	480534	483312	485714	488626	490986	493605	495993 b	496169	497632	499874	502196	504123	506284	508793	510692	512507	514103	526804	528566	530204	531667	532821	532637	533692	527804	529273	548158
NR,T,TOTAL,PL34	1156947	1156947	1156947	1158945	1162369	1165447	1169763	1172366	1175010	1176151 b	1191470	1192660	1196101	1199689	1202425	1205117	1207704	1209439	1210688	1212269	1223802	1223944	1223133	1221877	1220445	1217534	1214504	1205558	1200300	1204261
NR,T,TOTAL,PL343	503465	503465	503465	502624	502580	502320	502169	501408	500822	499728 b	504036	503690	504158	504525	504620	504715	504633	504814	504433	504405	502573	501498	499636	497900	496567	495364	493371	492193	489707	482148
NR,T,TOTAL,PL344	388337	388337	388337	390441	392931	395227	398319	400728	403050	404941 b	410667	412182	414482	416857	418958	420676	422574	424033	425434	426974	436530	437771	439137	440181	440915	440522	440405	436424	435488	443508
NR,T,TOTAL,PL345	265145	265145	265145	265880	266858	267900	269275	270230	271138	271482 b	276767	276788	277461	278307	278847	279726	280497	280592	280821	280890	284699	284675	284360	283796	282963	281648	280728	276941	275105	278605
NR,T,TOTAL,PL4	6151984	6148605	6143611	6140150	6143617	6141404	6142893	6136945	6130571	6117311 b	6099536	6087634	6079860	6075793	6069316	6064791	6061193	6057822	6051723	6044641	6105747	6096238	6083109	6067314	6053567	6029963	6007231	5972813	5946285	5928795
NR,T,TOTAL,PL41	3473172	3465605	3457473	3450966	3447689	3441440	3437751	3430702	3422705	3410721 b	3397617	3386882	3378502	3372417	3365283	3359932	3355279	3350437	3345316	3339749	3351422	3346045	3339757	3331941	3324822	3313588	3301018	3283364	3268523	3256022
NR,T,TOTAL,PL411	406147	406879	407278	407494	408357	408879	409642	409595	409666	408932 b	408510	407192	406377	406424	405925	405572	405170	404645	403995	403430	410758	410461	409850	408556	407040	405463	403421	399949	397570	399358
NR,T,TOTAL,PL414	652618	653355	653607	654345	655320	655569	656688	656548	656167	655342 b	651655	650368	649805	649593	649719	649171	648913	648444	647680	646855	655624	654535	653576	652481	651300	648831	646617	640978	638322	644577
NR,T,TOTAL,PL415	535946	537682	539262	541152	543757	545204	547995	550380	552568	554951 b	557264	560932	564951	567882	570778	574125	577117	579343	582254	584257	578235	580046	580831	581171	582357	582813	582919	589685	590101	567159
NR,T,TOTAL,PL416	665874	666265	666344	666421	667214	667263	668046	668054	667987	667116 b	667734	666968	666966	666855	666149	666114	666160	665970	665999	665369	669435	668465	667878	667043	666455	664721	663220	659387	656726	659811
NR,T,TOTAL,PL417	554079	552942	551802	550923	550413	549365	548516	547441	546215	544077 b	543242	541323	539847	538795	537454	536468	535206	534290	532642	531609	535025	534041	532653	531105	529313	527368	524904	520065	516867	518120
NR,T,TOTAL,PL418	658508	648482	639180	630631	622628	615160	606864	598684	590102	580303 b	569212	560099	550556	542868	535258	528482	522713	517745	512746	508229	502345	498497	494969	491585	488357	484392	479937	473300	468937	466997
NR,T,TOTAL,PL42	1675502	1678873	1681246	1684025	1688486	1691400	1694560	1695822	1697166	1696985 b	1692957	1692271	1692838	1694178	1694865	1696073	1697718	1698402	1697935	1696925	1731804	1729848	1725756	1720782	1716700	1708392	1701492	1690819	1683322	1678198
NR,T,TOTAL,PL424	400859	401556	402415	404705	404849	405358	406304	406994	407723	408290 b	406941	407811	409068	411119	411900	414032	415117	415748	416657	416791	416988	418985	418826	418156	419608	417747	416402	414241	413437	400999
NR,T,TOTAL,PL426	350291	350921	350976	351466	352628	353542	354059	354032	353939	353529	: 	: 	: 	: 	: 	: 	: 	: 	: 	: 	: 	: 	: 	: 	: 	: 	: 	: 	: 	: 
NR,T,TOTAL,PL427	418331	420869	423003	423865	426348	428233	430431	431804	433310	434515	: 	: 	: 	: 	: 	: 	: 	: 	: 	: 	: 	: 	: 	: 	: 	: 	: 	: 	: 	: 
NR,T,TOTAL,PL428	506021	505527	504852	503989	504661	504267	503766	502992	502194	500651	: 	: 	: 	: 	: 	: 	: 	: 	: 	: 	: 	: 	: 	: 	: 	: 	: 	: 	: 	: 
NR,T,TOTAL,PL43	1003310	1004127	1004892	1005159	1007442	1008564	1010582	1010421	1010700	1009605 b	1008962	1008481	1008520	1009198	1009168	1008786	1008196	1008983	1008472	1007967	1022521	1020345	1017596	1014591	1012045	1007983	1004721	998630	994440	994575
NR,T,TOTAL,PL431	380438	380683	380800	380453	381262	381472	381891	381579	381388	380793 b	382033	381834	381622	381623	381251	381060	379985	380132	379409	379298	384319	383468	382166	380976	380312	378485	377128	375017	373260	372511
NR,T,TOTAL,PL432	622872	623444	624092	624706	626180	627092	628691	628842	629312	628812 b	626929	626647	626898	627575	627917	627726	628211	628851	629063	628669	638202	636877	635430	633615	631733	629498	627593	623613	621180	622064
NR,T,TOTAL,PL5	3811110	3814166	3816928	3817181	3825251	3829805	3841347	3846396	3851089	3851792 b	3910099	3915498	3924258	3935639	3944586	3953980	3965703	3976060	3982793	3991344	4071714	4076458	4079408	4081450	4083725	4077926	4072637	4059425	4051285	4041665
NR,T,TOTAL,PL51	2865072	2865358	2866218	2864624	2868338	2869579	2875180	2876855	2878103	2876509 b	2877059	2878410	2882317	2888232	2893055	2898313	2904694	2909622	2912195	2917139	2982128	2985381	2986884	2988278	2988327	2983040	2978446	2970192	2964954	2956410
NR,T,TOTAL,PL514	638659	636050	634192	630704	628672	625960	625112	624593	624199	623334 b	632162	632930	634630	635932	636268	637548	639150	640804	640614	643522	637877	639399	640600	641974	642917	642332	640663	643640	643218	620648
NR,T,TOTAL,PL515	552576	555529	558059	560164	563238	566135	570024	572365	574505	575943 b	578265	579646	581467	584194	586147	587808	589618	591231	592813	593942	615019	615903	616350	616602	616141	614416	613694	609858	608763	613749
NR,T,TOTAL,PL516	442785	444025	444934	445415	446462	447247	448253	448678	449023	449158 b	448622	448586	449072	449958	450631	451215	452297	452824	453011	452936	465949	465481	464432	463352	462556	461537	459711	458512	456091	451463
NR,T,TOTAL,PL517	641626	646064	650502	654469	659523	663714	669378	672993	676392	679609 b	677218	680111	683676	687863	691079	694684	698319	701726	704217	706938	735114	737386	739719	741624	743367	743861	744617	742638	742962	751359
NR,T,TOTAL,PL518	589426	583690	578531	573872	570443	566523	562413	558226	553984	548465 b	540792	537137	533472	530285	528930	527058	525310	523037	521540	519801	528169	527212	525783	524726	523346	520894	519761	515544	513920	519191
NR,T,TOTAL,PL52	946038	948808	950710	952557	956913	960226	966167	969541	972986	975283 b	1033040	1037088	1041941	1047407	1051531	1055667	1061009	1066438	1070598	1074205	1089586	1091077	1092524	1093172	1095398	1094886	1094191	1089233	1086331	1085255
NR,T,TOTAL,PL523	363713	365003	366250	367646	370066	371589	374034	375474	377110	378450	: 	: 	: 	: 	: 	: 	: 	: 	: 	: 	: 	: 	: 	: 	: 	: 	: 	: 	: 	: 
NR,T,TOTAL,PL524	582325	583805	584460	584911	586847	588637	592133	594067	595876	596833	: 	: 	: 	: 	: 	: 	: 	: 	: 	: 	: 	: 	: 	: 	: 	: 	: 	: 	: 	: 
NR,T,TOTAL,PL6	5764951	5763089	5757016	5753799	5755946	5754498	5758037	5754608	5749317	5737940 b	5714503	5703211	5696849	5695897	5691013	5685945	5681251	5676553	5667609	5659866	5749299	5737554	5725083	5711084	5697471	5676654	5654136	5621587	5595217	5580676
NR,T,TOTAL,PL61	2055433	2059748	2060575	2062006	2065846	2068417	2072655	2074398	2075129	2074489 b	2067918	2066136	2066371	2068253	2068258	2068142	2069166	2069747	2067817	2068864	2100106	2098018	2095819	2092977	2090331	2084065	2078332	2065593	2059224	2061720
NR,T,TOTAL,PL613	771746	771072	769556	768134	767732	767131	767396	766677	765371	763988 b	760017	759190	758145	757695	756450	755318	755639	755866	753654	755220	759260	756732	755176	753089	750848	747944	744847	743521	740756	725432
NR,T,TOTAL,PL616	383322	384695	385116	385700	387118	387610	388619	389006	389295	389250	: 	: 	: 	: 	: 	: 	: 	: 	: 	: 	: 	: 	: 	: 	: 	: 	: 	: 	: 	: 
NR,T,TOTAL,PL617	359520	360815	361420	362119	363170	364007	365105	365965	366622	366724	: 	: 	: 	: 	: 	: 	: 	: 	: 	: 	: 	: 	: 	: 	: 	: 	: 	: 	: 	: 
NR,T,TOTAL,PL618	185908	186327	186455	186547	186733	186792	186925	186692	186638	186397	: 	: 	: 	: 	: 	: 	: 	: 	: 	: 	: 	: 	: 	: 	: 	: 	: 	: 	: 	: 
NR,T,TOTAL,PL619	354937	356839	358028	359506	361093	362877	364610	366058	367203	368130	: 	: 	: 	: 	: 	: 	: 	: 	: 	: 	: 	: 	: 	: 	: 	: 	: 	: 	: 	: 
NR,T,TOTAL,PL62	1404441	1408415	1410641	1414734	1418541	1421264	1425897	1427162	1428620	1428496 b	1427073	1426155	1426883	1428601	1428714	1428885	1428449	1428469	1427508	1424772	1463520	1460432	1456724	1452423	1449121	1442512	1436597	1423317	1415554	1421823
NR,T,TOTAL,PL621	517268	519207	520777	523096	524824	526553	528536	529665	530780	531134 b	529810	529864	530616	531689	532409	533198	533346	533114	532464	531544	544294	543233	541652	540079	538675	535852	533696	527974	525684	533775
NR,T,TOTAL,PL622	606469	607588	608208	609367	610750	611612	613747	613889	614086	613594 b	613418	612524	612381	612610	611991	611589	610991	611167	611025	609360	625562	624035	622450	620722	619049	616857	614219	609913	606495	601222
NR,T,TOTAL,PL623	280704	281620	281656	282271	282967	283099	283614	283608	283754	283768 b	283845	283767	283886	284302	284314	284098	284112	284188	284019	283868	293664	293164	292622	291622	291397	289803	288682	285430	283375	286826
NR,T,TOTAL,PL63	2305077	2294926	2285800	2277059	2271559	2264817	2259485	2253048	2245568	2234955 b	2219512	2210920	2203595	2199043	2194041	2188918	2183636	2178337	2172284	2166230	2185673	2179104	2172540	2165684	2158019	2150077	2139207	2132677	2120439	2097133
NR,T,TOTAL,PL633	745972	743330	742845	741521	740928	740681	740625	741343	742302	742908 b	743659	745113	748126	750919	752943	755528	756571	757284	758730	760210	755290	755965	757628	758226	758274	757949	756829	764113	763297	743900
NR,T,TOTAL,PL634	582378	574187	566182	559238	553224	546540	539894	532986	525318	516316 b	505881	498360	489826	483299	477405	471296	466226	462123	457143	452858	450160	445914	441739	437417	432804	429101	424450	420534	415466	407412
NR,T,TOTAL,PL636	328934	329170	329051	329178	329605	329672	330398	330691	330781	330466	: 	: 	: 	: 	: 	: 	: 	: 	: 	: 	: 	: 	: 	: 	: 	: 	: 	: 	: 	: 
NR,T,TOTAL,PL637	222635	222423	221803	221329	221274	221282	221296	221049	220525	219603	: 	: 	: 	: 	: 	: 	: 	: 	: 	: 	: 	: 	: 	: 	: 	: 	: 	: 	: 	: 
NR,T,TOTAL,PL638	425158	425816	425919	425793	426528	426642	427272	426979	426642	425662	: 	: 	: 	: 	: 	: 	: 	: 	: 	: 	: 	: 	: 	: 	: 	: 	: 	: 	: 	: 
NR,T,TOTAL,PL7	3679410	3694464	3709138	3721245	3737795	3751902	: 	: 	: 	: 	: 	: 	: 	: 	: 	: 	: 	: 	: 	: 	: 	: 	: 	: 	: 	: 	: 	: 	: 	: 
NR,T,TOTAL,PL71	2453167	2462448	2471620	2479350	2489844	2498861	: 	: 	: 	: 	: 	: 	: 	: 	: 	: 	: 	: 	: 	: 	: 	: 	: 	: 	: 	: 	: 	: 	: 	: 
NR,T,TOTAL,PL711	684915	689594	694990	699002	704228	709872	: 	: 	: 	: 	: 	: 	: 	: 	: 	: 	: 	: 	: 	: 	: 	: 	: 	: 	: 	: 	: 	: 	: 	: 
NR,T,TOTAL,PL712	385629	384780	384041	383704	383288	382605	: 	: 	: 	: 	: 	: 	: 	: 	: 	: 	: 	: 	: 	: 	: 	: 	: 	: 	: 	: 	: 	: 	: 	: 
NR,T,TOTAL,PL713	581062	583134	585005	586764	589208	590586	: 	: 	: 	: 	: 	: 	: 	: 	: 	: 	: 	: 	: 	: 	: 	: 	: 	: 	: 	: 	: 	: 	: 	: 
NR,T,TOTAL,PL714	442739	444385	445570	446488	448007	449310	: 	: 	: 	: 	: 	: 	: 	: 	: 	: 	: 	: 	: 	: 	: 	: 	: 	: 	: 	: 	: 	: 	: 	: 
NR,T,TOTAL,PL715	358822	360555	362014	363392	365113	366488	: 	: 	: 	: 	: 	: 	: 	: 	: 	: 	: 	: 	: 	: 	: 	: 	: 	: 	: 	: 	: 	: 	: 	: 
NR,T,TOTAL,PL72	1226243	1232016	1237518	1241895	1247951	1253041	: 	: 	: 	: 	: 	: 	: 	: 	: 	: 	: 	: 	: 	: 	: 	: 	: 	: 	: 	: 	: 	: 	: 	: 
NR,T,TOTAL,PL721	753544	756740	759368	761361	764639	767327	: 	: 	: 	: 	: 	: 	: 	: 	: 	: 	: 	: 	: 	: 	: 	: 	: 	: 	: 	: 	: 	: 	: 	: 
NR,T,TOTAL,PL722	472699	475276	478150	480534	483312	485714	: 	: 	: 	: 	: 	: 	: 	: 	: 	: 	: 	: 	: 	: 	: 	: 	: 	: 	: 	: 	: 	: 	: 	: 
NR,T,TOTAL,PL8	5335503	5346175	5354456	5360969	5372943	5383406	: 	: 	: 	: 	: 	: 	: 	: 	: 	: 	: 	: 	: 	: 	: 	: 	: 	: 	: 	: 	: 	: 	: 	: 
NR,T,TOTAL,PL81	2097294	2105442	2112787	2118528	2126310	2134413	: 	: 	: 	: 	: 	: 	: 	: 	: 	: 	: 	: 	: 	: 	: 	: 	: 	: 	: 	: 	: 	: 	: 	: 
NR,T,TOTAL,PL811	298352	299762	300910	301816	303090	304389	: 	: 	: 	: 	: 	: 	: 	: 	: 	: 	: 	: 	: 	: 	: 	: 	: 	: 	: 	: 	: 	: 	: 	: 
NR,T,TOTAL,PL812	615481	620130	624123	627690	631554	635058	: 	: 	: 	: 	: 	: 	: 	: 	: 	: 	: 	: 	: 	: 	: 	: 	: 	: 	: 	: 	: 	: 	: 	: 
NR,T,TOTAL,PL814	709993	709424	709266	708274	708197	709182	: 	: 	: 	: 	: 	: 	: 	: 	: 	: 	: 	: 	: 	: 	: 	: 	: 	: 	: 	: 	: 	: 	: 	: 
NR,T,TOTAL,PL815	473468	476126	478488	480748	483469	485784	: 	: 	: 	: 	: 	: 	: 	: 	: 	: 	: 	: 	: 	: 	: 	: 	: 	: 	: 	: 	: 	: 	: 	: 
NR,T,TOTAL,PL82	2086135	2085877	2084722	2083496	2084264	2083546	: 	: 	: 	: 	: 	: 	: 	: 	: 	: 	: 	: 	: 	: 	: 	: 	: 	: 	: 	: 	: 	: 	: 	: 
NR,T,TOTAL,PL821	471161	472097	472939	473688	474657	474956	: 	: 	: 	: 	: 	: 	: 	: 	: 	: 	: 	: 	: 	: 	: 	: 	: 	: 	: 	: 	: 	: 	: 	: 
NR,T,TOTAL,PL822	384141	385648	386612	387823	389157	390097	: 	: 	: 	: 	: 	: 	: 	: 	: 	: 	: 	: 	: 	: 	: 	: 	: 	: 	: 	: 	: 	: 	: 	: 
NR,T,TOTAL,PL823	631399	627508	623968	620792	619005	616737	: 	: 	: 	: 	: 	: 	: 	: 	: 	: 	: 	: 	: 	: 	: 	: 	: 	: 	: 	: 	: 	: 	: 	: 
NR,T,TOTAL,PL824	599434	600624	601203	601193	601445	601756	: 	: 	: 	: 	: 	: 	: 	: 	: 	: 	: 	: 	: 	: 	: 	: 	: 	: 	: 	: 	: 	: 	: 	: 
NR,T,TOTAL,PL84	1152074	1154856	1156947	1158945	1162369	1165447	: 	: 	: 	: 	: 	: 	: 	: 	: 	: 	: 	: 	: 	: 	: 	: 	: 	: 	: 	: 	: 	: 	: 	: 
NR,T,TOTAL,PL841	505188	504413	503465	502624	502580	502320	: 	: 	: 	: 	: 	: 	: 	: 	: 	: 	: 	: 	: 	: 	: 	: 	: 	: 	: 	: 	: 	: 	: 	: 
NR,T,TOTAL,PL842	383563	386211	388337	390441	392931	395227	: 	: 	: 	: 	: 	: 	: 	: 	: 	: 	: 	: 	: 	: 	: 	: 	: 	: 	: 	: 	: 	: 	: 	: 
NR,T,TOTAL,PL843	263323	264232	265145	265880	266858	267900	: 	: 	: 	: 	: 	: 	: 	: 	: 	: 	: 	: 	: 	: 	: 	: 	: 	: 	: 	: 	: 	: 	: 	: 
NR,T,TOTAL,PL9	5380311	5359827	5341484	5323267	5309778	5292567	: 	: 	: 	: 	: 	: 	: 	: 	: 	: 	: 	: 	: 	: 	: 	: 	: 	: 	: 	: 	: 	: 	: 	: 
NR,T,TOTAL,PL91	3053104	3025034	3002278	2979942	2960058	2937140	: 	: 	: 	: 	: 	: 	: 	: 	: 	: 	: 	: 	: 	: 	: 	: 	: 	: 	: 	: 	: 	: 	: 	: 
NR,T,TOTAL,PL911	1775986	1761298	1750345	1740170	1731247	1719692	1709459	1700925	1693030	1686042 b	1709781	1706624	1702139	1697596	1692854	1689559	1688194	1688972	1689171	1693748	1618468	1624843	1628505	1635112	1640692	1642694	1644515	1653320	1655661	1624859
NR,T,TOTAL,PL912	637851	631724	626313	620458	615296	609898	: 	: 	: 	: b	: 	: 	: 	: 	: 	: 	: 	: 	: 	: 	: 	: 	: 	: 	: 	: 	: 	: 	: 	: 
NR,T,TOTAL,PL913	639267	632012	625620	619314	613515	607550	: 	: 	: 	: 	: 	: 	: 	: 	: 	: 	: 	: 	: 	: 	: 	: 	: 	: 	: 	: 	: 	: 	: 	: 
NR,T,TOTAL,PL92	2327207	2334793	2339206	2343325	2349720	2355427	: 	: 	: 	: 	: 	: 	: 	: 	: 	: 	: 	: 	: 	: 	: 	: 	: 	: 	: 	: 	: 	: 	: 	: 
NR,T,TOTAL,PL921	605972	608477	609946	611777	614024	616188	: 	: 	: 	: 	: 	: 	: 	: 	: 	: 	: 	: 	: 	: 	: 	: 	: 	: 	: 	: 	: 	: 	: 	: 
NR,T,TOTAL,PL922	338306	339497	340804	341295	342182	343229	: 	: 	: 	: 	: 	: 	: 	: 	: 	: 	: 	: 	: 	: 	: 	: 	: 	: 	: 	: 	: 	: 	: 	: 
NR,T,TOTAL,PL923	325475	327027	327970	328824	330040	330923	: 	: 	: 	: 	: 	: 	: 	: 	: 	: 	: 	: 	: 	: 	: 	: 	: 	: 	: 	: 	: 	: 	: 	: 
NR,T,TOTAL,PL924	381313	382337	382940	383632	384741	385510	: 	: 	: 	: 	: 	: 	: 	: 	: 	: 	: 	: 	: 	: 	: 	: 	: 	: 	: 	: 	: 	: 	: 	: 
NR,T,TOTAL,PL925	417565	418431	418592	418859	419580	420262	: 	: 	: 	: 	: 	: 	: 	: 	: 	: 	: 	: 	: 	: 	: 	: 	: 	: 	: 	: 	: 	: 	: 	: 
NR,T,TOTAL,PL926	258576	259024	258954	258938	259153	259315	: 	: 	: 	: 	: 	: 	: 	: 	: 	: 	: 	: 	: 	: 	: 	: 	: 	: 	: 	: 	: 	: 	: 	: 
NR,T,TOTAL,PT	10276617	10291027	10309573	10341330 e	10374822 e	10427301	10487289	10542398	10572721	10573479	10563014	10553339	10532588	10511988	10494672	10473050	10444592	10394669	10330774	10249022	10186634	10133758	10084196	10043693	10008659	9974391	9954958	9950029	9970441	9995995
NR,T,TOTAL,PT1	9779826	9792797	9809414	9839140 e	9869783 e	9918548	9976649	10030968	10057999	10059864	10051206	10043520	10025838	10008242	9993865	9975209	9950051	9904113	9845237	9765440	9704074	9651230	9601049	9559249	9522397	9486133	9463390	9456452	: 	: 
NR,T,TOTAL,PT11	3572583	3576205	3584575	3603778 e	3621785 e	3644195	3666234	3687224	3693585	3705980	3712554	3719773	3719898	3718061	3716870	3713740	3708294	3696333	3679741	3652110	3629750	3608348	3587839	3569019	3551449	3533685	3519004	3510528	: 	: 
NR,T,TOTAL,PT111	230954	232178	233813	236270 e	237997 e	240134	242159	244149	245306	246690	247492	248515	248983	249616	250134	250476	250823	250491	249667	248414	247710	247334	247243	247356	247718	248257	249259	250617	: 	: 
NR,T,TOTAL,PT112	403891	403953	404664	406530 e	407420 e	408851	410090	411028	410383	410296	409348	408415	406832	404978	403066	401040	398843	395672	391936	386867	382457	378395	374433	370626	367362	363815	360665	358333	: 	: 
NR,T,TOTAL,PT119	412669	413854	415671	418411 e	419826 e	421931	423817	425661	425720	427475	428588	429767	429961	429846	429809	429378	428797	427557	425433	421513	418004	414545	411108	407510	403977	400623	397449	395010	: 	: 
NR,T,TOTAL,PT11A	1722374	1719702	1719021	1723618 e	1731354 e	1740983	1750297	1758991	1761075	1763670	1763995	1764381	1761628	1757869	1754298	1750262	1744924	1736891	1727529	1712610	1699637	1686922	1674238	1662234	1650123	1637671	1626173	1618079	: 	: 
NR,T,TOTAL,PT11B	86466	87157	87941	89260 e	90211 e	91264	92395	93615	94391	95850	97104	98369	99497	100531	101605	102571	103397	104103	104580	104776	105218	105892	106480	107356	108414	109375	110695	112058	: 	: 
NR,T,TOTAL,PT11C	417268	418768	420854	423683 e	425588 e	428054	430620	432946	433340	435183	436338	437399	437562	437440	437364	437089	436475	435077	433252	429889	426943	423742	420639	417811	414938	411999	409088	407115	: 	: 
NR,T,TOTAL,PT11D	191101	192046	193202	195247 e	197210 e	199400	201741	204121	205574	207707	209524	211602	213160	214543	216298	217741	219010	219895	220375	221001	222309	223649	225280	227172	229252	231465	234161	236664	: 	: 
NR,T,TOTAL,PT11E	107860	108547	109409	110759 e	112179 e	113578	115115	116713	117796	119109	120165	121325	122275	123238	124296	125183	126025	126647	126969	127040	127472	127869	128418	128954	129665	130480	131514	132652	: 	: 
NR,T,TOTAL,PT15	438864	439617	441469	441929 e	441468 e	442358	444390	446140	451304	445824	440088	434556	428798	423539	418530	413611	408029	400937	393142	385298	378671	372798	366996	361927	357495	353182	349511	346596	: 	: 
NR,T,TOTAL,PT150	438864	439617	441469	441929 e	441468 e	442358	444390	446140	451304	445824	440088	434556	428798	423539	418530	413611	408029	400937	393142	385298	378671	372798	366996	361927	357495	353182	349511	346596	: 	: 
NR,T,TOTAL,PT16	2216569	2231346	2243934	2256364 e	2263992 e	2281164	2298938	2316169	2331642	2337787	2341807	2345981	2348308	2350150	2352891	2354349	2355304	2351652	2344671	2328686	2316874	2306952	2297278	2289462	2282411	2275572	2272444	2274230	: 	: 
NR,T,TOTAL,PT16B	356785	357706	358029	358594 e	358442 e	360090	361374	362311	363065	361380	359265	357181	354794	352256	349982	347515	344861	341589	338059	334181	331146	328430	325796	323612	321538	319790	318499	317688	: 	: 
NR,T,TOTAL,PT16D	362100	363095	363752	364313 e	364457 e	366086	367764	369287	370703	370761	370656	370417	370014	369519	369028	368622	367639	366177	364056	359925	356599	353316	349955	346631	343569	340470	337904	336273	: 	: 
NR,T,TOTAL,PT16E	434015	436948	439507	441867 e	444014 e	447936	452396	456871	461011	462962	464502	465946	467268	468466	469665	470839	471855	472131	471820	469462	467792	466164	464636	463245	461961	460669	459785	460086	: 	: 
NR,T,TOTAL,PT16F	284492	286309	287770	289215 e	289438 e	291079	292525	293941	295013	294998	294725	294531	293949	293253	292821	292153	291319	289926	287945	284290	281238	278667	275976	273631	271470	269528	268031	267332	: 	: 
NR,T,TOTAL,PT16G	252220	254631	256928	259168 e	260062 e	262125	264213	266207	267977	269337	270375	271494	272430	273340	274227	275058	275819	275809	275277	273889	272739	272042	271554	271412	271334	271206	271804	272749	: 	: 
NR,T,TOTAL,PT16H	80782	81814	82731	83628 e	84463 e	85656	86879	88134	89343	89970	90502	91123	91666	92182	92856	93280	93866	94232	94447	94798	95241	95741	96276	96927	97570	98172	98982	99821	: 	: 
NR,T,TOTAL,PT16I	232849	234655	236256	237812 e	239200 e	241445	243745	245940	247904	248960	249861	250788	251366	252076	252960	253393	254159	254423	254407	253507	252901	252609	252454	252614	252683	252813	253239	254226	: 	: 
NR,T,TOTAL,PT16J	213326	216188	218961	221767 e	223916 e	226747	230042	233478	236626	239419	241921	244501	246821	249058	251352	253489	255786	257365	258660	258634	259218	259983	260631	261390	262286	262924	264200	266055	: 	: 
NR,T,TOTAL,PT17	2846332	2833679	2821349	2812678 e	2809168 e	2807525	2818388	2827050	2822761	2808205	2792105	2775675	2759501	2745623	2732440	2719233	2702293	2678695	2651729	2624511	2603865	2587604	2572657	2561025	2551871	2543315	2539817	2539520	: 	: 
NR,T,TOTAL,PT170	2846332	2833679	2821349	2812678 e	2809168 e	2807525	2818388	2827050	2822761	2808205	2792105	2775675	2759501	2745623	2732440	2719233	2702293	2678695	2651729	2624511	2603865	2587604	2572657	2561025	2551871	2543315	2539817	2539520	: 	: 
NR,T,TOTAL,PT18	705478	711950	718087	724391 e	733370 e	743306	748699	754385	758707	762068	764652	767535	769333	770869	773134	774276	776131	776496	775954	774835	774914	775528	776279	777816	779171	780379	782614	785578	: 	: 
NR,T,TOTAL,PT181	93259	93774	94291	94874 e	95946 e	97030	97414	97878	98112	98424	98677	98980	99172	99366	99711	99859	100052	99988	99804	99552	99416	99341	99289	99281	99190	99092	99020	99153	: 	: 
NR,T,TOTAL,PT184	116557	117868	119024	120128 e	121859 e	123598	124690	125875	126962	128023	128884	129934	130676	131466	132307	133025	133888	134611	135052	135437	136206	136908	137642	138666	139629	140560	141794	142951	: 	: 
NR,T,TOTAL,PT185	237318	238715	239977	241408 e	243620 e	246219	246952	247587	247780	247624	247216	246818	246094	245272	244675	243830	243189	241948	240399	238925	237763	236970	236249	235683	235235	234704	234568	234686	: 	: 
NR,T,TOTAL,PT186	105479	107057	108588	110235 e	112084 e	114137	115663	117357	118858	119900	120837	121778	122668	123463	124371	125096	125959	126549	127105	127604	128258	128960	129727	130648	131487	132313	133234	134247	: 	: 
NR,T,TOTAL,PT187	152865	154536	156207	157746 e	159861 e	162322	163980	165688	166995	168097	169038	170025	170723	171302	172070	172466	173043	173400	173594	173317	173271	173349	173372	173538	173630	173710	173998	174541	: 	: 
NR,T,TOTAL,PT2	242846	243862	245283	245766 e	246353 e	247440	247549	247194	246757	246900	246670	246373	245671	245118	244491	243916	243303	242544	241387	240759	240289	239993	239935	239786	239757	239688	239918	239984	: 	: 
NR,T,TOTAL,PT20	242846	243862	245283	245766 e	246353 e	247440	247549	247194	246757	246900	246670	246373	245671	245118	244491	243916	243303	242544	241387	240759	240289	239993	239935	239786	239757	239688	239918	239984	: 	: 
NR,T,TOTAL,PT200	242846	243862	245283	245766 e	246353 e	247440	247549	247194	246757	246900	246670	246373	245671	245118	244491	243916	243303	242544	241387	240759	240289	239993	239935	239786	239757	239688	239918	239984	: 	: 
NR,T,TOTAL,PT3	253945	254368	254876	256424 e	258686 e	261313	263091	264236	267965	266715	265138	263446	261079	258628	256316	253925	251238	248012	244150	242823	242271	242535	243212	244658	246505	248570	251650	253593	: 	: 
NR,T,TOTAL,PT30	253945	254368	254876	256424 e	258686 e	261313	263091	264236	267965	266715	265138	263446	261079	258628	256316	253925	251238	248012	244150	242823	242271	242535	243212	244658	246505	248570	251650	253593	: 	: 
NR,T,TOTAL,PT300	253945	254368	254876	256424 e	258686 e	261313	263091	264236	267965	266715	265138	263446	261079	258628	256316	253925	251238	248012	244150	242823	242271	242535	243212	244658	246505	248570	251650	253593	: 	: 
NR,T,TOTAL,RO	19414458	19530631	19643949	19760585	19870647	19947311	20020074	20095996 b	20199059	20294683	20440290	20635460	21130503	21257016	21382354	21521142	21627509	21833483	22430457	22455485	22488595	22526093	22581862	22656145	22712394	22748027	22778533	22810035	23192274	23211395
NR,T,TOTAL,RO1	4870384	4886569	4901067	4918531	4935690	4945532	4954228	4959455 b	5240224 p	5244137	5247530	5248804	5253432	5263559	5276097	5286793	5298737	5313799	5486905	5494097	5505931	5519475	5532940	5551677	5573307	: 	: 	: 	: 	: 
NR,T,TOTAL,RO11	2552112	2560822	2568282	2576567	2585543	2590220	2594823	2598877 b	2717532 p	2719719	2721468	2724176	2729256	2729181	2742676	2743281	2750406	2762565	2844430	2849982	2854118	2860561	2869047	2879634	2888806	: 	: 	: 	: 	: 
NR,T,TOTAL,RO111	561404	564109	566353	568969	571955	573691	575270	575731 b	593041 p	592957	593606	593897	594615	595448	596670	598381	602206	603743	620817	621628	623162	625429	627379	629922	632753	: 	: 	: 	: 	: 
NR,T,TOTAL,RO112	278851	280106	281387	282495	283210	283832	284178	285468 b	316947 p	317316	317346	316869	316932	318692	317313	319099	318914	318443	326162	326115	326492	326383	327227	327776	327973	: 	: 	: 	: 	: 
NR,T,TOTAL,RO113	706905	704759	702771	701258	700665	698929	697457	693608 b	694136 p	692339	690590	692021	693691	683550	697118	686186	685755	693304	721874	723939	722401	724605	726264	728870	729978	: 	: 	: 	: 	: 
NR,T,TOTAL,RO114	460689	463354	465402	468333	470691	472335	474115	477180 b	509660 p	511093	511946	512560	513903	516456	515648	518093	519981	521468	530646	531563	532718	533162	534565	535909	538008	: 	: 	: 	: 	: 
NR,T,TOTAL,RO115	332572	334678	336509	338181	339998	340986	342118	343530 b	363488 p	364597	365508	365975	366501	368622	369718	372665	373833	375090	389396	390560	391627	392265	393199	395014	396866	: 	: 	: 	: 	: 
NR,T,TOTAL,RO116	211691	213816	215860	217331	219024	220447	221685	223360 b	240260 p	241417	242472	242854	243614	246413	246209	248857	249717	250517	255535	256177	257718	258717	260413	262143	263228	: 	: 	: 	: 	: 
NR,T,TOTAL,RO12	2318272	2325747	2332785	2341964	2350147	2355312	2359405	2360578 b	2522692 p	2524418	2526062	2524628	2524176	2534378	2533421	2543512	2548331	2551234	2642475	2644115	2651813	2658914	2663893	2672043	2684501	: 	: 	: 	: 	: 
NR,T,TOTAL,RO121	325426	328311	330961	333488	335875	337658	339517	341479 b	371520 p	373134	374535	374727	376747	380539	380091	384410	386435	386680	395653	396909	399457	401687	403153	405201	407073	: 	: 	: 	: 	: 
NR,T,TOTAL,RO122	552193	551183	550795	550934	550985	550765	550713	549519 b	598813 p	598208	596853	596467	592399	595736	595647	596571	595522	595742	627800	629792	632394	634881	636510	638646	642789	: 	: 	: 	: 	: 
NR,T,TOTAL,RO123	202146	203534	204920	206279	207596	208603	208976	209713 b	222065 p	222481	222846	223208	223634	224100	223996	224270	225305	225914	230937	230530	230840	231172	231904	232111	232580	: 	: 	: 	: 	: 
NR,T,TOTAL,RO124	302308	304280	305679	307555	309138	310336	310842	311048 b	324419 p	325127	325345	325682	325997	326650	327297	329190	329917	330914	341435	341882	342859	343467	344199	345322	346829	: 	: 	: 	: 	: 
NR,T,TOTAL,RO125	535193	538329	540704	543726	546415	547757	549097	550214 b	579747 p	580672	581628	581400	582274	584205	583410	585261	587441	588234	601710	601446	602155	602426	603517	604967	606777	: 	: 	: 	: 	: 
NR,T,TOTAL,RO126	401006	400110	399726	399982	400138	400193	400260	398605 b	426128 p	424796	424855	423144	423125	423148	422980	423810	423711	423750	444940	443556	444108	445281	444610	445796	448453	: 	: 	: 	: 	: 
NR,T,TOTAL,RO2	5594735	5643140	5686810	5726602	5761950	5782461	5802152	5833153 b	6505815 p	6523614	6535967	6548309	6562245	6578570	6585471	6597912	6609736	6615957	6766106	6756320	6748741	6737063	6734592	6744686	6738360	: 	: 	: 	: 	: 
NR,T,TOTAL,RO21	3198564	3221183	3239540	3256734	3269598	3273367	3278798	3294204 b	3703283 p	3712396	3717621	3722553	3727910	3734946	3735512	3742868	3746330	3743950	3831216	3820101	3808273	3793851	3787028	3790486	3780653	: 	: 	: 	: 	: 
NR,T,TOTAL,RO211	585146	591035	595526	600549	604158	606589	609948	614316 b	713791 p	716260	718165	719655	721848	722889	723787	723892	725932	727354	753533	751916	750747	747645	745443	745567	743176	: 	: 	: 	: 	: 
NR,T,TOTAL,RO212	379622	385046	390334	394625	399259	403088	406330	410706 b	446456 p	448749	451193	453958	457693	460044	460507	459805	461232	462924	464354	463325	462128	460973	461106	463019	462017	: 	: 	: 	: 	: 
NR,T,TOTAL,RO213	793559	791210	789913	788659	786596	780948	775165	772979 b	821952 p	824780	823388	818929	813731	814198	813505	821891	814978	804812	840929	836255	831282	826307	823268	822720	817743	: 	: 	: 	: 	: 
NR,T,TOTAL,RO214	441811	447102	451517	455643	459372	461869	464758	468429 b	562231 p	563392	564471	566740	568808	570600	571266	571444	573158	576170	587140	586157	584954	583687	583538	585385	584353	: 	: 	: 	: 	: 
NR,T,TOTAL,RO215	624563	626789	628319	629733	631030	631410	632210	633658 b	709452 p	708109	707588	707251	706967	706682	705343	705555	706012	707171	718113	716301	714600	712854	711680	710332	710023	: 	: 	: 	: 	: 
NR,T,TOTAL,RO216	373863	380001	383931	387525	389183	389463	390387	394116 b	449401 p	451106	452816	456020	458863	460533	461104	460281	465018	465519	467147	466147	464562	462385	461993	463463	463341	: 	: 	: 	: 	: 
NR,T,TOTAL,RO22	2396171	2421957	2447270	2469868	2492352	2509094	2523354	2538949 b	2802532 p	2811218	2818346	2825756	2834335	2843624	2849959	2855044	2863406	2872007	2934890	2936219	2940468	2943212	2947564	2954200	2957707	: 	: 	: 	: 	: 
NR,T,TOTAL,RO221	289537	294143	299077	303608	308176	312089	315598	319674 b	356653 p	359119	361414	363979	366811	369503	370941	373560	375205	376973	385516	386381	388048	388816	389500	390768	391663	: 	: 	: 	: 	: 
NR,T,TOTAL,RO222	413723	419829	425862	431015	436440	440931	444993	449218 b	479210 p	481694	483988	486445	489784	492787	495325	497172	499201	500801	504452	505208	506525	508459	509840	513010	513998	: 	: 	: 	: 	: 
NR,T,TOTAL,RO223	673709	676215	678286	681054	683339	684257	684458	683866 b	724671 p	723696	721896	719727	717323	716127	714923	713873	713921	713871	747103	746502	747179	746988	747474	746679	747912	: 	: 	: 	: 	: 
NR,T,TOTAL,RO224	504058	509471	515282	520058	524574	527979	530914	534577 b	606823 p	609398	611040	613509	616054	619090	621208	621956	624131	627267	643828	643531	643118	642337	641779	643083	642957	: 	: 	: 	: 	: 
NR,T,TOTAL,RO225	194421	197754	200679	203196	205965	208242	210119	212012 b	245127 p	246785	248367	249779	251225	252156	253154	253932	255097	256646	262596	263419	264421	265349	266346	267379	267856	: 	: 	: 	: 	: 
NR,T,TOTAL,RO226	320723	324545	328084	330937	333858	335596	337272	339602 b	390048 p	390526	391641	392317	393138	393961	394408	394551	395851	396449	391395	391178	391177	391263	392625	393281	393321	: 	: 	: 	: 	: 
NR,T,TOTAL,RO3	5245005	5266460	5290602	5319758	5345486	5368063	5390394	5407944 b	5521131 p	5528968	5532879	5534038	5537002	5537093	5547963	5558502	5576765	5597355	5740347	5756866	5771401	5791359	5812698	5842428	5869491	: 	: 	: 	: 	: 
NR,T,TOTAL,RO31	2929832	2965205	3003394	3031555	3061286	3085095	3108150	3128799 b	3253712 p	3267270	3279786	3292036	3304840	3321392	3338195	3350248	3368615	3383573	3467375	3471322	3481711	3492937	3504998	3521504	3532198	: 	: 	: 	: 	: 
NR,T,TOTAL,RO311	579862	585730	590531	595764	600256	604058	606789	611024 b	638942 p	640484	642359	644487	644094	645595	646899	648830	652308	653981	671940	672923	674046	675727	677076	678515	679750	: 	: 	: 	: 	: 
NR,T,TOTAL,RO312	284299	288043	292835	295505	298684	301251	303881	305779 b	311474 p	312697	313460	314081	315440	317172	318360	319168	320226	320887	332048	331715	331712	332494	333376	335350	336274	: 	: 	: 	: 	: 
NR,T,TOTAL,RO313	491242	496173	501274	505219	509531	512668	515623	517657 b	529650 p	530332	531011	531441	534171	536248	537910	538694	540450	542414	552440	551926	552865	554161	554478	556789	557884	: 	: 	: 	: 	: 
NR,T,TOTAL,RO314	266194	269279	274021	274570	276632	278425	281989	281295 b	279847 p	280959	282322	282638	283888	285347	287462	288497	290936	292577	294304	294911	296448	298242	300059	301974	304170	: 	: 	: 	: 	: 
NR,T,TOTAL,RO315	256120	258931	262231	264733	267139	269251	271030	273317 b	286619 p	287678	288472	289501	290638	291738	293102	293621	294552	295011	304773	304583	304923	304803	305070	305848	305413	: 	: 	: 	: 	: 
NR,T,TOTAL,RO316	717972	725609	732833	740483	747565	752322	756635	761699 b	811479 p	814689	817092	819600	822081	825389	829253	831033	834445	838066	855707	856961	859642	862457	866569	870308	873525	: 	: 	: 	: 	: 
NR,T,TOTAL,RO317	334143	341440	349669	355281	361479	367120	372203	378028 b	395701 p	400431	405070	410288	414528	419903	425209	430405	435698	440637	456163	458303	462075	465053	468370	472720	475182	: 	: 	: 	: 	: 
NR,T,TOTAL,RO32	2315173	2301255	2287208	2288203	2284200	2282968	2282244	2279145 b	2267419 p	2261698	2253093	2242002	2232162	2215701	2209768	2208254	2208150	2213782	2272972	2285544	2289690	2298422	2307700	2320924	2337293	: 	: 	: 	: 	: 
NR,T,TOTAL,RO321	1829897	1827810	1826706	1843962	1853402	1865143	1875389	1886866 b	1937421 p	1944451	1944367	1943981	1940486	1930390	1927448	1930335	1932155	1936724	1996612	2010050	2013911	2021065	2029899	2320924	2337293	: 	: 	: 	: 	: 
NR,T,TOTAL,RO322	485276	473445	460502	444241	430798	417825	406855	392279 b	329998 p	317247	308726	298021	291676	285311	282320	277919	275995	277058	276360	275494	275779	277357	277801	: 	: 	: 	: 	: 	: 	: 
NR,T,TOTAL,RO4	3704334	3734462	3765470	3795694	3827521	3851255	3873300	3895444 b	4146645 p	4165467	4182240	4197476	4212440	4230991	4248997	4268045	4287536	4306372	4437099	4448202	4462522	4478196	4501632	4517354	4531236	: 	: 	: 	: 	: 
NR,T,TOTAL,RO41	1926860	1949940	1972979	1993482	2015766	2033360	2048702	2067357 b	2232814 p	2246033	2257752	2270776	2285733	2301833	2313903	2325020	2336018	2348337	2399333	2403632	2410944	2418790	2425831	2435166	2441803	: 	: 	: 	: 	: 
NR,T,TOTAL,RO411	625656	630911	635631	641040	646455	650548	654456	659016 b	700431 p	704436	707629	710669	713873	716713	720857	722823	727758	732520	743740	745328	747491	749019	751719	753925	759015	: 	: 	: 	: 	: 
NR,T,TOTAL,RO412	315494	319919	323626	327537	331416	334819	336995	340030 b	376090 p	376916	378310	380061	382242	384654	385450	386753	387226	387661	395102	394570	395626	397668	396696	397524	397728	: 	: 	: 	: 	: 
NR,T,TOTAL,RO413	241262	245120	249327	252600	256140	259011	261670	264338 b	290137 p	292231	294364	296609	299989	303069	305426	307384	308340	310449	321612	322937	324158	325857	326852	328436	329165	: 	: 	: 	: 	: 
NR,T,TOTAL,RO414	394389	400802	407719	412491	418464	423352	428160	433839 b	460334 p	465019	468931	473128	477292	482350	485936	490067	493577	496683	507593	509262	511601	513266	515834	519093	519600	: 	: 	: 	: 	: 
NR,T,TOTAL,RO415	350059	353188	356676	359814	363291	365630	367421	370134 b	405822 p	407431	408518	410309	412337	415047	416234	417993	419117	421024	431286	431535	432068	432980	434730	436188	436295	: 	: 	: 	: 	: 
NR,T,TOTAL,RO42	1777474	1784522	1792491	1802212	1811755	1817895	1824598	1828087 b	1913831 p	1919434	1924488	1926700	1926707	1929158	1935094	1943025	1951518	1958035	2037766	2044570	2051578	2059406	2075801	2082188	2089433	: 	: 	: 	: 	: 
NR,T,TOTAL,RO421	417422	419360	421945	424075	426459	427974	429625	430683 b	455126 p	455477	457306	457318	457958	458920	460457	461578	462248	463432	476188	476373	477588	478108	477238	479485	480906	: 	: 	: 	: 	: 
NR,T,TOTAL,RO422	271292	275063	279109	282467	286143	288925	291874	294575 b	320391 p	322060	324236	326067	328681	331388	332889	333759	334955	336499	351771	353728	357034	360627	361479	364181	367513	: 	: 	: 	: 	: 
NR,T,TOTAL,RO423	383647	388600	393176	398950	403554	407892	412336	417008 b	459967 p	463102	466586	470103	474112	479551	482415	488176	492106	496115	520588	524704	529655	536165	544396	544492	546620	: 	: 	: 	: 	: 
NR,T,TOTAL,RO424	705113	701499	698261	696720	695599	693104	690763	685821 b	678347 p	678795	676360	673212	665956	659299	659333	659512	662209	661989	689219	689765	687301	684506	692688	694030	694394	: 	: 	: 	: 	: 
NR,T,TOTAL,RS	6963764	7001444	7040272	7076372	7114393	7146759	7181505	7216649	7251549 b	7306677	7334937	7365507	7397651	7425487	7456050	7470263	7490918	7502126	7504739	7527952	7552850	: 	: 	: 	: 	: 	: 	: 	: 	: 
NR,T,TOTAL,RS1	3548830	3555281	3562012	: 	: 	: 	: 	: 	: 	: 	: 	: 	: 	: 	: 	: 	: 	: 	: 	: 	: 	: 	: 	: 	: 	: 	: 	: 	: 	: 
NR,T,TOTAL,RS11	1691919	1688466	1685797	: 	: 	: 	: 	: 	: 	: 	: 	: 	: 	: 	: 	: 	: 	: 	: 	: 	: 	: 	: 	: 	: 	: 	: 	: 	: 	: 
NR,T,TOTAL,RS110	1691919	1688466	1685797	: 	: 	: 	: 	: 	: 	: 	: 	: 	: 	: 	: 	: 	: 	: 	: 	: 	: 	: 	: 	: 	: 	: 	: 	: 	: 	: 
NR,T,TOTAL,RS12	1856911	1866815	1876215	: 	: 	: 	: 	: 	: 	: 	: 	: 	: 	: 	: 	: 	: 	: 	: 	: 	: 	: 	: 	: 	: 	: 	: 	: 	: 	: 
NR,T,TOTAL,RS121	172110	174316	176379	: 	: 	: 	: 	: 	: 	: 	: 	: 	: 	: 	: 	: 	: 	: 	: 	: 	: 	: 	: 	: 	: 	: 	: 	: 	: 	: 
NR,T,TOTAL,RS122	278356	280206	282199	: 	: 	: 	: 	: 	: 	: 	: 	: 	: 	: 	: 	: 	: 	: 	: 	: 	: 	: 	: 	: 	: 	: 	: 	: 	: 	: 
NR,T,TOTAL,RS123	618578	618200	617702	: 	: 	: 	: 	: 	: 	: 	: 	: 	: 	: 	: 	: 	: 	: 	: 	: 	: 	: 	: 	: 	: 	: 	: 	: 	: 	: 
NR,T,TOTAL,RS124	136183	137653	139088	: 	: 	: 	: 	: 	: 	: 	: 	: 	: 	: 	: 	: 	: 	: 	: 	: 	: 	: 	: 	: 	: 	: 	: 	: 	: 	: 
NR,T,TOTAL,RS125	178853	179907	180790	: 	: 	: 	: 	: 	: 	: 	: 	: 	: 	: 	: 	: 	: 	: 	: 	: 	: 	: 	: 	: 	: 	: 	: 	: 	: 	: 
NR,T,TOTAL,RS126	174732	176515	178099	: 	: 	: 	: 	: 	: 	: 	: 	: 	: 	: 	: 	: 	: 	: 	: 	: 	: 	: 	: 	: 	: 	: 	: 	: 	: 	: 
NR,T,TOTAL,RS127	298099	300018	301958	: 	: 	: 	: 	: 	: 	: 	: 	: 	: 	: 	: 	: 	: 	: 	: 	: 	: 	: 	: 	: 	: 	: 	: 	: 	: 	: 
NR,T,TOTAL,RS2	3414934	3446163	3478260	: 	: 	: 	: 	: 	: 	: 	: 	: 	: 	: 	: 	: 	: 	: 	: 	: 	: 	: 	: 	: 	: 	: 	: 	: 	: 	: 
NR,T,TOTAL,RS21	1916855	1932780	1949486	: 	: 	: 	: 	: 	: 	: 	: 	: 	: 	: 	: 	: 	: 	: 	: 	: 	: 	: 	: 	: 	: 	: 	: 	: 	: 	: 
NR,T,TOTAL,RS211	267026	269760	272400	: 	: 	: 	: 	: 	: 	: 	: 	: 	: 	: 	: 	: 	: 	: 	: 	: 	: 	: 	: 	: 	: 	: 	: 	: 	: 	: 
NR,T,TOTAL,RS212	162887	164428	166120	: 	: 	: 	: 	: 	: 	: 	: 	: 	: 	: 	: 	: 	: 	: 	: 	: 	: 	: 	: 	: 	: 	: 	: 	: 	: 	: 
NR,T,TOTAL,RS213	278943	281640	284375	: 	: 	: 	: 	: 	: 	: 	: 	: 	: 	: 	: 	: 	: 	: 	: 	: 	: 	: 	: 	: 	: 	: 	: 	: 	: 	: 
NR,T,TOTAL,RS214	199330	201081	202973	: 	: 	: 	: 	: 	: 	: 	: 	: 	: 	: 	: 	: 	: 	: 	: 	: 	: 	: 	: 	: 	: 	: 	: 	: 	: 	: 
NR,T,TOTAL,RS215	198646	200749	203302	: 	: 	: 	: 	: 	: 	: 	: 	: 	: 	: 	: 	: 	: 	: 	: 	: 	: 	: 	: 	: 	: 	: 	: 	: 	: 	: 
NR,T,TOTAL,RS216	222907	225475	228139	: 	: 	: 	: 	: 	: 	: 	: 	: 	: 	: 	: 	: 	: 	: 	: 	: 	: 	: 	: 	: 	: 	: 	: 	: 	: 	: 
NR,T,TOTAL,RS217	304807	305487	306422	: 	: 	: 	: 	: 	: 	: 	: 	: 	: 	: 	: 	: 	: 	: 	: 	: 	: 	: 	: 	: 	: 	: 	: 	: 	: 	: 
NR,T,TOTAL,RS218	282309	284160	285755	: 	: 	: 	: 	: 	: 	: 	: 	: 	: 	: 	: 	: 	: 	: 	: 	: 	: 	: 	: 	: 	: 	: 	: 	: 	: 	: 
NR,T,TOTAL,RS22	1498079	1513383	1528774	: 	: 	: 	: 	: 	: 	: 	: 	: 	: 	: 	: 	: 	: 	: 	: 	: 	: 	: 	: 	: 	: 	: 	: 	: 	: 	: 
NR,T,TOTAL,RS221	112085	113914	115716	: 	: 	: 	: 	: 	: 	: 	: 	: 	: 	: 	: 	: 	: 	: 	: 	: 	: 	: 	: 	: 	: 	: 	: 	: 	: 	: 
NR,T,TOTAL,RS222	166777	169063	171353	: 	: 	: 	: 	: 	: 	: 	: 	: 	: 	: 	: 	: 	: 	: 	: 	: 	: 	: 	: 	: 	: 	: 	: 	: 	: 	: 
NR,T,TOTAL,RS223	106917	108753	110516	: 	: 	: 	: 	: 	: 	: 	: 	: 	: 	: 	: 	: 	: 	: 	: 	: 	: 	: 	: 	: 	: 	: 	: 	: 	: 	: 
NR,T,TOTAL,RS224	199946	202105	204400	: 	: 	: 	: 	: 	: 	: 	: 	: 	: 	: 	: 	: 	: 	: 	: 	: 	: 	: 	: 	: 	: 	: 	: 	: 	: 	: 
NR,T,TOTAL,RS225	361446	363217	365097	: 	: 	: 	: 	: 	: 	: 	: 	: 	: 	: 	: 	: 	: 	: 	: 	: 	: 	: 	: 	: 	: 	: 	: 	: 	: 	: 
NR,T,TOTAL,RS226	84244	85410	86517	: 	: 	: 	: 	: 	: 	: 	: 	: 	: 	: 	: 	: 	: 	: 	: 	: 	: 	: 	: 	: 	: 	: 	: 	: 	: 	: 
NR,T,TOTAL,RS227	185950	188057	190124	: 	: 	: 	: 	: 	: 	: 	: 	: 	: 	: 	: 	: 	: 	: 	: 	: 	: 	: 	: 	: 	: 	: 	: 	: 	: 	: 
NR,T,TOTAL,RS228	196971	198102	199239	: 	: 	: 	: 	: 	: 	: 	: 	: 	: 	: 	: 	: 	: 	: 	: 	: 	: 	: 	: 	: 	: 	: 	: 	: 	: 	: 
NR,T,TOTAL,RS229	83743	84762	85812	: 	: 	: 	: 	: 	: 	: 	: 	: 	: 	: 	: 	: 	: 	: 	: 	: 	: 	: 	: 	: 	: 	: 	: 	: 	: 	: 
NR,T,TOTAL,SE	10230185	10120242	9995153	9851017	9747355	9644864	9555893	9482855	9415570	9340682	9256347	9182927	9113257	9047752	9011392	8975670	8940788	8909128	8882792	8861426	8854322	8847625	8844499	8837496	8816381	8745109	8692013	8644120	8590630	8527039
NR,T,TOTAL,SE1	4052937	3995953	3933205	3870264	3819610	3768389	3716827	3669570	3623591	3577474	3526850	3484045	3442613	3408022	3387449	3370713	3353890	3336186	3315288	3293725	: 	: 	: 	: 	: 	: 	: 	: 	: 	: 
NR,T,TOTAL,SE11	2344124	2308143	2269060	2231439	2198044	2163042	2127006	2091473	2054343	2019182	1981263	1949516	1918104	1889945	1872900	1860872	1850467	1838882	1823210	1803377	: 	: 	: 	: 	: 	: 	: 	: 	: 	: 
NR,T,TOTAL,SE110	2344124	2308143	2269060	2231439	2198044	2163042	2127006	2091473	2054343	2019182	1981263	1949516	1918104	1889945	1872900	1860872	1850467	1838882	1823210	1803377	: 	: 	: 	: 	: 	: 	: 	: 	: 	: 
NR,T,TOTAL,SE12	1708813	1687810	1664145	1638825	1621566	1605347	1589821	1578097	1569248	1558292	1545587	1534529	1524509	1518077	1514549	1509841	1503423	1497304	1492078	1490348	: 	: 	: 	: 	: 	: 	: 	: 	: 	: 
NR,T,TOTAL,SE121	376354	368971	361373	354164	348942	345481	341977	338630	335882	331898	327188	323270	319925	304367	302564	300495	298655	296627	294196	292415	: 	: 	: 	: 	: 	: 	: 	: 	: 	: 
NR,T,TOTAL,SE122	294695	291341	288097	283712	280666	277569	274723	272563	270738	269053	267524	265190	263099	261895	261070	260380	259006	257220	256033	255890	: 	: 	: 	: 	: 	: 	: 	: 	: 	: 
NR,T,TOTAL,SE123	461583	457496	452105	445661	442105	437848	433784	431075	429642	427106	423169	420809	417966	416303	415990	414897	413438	412363	411345	411320	: 	: 	: 	: 	: 	: 	: 	: 	: 	: 
NR,T,TOTAL,SE124	302252	298907	294941	291012	288150	285395	283113	281572	280230	278882	277732	276067	275030	274121	273920	273935	273412	273137	273615	273822	: 	: 	: 	: 	: 	: 	: 	: 	: 	: 
NR,T,TOTAL,SE125	273929	271095	267629	264276	261703	259054	256224	254257	252756	251353	249974	249193	248489	261391	261005	260134	258912	257957	256889	256901	: 	: 	: 	: 	: 	: 	: 	: 	: 	: 
NR,T,TOTAL,SE2	4425644	4376554	4322801	4257622	4211985	4168176	4135758	4111188	4087948	4060002	4026590	3995301	3965326	3934537	3916676	3897428	3878703	3860613	3846633	3835001	: 	: 	: 	: 	: 	: 	: 	: 	: 	: 
NR,T,TOTAL,SE21	864630	856887	847667	834276	826243	819426	815792	812948	811611	810066	807871	805353	802247	800054	799739	798528	796957	796515	797172	798344	: 	: 	: 	: 	: 	: 	: 	: 	: 	: 
NR,T,TOTAL,SE211	360825	357237	352735	347837	344262	341235	339116	337896	336866	336044	335246	333610	331539	330179	329297	328659	327971	327824	327829	327266	: 	: 	: 	: 	: 	: 	: 	: 	: 	: 
NR,T,TOTAL,SE212	199886	197519	194628	191369	189128	187156	185887	184654	183940	183162	182224	180787	179635	178443	178285	177448	176978	176582	176639	177149	: 	: 	: 	: 	: 	: 	: 	: 	: 	: 
NR,T,TOTAL,SE213	244670	243536	242301	237679	235598	233874	233548	233090	233536	233639	233397	233834	233776	233944	234496	234886	234627	234697	235391	236501	: 	: 	: 	: 	: 	: 	: 	: 	: 	: 
NR,T,TOTAL,SE214	59249	58595	58003	57391	57255	57161	57241	57308	57269	57221	57004	57122	57297	57488	57661	57535	57381	57412	57313	57428	: 	: 	: 	: 	: 	: 	: 	: 	: 	: 
NR,T,TOTAL,SE22	1521848	1504060	1483018	1459880	1443065	1426826	1415403	1405912	1396556	1383653	1367017	1351257	1335936	1320160	1311254	1302586	1294965	1286588	1279816	1274411	: 	: 	: 	: 	: 	: 	: 	: 	: 	: 
NR,T,TOTAL,SE221	159684	159371	158453	156253	154157	152757	152315	152979	153227	152591	152259	151900	151436	150696	150335	149889	149875	150017	150392	150625	: 	: 	: 	: 	: 	: 	: 	: 	: 	: 
NR,T,TOTAL,SE224	1362164	1344689	1324565	1303627	1288908	1274069	1263088	1252933	1243329	1231062	1214758	1199357	1184500	1169464	1160919	1152697	1145090	1136571	1129424	1123786	: 	: 	: 	: 	: 	: 	: 	: 	: 	: 
NR,T,TOTAL,SE23	2039166	2015607	1992116	1963466	1942677	1921924	1904563	1892328	1879781	1866283	1851702	1838691	1827143	1814323	1805683	1796314	1786781	1777510	1769645	1762246	: 	: 	: 	: 	: 	: 	: 	: 	: 	: 
NR,T,TOTAL,SE231	329352	324825	320333	314784	310665	306840	304116	301724	299484	296825	293572	291393	288859	285868	283788	281322	278551	276653	275004	273537	: 	: 	: 	: 	: 	: 	: 	: 	: 	: 
NR,T,TOTAL,SE232	1709814	1690782	1671783	1648682	1632012	1615084	1600447	1590604	1580297	1569458	1558130	1547298	1538284	1528455	1521895	1514992	1508230	1500857	1494641	1488709	: 	: 	: 	: 	: 	: 	: 	: 	: 	: 
NR,T,TOTAL,SE3	1751604	1747735	1739147	1723131	1715760	1708299	1703308	1702097	1704031	1703206	1702907	1703581	1705318	1705193	1707267	1707529	1708195	1712329	1720871	1732700	: 	: 	: 	: 	: 	: 	: 	: 	: 	: 
NR,T,TOTAL,SE31	855220	852201	848451	838747	833585	829134	826272	825431	826820	825931	825149	825000	824853	825037	826188	826949	827067	829114	832524	837892	: 	: 	: 	: 	: 	: 	: 	: 	: 	: 
NR,T,TOTAL,SE311	281482	280399	279334	275904	274691	273815	273080	272736	273265	273257	273374	273826	273489	273288	273547	273563	273419	273933	275003	276600	: 	: 	: 	: 	: 	: 	: 	: 	: 	: 
NR,T,TOTAL,SE312	287191	286165	284531	281028	278903	277349	276555	276565	277047	276454	275867	275618	275711	275755	276042	276520	276636	277010	278259	280575	: 	: 	: 	: 	: 	: 	: 	: 	: 	: 
NR,T,TOTAL,SE313	286547	285637	284586	281815	279991	277970	276637	276130	276508	276220	275908	275556	275653	275994	276599	276866	277012	278171	279262	280717	: 	: 	: 	: 	: 	: 	: 	: 	: 	: 
NR,T,TOTAL,SE32	375733	375774	374245	371273	369826	368617	368182	368454	369316	369708	370269	370386	370998	370764	371619	371750	372266	373664	376469	380004	: 	: 	: 	: 	: 	: 	: 	: 	: 	: 
NR,T,TOTAL,SE321	245453	245968	245572	243897	243061	242156	241981	242155	242625	243042	243372	243449	243978	243736	244195	244105	244319	245078	246903	249299	: 	: 	: 	: 	: 	: 	: 	: 	: 	: 
NR,T,TOTAL,SE322	130280	129806	128673	127376	126765	126461	126201	126299	126691	126666	126897	126937	127020	127028	127424	127645	127947	128586	129566	130705	: 	: 	: 	: 	: 	: 	: 	: 	: 	: 
NR,T,TOTAL,SE33	520651	519760	516451	513111	512349	510548	508854	508212	507895	507567	507489	508195	509467	509392	509460	508830	508862	509551	511878	514804	: 	: 	: 	: 	: 	: 	: 	: 	: 	: 
NR,T,TOTAL,SE331	270154	268465	265881	263378	262362	261112	260217	259667	259286	258548	257812	257593	257581	257652	256875	255956	255230	254818	255640	256710	: 	: 	: 	: 	: 	: 	: 	: 	: 	: 
NR,T,TOTAL,SE332	250497	251295	250570	249733	249987	249436	248637	248545	248609	249019	249677	250602	251886	251740	252585	252874	253632	254733	256238	258094	: 	: 	: 	: 	: 	: 	: 	: 	: 	: 
NR,T,TOTAL,SI	2080908	2066880	2065895	2064188	2062874	2061085	2058821	2055496	2050189	2046976	2032362	2010269 b	2010377	2003358	1997590	1996433	1995033	1994026	1990094	1987755	1978334	1984923	1986989	1990266	1989477	1989408	1994084	1998912	1999945	1996377
NR,T,TOTAL,SI0	2080908	2066880	2065895	2064188	2062874	2061085	2058821	2055496	2050189	2046976	2032362	2010269 b	2010377	2003358	1997590	1996433	1995033	1994026	1990094	1987755	: 	: 	: 	: 	: 	: 	: 	: 	: 	: 
NR,T,TOTAL,SI03	1094435	1089717	1091159	1092193	1093545	1094709	1097198	1099196	1098506	1099674	1095836	1089757 b	1095507	1093510	1092416	1093167	1093868	: 	: 	: 	: 	: 	: 	: 	: 	: 	: 	: 	: 	: 
NR,T,TOTAL,SI031	114287	114776	115477	116078	116670	117133	118022	118988	119145	119548	119537	120023 b	122068	122453	122717	123073	123550	: 	: 	: 	: 	: 	: 	: 	: 	: 	: 	: 	: 	: 
NR,T,TOTAL,SI032	324104	322058	322043	322553	323356	323328	323238	323534	323119	323343	322900	322266 b	319706	319235	319114	319426	319804	: 	: 	: 	: 	: 	: 	: 	: 	: 	: 	: 	: 	: 
NR,T,TOTAL,SI033	70588	70550	70761	71040	71303	71546	72100	72364	72494	72812	72481	72427 b	73619	73754	73839	73860	73901	: 	: 	: 	: 	: 	: 	: 	: 	: 	: 	: 	: 	: 
NR,T,TOTAL,SI034	256359	254760	254761	254318	253975	254131	254417	254382	253845	254131	252915	250423 b	252417	251307	250656	250683	250791	: 	: 	: 	: 	: 	: 	: 	: 	: 	: 	: 	: 	: 
NR,T,TOTAL,SI035	56962	57061	57280	57404	57711	58037	58519	58826	59085	59445	59279	59108 b	59835	59874	60041	60182	60331	: 	: 	: 	: 	: 	: 	: 	: 	: 	: 	: 	: 	: 
NR,T,TOTAL,SI036	75559	75359	75544	75711	75619	75680	76011	76035	76048	76086	75830	75237 b	76121	75967	75922	76182	76072	: 	: 	: 	: 	: 	: 	: 	: 	: 	: 	: 	: 	: 
NR,T,TOTAL,SI037	144032	142819	142711	142566	142373	142405	142509	142680	142483	142092	141166	139166 b	140258	139747	139095	138848	138644	: 	: 	: 	: 	: 	: 	: 	: 	: 	: 	: 	: 	: 
NR,T,TOTAL,SI038	52544	52334	52582	52523	52538	52449	52382	52387	52287	52217	51728	51107 b	51483	51173	51032	50913	50775	: 	: 	: 	: 	: 	: 	: 	: 	: 	: 	: 	: 	: 
NR,T,TOTAL,SI04	986473	977163	974736	971995	969329	966376	961623	956300	951683	947302	936526	920512 b	914870	909848	905174	903266	901165	: 	: 	: 	: 	: 	: 	: 	: 	: 	: 	: 	: 	: 
NR,T,TOTAL,SI041	549171	542306	539672	537023	534518	531260	526701	521584	518350	514907	507436	496371 b	489329	485503	482181	480681	479020	: 	: 	: 	: 	: 	: 	: 	: 	: 	: 	: 	: 	: 
NR,T,TOTAL,SI042	204670	203636	203800	203838	203850	203894	203984	204057	203427	202903	201779	199923 b	199902	199085	198342	197834	197648	: 	: 	: 	: 	: 	: 	: 	: 	: 	: 	: 	: 	: 
NR,T,TOTAL,SI043	117616	117260	117747	118064	118188	118374	119002	119236	119146	119080	118533	117914 b	119477	119628	119622	119742	119938	: 	: 	: 	: 	: 	: 	: 	: 	: 	: 	: 	: 	: 
NR,T,TOTAL,SI044	115016	113961	113517	113070	112773	112848	111936	111423	110760	110412	108778	106304 b	106162	105632	105029	105009	104559	: 	: 	: 	: 	: 	: 	: 	: 	: 	: 	: 	: 	: 
NR,T,TOTAL,SK	5450421	5443120	5435343	5426252	5421349	5415949	5410836	5404322	5392446	5390410	5382401	5376064	5373180	5372928	5372685	5371875	5374873	5378951	5378783	5398657	5393382	5387650	5378932	5367790	5356207	5336455	5314155	5295877	5310711	5287663
NR,T,TOTAL,SK0	5450421	5443120	5435343	5426252	5421349	5415949	5410836	5404322	5392446	5390410	5382401	5376064	5373180	5372928	5372685	5371875	5374873	5378951	5378783	5398657	: 	: 	: 	: 	: 	: 	: 	: 	: 	: 
NR,T,TOTAL,SK01	659598	650838	641892	633288	625167	618380	612682	606537	599931	597999	594966	592824	592062	592301	592759	594113	596720	599042	598781	616982	: 	: 	: 	: 	: 	: 	: 	: 	: 	: 
NR,T,TOTAL,SK010	659598	650838	641892	633288	625167	618380	612682	606537	599931	597999	594966	592824	592062	592301	592759	594113	596720	599042	598781	616982	: 	: 	: 	: 	: 	: 	: 	: 	: 	: 
NR,T,TOTAL,SK02	1826145	1828428	1830751	1832159	1834832	1836664	1838136	1839259	1838786	1842763	1845563	1846283	1847853	1851658	1855358	1858211	1862505	1868147	1871019	1876416	: 	: 	: 	: 	: 	: 	: 	: 	: 	: 
NR,T,TOTAL,SK021	563591	562372	561156	559697	558677	557608	556577	555509	554021	553794	553126	551370	550361	550439	550380	550104	549924	550918	: 	: 	: 	: 	: 	: 	: 	: 	: 	: 	: 	: 
NR,T,TOTAL,SK022	585882	587364	588816	589935	591233	592394	593159	594186	594454	595805	596985	597408	597810	598760	600169	601380	603085	604917	: 	: 	: 	: 	: 	: 	: 	: 	: 	: 	: 	: 
NR,T,TOTAL,SK023	676672	678692	680779	682527	684922	686662	688400	689564	690311	693164	695452	697505	699682	702459	704809	706727	709496	712312	: 	: 	: 	: 	: 	: 	: 	: 	: 	: 	: 	: 
NR,T,TOTAL,SK03	1339242	1340811	1342287	1343458	1345808	1347233	1348611	1349729	1349286	1350286	1349903	1350263	1350943	1351651	1352313	1352279	1353025	1353777	1354679	1355514	: 	: 	: 	: 	: 	: 	: 	: 	: 	: 
NR,T,TOTAL,SK031	691368	691023	690778	690434	690449	690420	690121	689601	688295	689098	689096	689521	690178	690700	691101	691452	691999	692434	: 	: 	: 	: 	: 	: 	: 	: 	: 	: 	: 	: 
NR,T,TOTAL,SK032	647874	649788	651509	653024	655359	656813	658490	660128	660991	661188	660807	660742	660765	660951	661212	660827	661026	661343	: 	: 	: 	: 	: 	: 	: 	: 	: 	: 	: 	: 
NR,T,TOTAL,SK04	1625436	1623043	1620413	1617347	1615542	1613672	1611407	1608797	1604443	1599362	1591969	1586694	1582322	1577318	1572255	1567272	1562623	1557985	1554304	1549745	: 	: 	: 	: 	: 	: 	: 	: 	: 	: 
NR,T,TOTAL,SK041	825022	823826	822310	820697	819977	818916	817382	815806	813606	810935	807281	804690	802659	800228	797899	795534	793513	791335	: 	: 	: 	: 	: 	: 	: 	: 	: 	: 	: 	: 
NR,T,TOTAL,SK042	800414	799217	798103	796650	795565	794756	794025	792991	790837	788427	784688	782004	779663	777090	774356	771738	769110	766650	: 	: 	: 	: 	: 	: 	: 	: 	: 	: 	: 	: 
NR,T,TOTAL,TR	82003882	80810525	79814871	78741053	77695904	76667864	75627384	74724269	73722988	72561312	71517100	70586256	69729963 e	68860542 e	68010217 e	67187252 e	66401847 e	65603160 e	64729502 e	66889425	65786563	64641675	63484661	62337617	61203584	60079060	58958565	57835076	56714051	55494711
NR,T,TOTAL,TR1	15067724	15029231	14804116	14657434	14377018	14160467	13854740	13624240	13255685	12915158	12697164	12573836	12350769 e	12127122 e	11908577 e	11696330 e	11492437 e	11287847 e	11072049 e	: 	: 	: 	: 	: 	: 	: 	: 	: 	: 	: 
NR,T,TOTAL,TR10	15067724	15029231	14804116	14657434	14377018	14160467	13854740	13624240	13255685	12915158	12697164	12573836	12350769 e	12127122 e	11908577 e	11696330 e	11492437 e	11287847 e	11072049 e	: 	: 	: 	: 	: 	: 	: 	: 	: 	: 	: 
NR,T,TOTAL,TR100	15067724	15029231	14804116	14657434	14377018	14160467	13854740	13624240	13255685	12915158	12697164	12573836	12350769 e	12127122 e	11908577 e	11696330 e	11492437 e	11287847 e	11072049 e	: 	: 	: 	: 	: 	: 	: 	: 	: 	: 	: 
NR,T,TOTAL,TR2	3569552	3503609	3442229	3387449	3351582	3278705	3247669	3210147	3164048	3129772	3107425	3052555	3019741 e	2986255 e	2953491 e	2921827 e	2891687 e	2860873 e	2826688 e	: 	: 	: 	: 	: 	: 	: 	: 	: 	: 	: 
NR,T,TOTAL,TR21	1802315	1768368	1726260	1687420	1650735	1613616	1593247	1569388	1521328	1511952	1502358	1458114	1434716 e	1411189 e	1388193 e	1365879 e	1344475 e	1322932 e	1300013 e	: 	: 	: 	: 	: 	: 	: 	: 	: 	: 	: 
NR,T,TOTAL,TR211	1029927	1005463	972875	937910	906732	874475	852321	829873	798109	783310	770772	728396	706315 e	684428 e	663058 e	642238 e	622118 e	602174 e	581859 e	: 	: 	: 	: 	: 	: 	: 	: 	: 	: 	: 
NR,T,TOTAL,TR212	411528	406855	401701	402537	400280	398582	399708	399316	390428	395463	394644	396462	396270 e	395890 e	395504 e	395180 e	394958 e	394552 e	393584 e	: 	: 	: 	: 	: 	: 	: 	: 	: 	: 	: 
NR,T,TOTAL,TR213	360860	356050	351684	346973	343723	340559	341218	340199	332791	333179	336942	333256	332131 e	330871 e	329631 e	328461 e	327399 e	326206 e	324570 e	: 	: 	: 	: 	: 	: 	: 	: 	: 	: 	: 
NR,T,TOTAL,TR22	1767237	1735241	1715969	1700029	1700847	1665089	1654422	1640759	1642720	1617820	1605067	1594441	1585025 e	1575066 e	1565298 e	1555948 e	1547212 e	1537941 e	1526675 e	: 	: 	: 	: 	: 	: 	: 	: 	: 	: 	: 
NR,T,TOTAL,TR221	1226575	1204824	1196176	1186688	1189057	1162761	1160731	1154314	1152323	1140085	1130276	1118313	1111645 e	1104597 e	1097685 e	1091067 e	1084882 e	1078323 e	1070366 e	: 	: 	: 	: 	: 	: 	: 	: 	: 	: 	: 
NR,T,TOTAL,TR222	540662	530417	519793	513341	511790	502328	493691	486445	490397	477735	474791	476128	473380 e	470469 e	467613 e	464881 e	462330 e	459618 e	456309 e	: 	: 	: 	: 	: 	: 	: 	: 	: 	: 	: 
NR,T,TOTAL,TR3	10514200	10383963	10265111	10138132	10023549	9897313	9779502	9687692	9693594	9517153	9384848	9299322	9220399 e	9138896 e	9059094 e	8982213 e	8909481 e	8834197 e	8748004 e	: 	: 	: 	: 	: 	: 	: 	: 	: 	: 	: 
NR,T,TOTAL,TR31	4320519	4279677	4223545	4168415	4113072	4061074	4005459	3965232	3948848	3868308	3795978	3739353	3694166 e	3648278 e	3603398 e	3559964 e	3518516 e	3476360 e	3430226 e	: 	: 	: 	: 	: 	: 	: 	: 	: 	: 	: 
NR,T,TOTAL,TR310	4320519	4279677	4223545	4168415	4113072	4061074	4005459	3965232	3948848	3868308	3795978	3739353	3694166 e	3648278 e	3603398 e	3559964 e	3518516 e	3476360 e	3430226 e	: 	: 	: 	: 	: 	: 	: 	: 	: 	: 	: 
NR,T,TOTAL,TR32	3093015	3038325	2997720	2955825	2915188	2851086	2808243	2779765	2739188	2707898	2674760	2620452	2588545 e	2556153 e	2524473 e	2493810 e	2464545 e	2434790 e	2402254 e	: 	: 	: 	: 	: 	: 	: 	: 	: 	: 	: 
NR,T,TOTAL,TR321	1097746	1080839	1068260	1053506	1041979	1020957	1006541	999163	989862	979155	965500	946971	936968 e	926752 e	916756 e	907098 e	897908 e	888504 e	878050 e	: 	: 	: 	: 	: 	: 	: 	: 	: 	: 	: 
NR,T,TOTAL,TR322	1027782	1018735	1005687	993442	978700	963464	950557	942278	931823	926362	917836	907325	900291 e	892989 e	885837 e	878955 e	872464 e	865708 e	857866 e	: 	: 	: 	: 	: 	: 	: 	: 	: 	: 	: 
NR,T,TOTAL,TR323	967487	938751	923773	908877	894509	866665	851145	838324	817503	802381	791424	766156	751286 e	736412 e	721880 e	707757 e	694173 e	680578 e	666338 e	: 	: 	: 	: 	: 	: 	: 	: 	: 	: 	: 
NR,T,TOTAL,TR33	3100666	3065961	3043846	3013892	2995289	2985153	2965800	2942695	3005558	2940947	2914110	2939517	2937688 e	2934465 e	2931223 e	2928439 e	2926420 e	2923047 e	2915524 e	: 	: 	: 	: 	: 	: 	: 	: 	: 	: 	: 
NR,T,TOTAL,TR331	1429643	1413041	1396945	1380366	1367905	1359463	1346162	1340074	1379484	1331957	1316750	1319920	1316438 e	1312398 e	1308413 e	1304687 e	1301367 e	1297503 e	1291856 e	: 	: 	: 	: 	: 	: 	: 	: 	: 	: 	: 
NR,T,TOTAL,TR332	725568	715693	714523	709015	706371	707123	703948	698626	697559	701326	697365	701572	701853 e	701784 e	701693 e	701696 e	701866 e	701695 e	700512 e	: 	: 	: 	: 	: 	: 	: 	: 	: 	: 	: 
NR,T,TOTAL,TR333	577941	572256	573642	571463	571554	572059	573421	564264	590496	571804	565884	583910	586441 e	588622 e	590730 e	592870 e	595094 e	596981 e	597955 e	: 	: 	: 	: 	: 	: 	: 	: 	: 	: 	: 
NR,T,TOTAL,TR334	367514	364971	358736	353048	349459	346508	342269	339731	338019	335860	334111	334115	332956 e	331661 e	330387 e	329186 e	328093 e	326868 e	325201 e	: 	: 	: 	: 	: 	: 	: 	: 	: 	: 	: 
NR,T,TOTAL,TR4	7968135	7824597	7684187	7499352	7332137	7198284	7058367	6952685	6841607	6701343	6579426	6417153	6305612 e	6193719 e	6084373 e	5978195 e	5876226 e	5773846 e	5665678 e	: 	: 	: 	: 	: 	: 	: 	: 	: 	: 	: 
NR,T,TOTAL,TR41	4089156	4019116	3964535	3881624	3809784	3749582	3682037	3637222	3595460	3508133	3442871	3368502	3314198 e	3259603 e	3206243 e	3154461 e	3104788 e	3054797 e	3001639 e	: 	: 	: 	: 	: 	: 	: 	: 	: 	: 	: 
NR,T,TOTAL,TR411	2994521	2936803	2901396	2842547	2787539	2740970	2688171	2652126	2605495	2550645	2507963	2439876	2396639 e	2353287 e	2310924 e	2269784 e	2230263 e	2190604 e	2148770 e	: 	: 	: 	: 	: 	: 	: 	: 	: 	: 	: 
NR,T,TOTAL,TR412	871187	860620	844842	826716	812320	799724	789750	781247	764584	755427	741739	724849	713636 e	702349 e	691317 e	680614 e	670354 e	660015 e	648980 e	: 	: 	: 	: 	: 	: 	: 	: 	: 	: 	: 
NR,T,TOTAL,TR413	223448	221693	218297	212361	209925	208888	204116	203849	225381	202061	193169	203777	203923 e	203967 e	204002 e	204063 e	204171 e	204178 e	203889 e	: 	: 	: 	: 	: 	: 	: 	: 	: 	: 	: 
NR,T,TOTAL,TR42	3878979	3805481	3719652	3617728	3522353	3448702	3376330	3315463	3246147	3193210	3136555	3048651	2991414 e	2934116 e	2878130 e	2823734 e	2771438 e	2719049 e	2664039 e	: 	: 	: 	: 	: 	: 	: 	: 	: 	: 	: 
NR,T,TOTAL,TR421	1906391	1883270	1830772	1780055	1722795	1676202	1634691	1601720	1560138	1522408	1490358	1437926	1403154 e	1368547 e	1334747 e	1301853 e	1270134 e	1238554 e	1205975 e	: 	: 	: 	: 	: 	: 	: 	: 	: 	: 	: 
NR,T,TOTAL,TR422	1010700	990214	976948	953181	932706	917373	902267	888556	872872	861570	851292	835222	823727 e	812112 e	800755 e	789749 e	779220 e	768565 e	757066 e	: 	: 	: 	: 	: 	: 	: 	: 	: 	: 	: 
NR,T,TOTAL,TR423	387844	377610	370371	360388	355549	351509	346493	342146	338188	335156	328611	323328	319393 e	315397 e	311488 e	307706 e	304096 e	300426 e	296412 e	: 	: 	: 	: 	: 	: 	: 	: 	: 	: 	: 
NR,T,TOTAL,TR424	311810	303184	299896	291095	284789	283496	281080	276506	271208	271545	268882	270417	268730 e	266953 e	265210 e	263541 e	261976 e	260325 e	258337 e	: 	: 	: 	: 	: 	: 	: 	: 	: 	: 	: 
NR,T,TOTAL,TR425	262234	251203	241665	233009	226514	220122	211799	206535	203741	202531	197412	181758	176410 e	171107 e	165930 e	160885 e	156012 e	151179 e	146249 e	: 	: 	: 	: 	: 	: 	: 	: 	: 	: 	: 
NR,T,TOTAL,TR5	7961507	7871847	7753431	7643315	7499242	7362247	7253247	7163453	7018194	6875349	6748952	6651887	6547928 e	6443312 e	6341056 e	6241849 e	6146729 e	6050909 e	5948731 e	: 	: 	: 	: 	: 	: 	: 	: 	: 	: 	: 
NR,T,TOTAL,TR51	5503985	5445026	5346518	5270575	5150072	5045083	4965542	4890893	4771716	4650802	4548939	4466756	4379453 e	4292146 e	4206845 e	4123944 e	4044201 e	3964402 e	3880865 e	: 	: 	: 	: 	: 	: 	: 	: 	: 	: 	: 
NR,T,TOTAL,TR510	5503985	5445026	5346518	5270575	5150072	5045083	4965542	4890893	4771716	4650802	4548939	4466756	4379453 e	4292146 e	4206845 e	4123944 e	4044201 e	3964402 e	3880865 e	: 	: 	: 	: 	: 	: 	: 	: 	: 	: 	: 
NR,T,TOTAL,TR52	2457522	2426821	2406913	2372740	2349170	2317164	2287705	2272560	2246478	2224547	2200013	2185131	2168475 e	2151166 e	2134211 e	2117905 e	2102528 e	2086507 e	2067866 e	: 	: 	: 	: 	: 	: 	: 	: 	: 	: 	: 
NR,T,TOTAL,TR521	2205609	2180149	2161303	2130544	2108808	2079225	2052281	2038555	2013845	1992675	1969868	1959082	1943921 e	1928181 e	1912763 e	1897932 e	1883940 e	1869375 e	1852468 e	: 	: 	: 	: 	: 	: 	: 	: 	: 	: 	: 
NR,T,TOTAL,TR522	251913	246672	245610	242196	240362	237939	235424	234005	232633	231872	230145	226049	224554 e	222985 e	221448 e	219973 e	218588 e	217132 e	215398 e	: 	: 	: 	: 	: 	: 	: 	: 	: 	: 	: 
NR,T,TOTAL,TR6	10461409	10303984	10182776	10039939	9906771	9766093	9611007	9495788	9423231	9252902	9050691	8906427	8785764 e	8663757 e	8544469 e	8428885 e	8318335 e	8206409 e	8085410 e	: 	: 	: 	: 	: 	: 	: 	: 	: 	: 	: 
NR,T,TOTAL,TR61	3137694	3063005	3017280	2968561	2898240	2833306	2763541	2705254	2685499	2592075	2514175	2460321	2406987 e	2353780 e	2301808 e	2251262 e	2202577 e	2153988 e	2103499 e	: 	: 	: 	: 	: 	: 	: 	: 	: 	: 	: 
NR,T,TOTAL,TR611	2426356	2364396	2328555	2288456	2222562	2158265	2092537	2043482	1978333	1919729	1859275	1789295	1735269 e	1681717 e	1629429 e	1578486 e	1529257 e	1480457 e	1430740 e	: 	: 	: 	: 	: 	: 	: 	: 	: 	: 	: 
NR,T,TOTAL,TR612	441412	433830	427324	421766	418780	417774	416663	411245	448298	420796	407463	419845	420862 e	421646 e	422399 e	423191 e	424061 e	424708 e	424723 e	: 	: 	: 	: 	: 	: 	: 	: 	: 	: 	: 
NR,T,TOTAL,TR613	269926	264779	261401	258339	256898	257267	254341	250527	258868	251550	247437	251181	250856 e	250417 e	249980 e	249585 e	249259 e	248823 e	248036 e	: 	: 	: 	: 	: 	: 	: 	: 	: 	: 	: 
NR,T,TOTAL,TR62	4034593	4010406	3975522	3928388	3892850	3855034	3808483	3776744	3733124	3703114	3629227	3602588	3568192 e	3533026 e	3498606 e	3465392 e	3433872 e	3401450 e	3364917 e	: 	: 	: 	: 	: 	: 	: 	: 	: 	: 	: 
NR,T,TOTAL,TR621	2220125	2216475	2201670	2183167	2165595	2149260	2125635	2108805	2085225	2062226	2026319	2006650	1986629 e	1966258 e	1946322 e	1927074 e	1908789 e	1890020 e	1868986 e	: 	: 	: 	: 	: 	: 	: 	: 	: 	: 	: 
NR,T,TOTAL,TR622	1814468	1793931	1773852	1745221	1727255	1705774	1682848	1667939	1647899	1640888	1602908	1595938	1581563 e	1566768 e	1552284 e	1538318 e	1525083 e	1511430 e	1495931 e	: 	: 	: 	: 	: 	: 	: 	: 	: 	: 	: 
NR,T,TOTAL,TR63	3289122	3230573	3189974	3142990	3115681	3077753	3038983	3013790	3004608	2957713	2907289	2843518	2810585 e	2776951 e	2744055 e	2712231 e	2681886 e	2650971 e	2616994 e	: 	: 	: 	: 	: 	: 	: 	: 	: 	: 	: 
NR,T,TOTAL,TR631	1609856	1575226	1555165	1533507	1519836	1503066	1483674	1474223	1480571	1448418	1413287	1386224	1369694 e	1352897 e	1336470 e	1320574 e	1305409 e	1289976 e	1273062 e	: 	: 	: 	: 	: 	: 	: 	: 	: 	: 	: 
NR,T,TOTAL,TR632	1144851	1127623	1112634	1096610	1089038	1075706	1063174	1054210	1044816	1037491	1029298	1004414	993828 e	983667 e	973723 e	964122 e	955002 e	945639 e	935142 e	: 	: 	: 	: 	: 	: 	: 	: 	: 	: 	: 
NR,T,TOTAL,TR633	534415	527724	522175	512873	506807	498981	492135	485357	479221	471804	464704	452880	447063 e	440387 e	433862 e	427535 e	421475 e	415356 e	408790 e	: 	: 	: 	: 	: 	: 	: 	: 	: 	: 	: 
NR,T,TOTAL,TR7	4064957	3977447	3948240	3894341	3886251	3873470	3853025	3843731	3849267	3831373	3792508	3776927	3766104 e	3754261 e	3742583 e	3731648 e	3721887 e	3710573 e	3694165 e	: 	: 	: 	: 	: 	: 	: 	: 	: 	: 	: 
NR,T,TOTAL,TR71	1603688	1560774	1546995	1515228	1508199	1510080	1501311	1495630	1496296	1504789	1492804	1481248	1479070 e	1476222 e	1473394 e	1470820 e	1468664 e	1465855 e	1460992 e	: 	: 	: 	: 	: 	: 	: 	: 	: 	: 	: 
NR,T,TOTAL,TR711	286602	278749	277984	270271	271092	274658	274727	274992	276647	280834	279325	280234	281535 e	282668 e	283762 e	284870 e	286017 e	286999 e	287541 e	: 	: 	: 	: 	: 	: 	: 	: 	: 	: 	: 
NR,T,TOTAL,TR712	412172	402404	396673	386514	384252	382806	379915	378823	377505	376907	370598	366109	363941 e	361648 e	359399 e	357247 e	355235 e	353101 e	350509 e	: 	: 	: 	: 	: 	: 	: 	: 	: 	: 	: 
NR,T,TOTAL,TR713	364707	352727	351468	346114	343898	343658	340270	337553	337931	339921	338447	331677	330434 e	329060 e	327708 e	326429 e	325261 e	323964 e	322231 e	: 	: 	: 	: 	: 	: 	: 	: 	: 	: 	: 
NR,T,TOTAL,TR714	298339	292365	290895	286767	286250	285460	285190	283247	282337	284025	281699	280058	279400 e	278620 e	277852 e	277135 e	276504 e	275755 e	274625 e	: 	: 	: 	: 	: 	: 	: 	: 	: 	: 	: 
NR,T,TOTAL,TR715	241868	234529	229975	225562	222707	223498	221209	221015	221876	223102	222735	223170	223760 e	224226 e	224673 e	225139 e	225647 e	226036 e	226086 e	: 	: 	: 	: 	: 	: 	: 	: 	: 	: 	: 
NR,T,TOTAL,TR72	2461269	2416673	2401245	2379113	2378052	2363390	2351714	2348101	2352971	2326584	2299704	2295679	2287034 e	2278039 e	2269189 e	2260828 e	2253223 e	2244718 e	2233173 e	: 	: 	: 	: 	: 	: 	: 	: 	: 	: 	: 
NR,T,TOTAL,TR721	1389680	1376722	1358980	1341056	1322376	1295355	1274968	1255349	1234651	1205872	1184386	1165088	1146041 e	1126900 e	1108193 e	1090036 e	1072615 e	1055092 e	1036480 e	: 	: 	: 	: 	: 	: 	: 	: 	: 	: 	: 
NR,T,TOTAL,TR722	646608	621301	621224	618617	623116	623824	623535	627056	642224	633347	631112	638464	641194 e	644099 e	646911 e	649747 e	652662 e	655195 e	656715 e	: 	: 	: 	: 	: 	: 	: 	: 	: 	: 	: 
NR,T,TOTAL,TR723	424981	418650	421041	419440	432560	444211	453211	465696	476096	487365	484206	492127	499799 e	507040 e	514085 e	521045 e	527946 e	534431 e	539978 e	: 	: 	: 	: 	: 	: 	: 	: 	: 	: 	: 
NR,T,TOTAL,TR8	4688532	4574182	4551366	4502525	4493559	4499102	4483603	4477107	4518786	4512288	4478029	4477457	4481616 e	4482904 e	4484008 e	4485677 e	4488366 e	4488842 e	4482800 e	: 	: 	: 	: 	: 	: 	: 	: 	: 	: 	: 
NR,T,TOTAL,TR81	1046711	1034922	1032260	1023593	1019534	1020957	1020108	1019425	1035071	1026825	1020767	1016484	1016857 e	1016725 e	1016562 e	1016534 e	1016751 e	1016474 e	1014730 e	: 	: 	: 	: 	: 	: 	: 	: 	: 	: 	: 
NR,T,TOTAL,TR811	599698	596892	597524	595907	598796	601567	606527	612406	619703	619812	619151	615890	618245 e	620241 e	622167 e	624132 e	626195 e	627908 e	628668 e	: 	: 	: 	: 	: 	: 	: 	: 	: 	: 	: 
NR,T,TOTAL,TR812	248014	244453	242347	236978	231333	230251	225145	219728	227610	218564	216248	218463	217456 e	216367 e	215298 e	214280 e	213340 e	212320 e	211018 e	: 	: 	: 	: 	: 	: 	: 	: 	: 	: 	: 
NR,T,TOTAL,TR813	198999	193577	192389	190708	189405	189139	188436	187291	187758	188449	185368	182131	181156 e	180117 e	179097 e	178122 e	177216 e	176246 e	175044 e	: 	: 	: 	: 	: 	: 	: 	: 	: 	: 	: 
NR,T,TOTAL,TR82	819468	765874	766303	757711	756983	763570	745525	739997	743029	745976	737308	732790	731271 e	729370 e	727489 e	725748 e	724221 e	722385 e	719549 e	: 	: 	: 	: 	: 	: 	: 	: 	: 	: 	: 
NR,T,TOTAL,TR821	383373	372373	376945	372633	368907	368093	359808	359759	361222	359823	360424	360366	360837 e	361121 e	361386 e	361693 e	362077 e	362279 e	361951 e	: 	: 	: 	: 	: 	: 	: 	: 	: 	: 	: 
NR,T,TOTAL,TR822	216362	186074	183880	180945	183550	190909	184406	177211	179067	185019	176093	174012	172276 e	170498 e	168757 e	167078 e	165481 e	163843 e	162009 e	: 	: 	: 	: 	: 	: 	: 	: 	: 	: 	: 
NR,T,TOTAL,TR823	219733	207427	205478	204133	204526	204568	201311	203027	202740	201134	200791	198412	198158 e	197751 e	197346 e	196977 e	196663 e	196263 e	195589 e	: 	: 	: 	: 	: 	: 	: 	: 	: 	: 	: 
NR,T,TOTAL,TR83	2822353	2773386	2752803	2721221	2717042	2714575	2717970	2717685	2740686	2739487	2719954	2728183	2733488 e	2736809 e	2739957 e	2743395 e	2747394 e	2749983 e	2748521 e	: 	: 	: 	: 	: 	: 	: 	: 	: 	: 	: 
NR,T,TOTAL,TR831	1335716	1312990	1295927	1279884	1269989	1261810	1251722	1251729	1252693	1250076	1233677	1228959	1225576 e	1222045 e	1218562 e	1215313 e	1212438 e	1209050 e	1203995 e	: 	: 	: 	: 	: 	: 	: 	: 	: 	: 	: 
NR,T,TOTAL,TR832	612646	602086	602662	593990	597920	598708	613990	608299	617802	624439	617158	620722	623304 e	624938 e	626509 e	628129 e	629855 e	631239 e	631674 e	: 	: 	: 	: 	: 	: 	: 	: 	: 	: 	: 
NR,T,TOTAL,TR833	536483	528422	527863	525180	527220	532080	529975	534578	535405	540704	545444	549828	554048 e	557894 e	561627 e	565352 e	569114 e	572514 e	574999 e	: 	: 	: 	: 	: 	: 	: 	: 	: 	: 	: 
NR,T,TOTAL,TR834	337508	329888	326351	322167	321913	321977	322283	323079	334786	324268	323675	328674	330560 e	331932 e	333259 e	334601 e	335987 e	337180 e	337853 e	: 	: 	: 	: 	: 	: 	: 	: 	: 	: 	: 
NR,T,TOTAL,TR9	2719113	2633417	2645584	2572850	2566840	2553647	2545274	2513021	2516167	2526619	2507387	2488652	2480771 e	2471872 e	2463105 e	2454855 e	2447403 e	2438955 e	2427183 e	: 	: 	: 	: 	: 	: 	: 	: 	: 	: 	: 
NR,T,TOTAL,TR90	2719113	2633417	2645584	2572850	2566840	2553647	2545274	2513021	2516167	2526619	2507387	2488652	2480771 e	2471872 e	2463105 e	2454855 e	2447403 e	2438955 e	2427183 e	: 	: 	: 	: 	: 	: 	: 	: 	: 	: 	: 
NR,T,TOTAL,TR901	807903	786326	779379	768417	766782	758237	757898	757353	763714	765127	748982	740569	738135 e	735401 e	732708 e	730172 e	727873 e	725281 e	721704 e	: 	: 	: 	: 	: 	: 	: 	: 	: 	: 	: 
NR,T,TOTAL,TR902	771932	742341	750588	728949	724268	731452	741371	714390	719183	723507	719278	715409	711359 e	707062 e	702845 e	698813 e	695053 e	691047 e	686141 e	: 	: 	: 	: 	: 	: 	: 	: 	: 	: 	: 
NR,T,TOTAL,TR903	453912	437393	444467	426686	429984	425007	419555	419498	419256	421860	421766	417505	417555 e	417400 e	417234 e	417127 e	417122 e	416917 e	416112 e	: 	: 	: 	: 	: 	: 	: 	: 	: 	: 	: 
NR,T,TOTAL,TR904	348608	331041	331048	328979	329779	328205	324152	323012	319637	319569	319410	316252	315121 e	313863 e	312626 e	311456 e	310392 e	309204 e	307597 e	: 	: 	: 	: 	: 	: 	: 	: 	: 	: 	: 
NR,T,TOTAL,TR905	174010	166143	168068	168370	169674	169334	167082	166394	164759	165580	166584	168092	168451 e	168717 e	168972 e	169244 e	169548 e	169765 e	169729 e	: 	: 	: 	: 	: 	: 	: 	: 	: 	: 	: 
NR,T,TOTAL,TR906	162748	170173	172034	151449	146353	141412	135216	132374	129618	130976	131367	130825	130150 e	129429 e	128720 e	128043 e	127415 e	126741 e	125900 e	: 	: 	: 	: 	: 	: 	: 	: 	: 	: 	: 
NR,T,TOTAL,TRA	2211054	2188214	2201368	2195359	2206326	2207602	2226155	2230394	2202106	2198061	2201862	2212759	2212558 e	2211280 e	2209959 e	2208957 e	2208507 e	2207008 e	2202350 e	: 	: 	: 	: 	: 	: 	: 	: 	: 	: 	: 
NR,T,TOTAL,TRA1	1086156	1072404	1078207	1063789	1067560	1062345	1071878	1072848	1068446	1062205	1061287	1075088	1076780 e	1077906 e	1078965 e	1080145 e	1081552 e	1082404 e	1081667 e	: 	: 	: 	: 	: 	: 	: 	: 	: 	: 	: 
NR,T,TOTAL,TRA11	767848	760476	762021	762321	763320	766729	778195	780847	769085	774207	774967	784941	786987 e	788600 e	790145 e	791761 e	793523 e	794862 e	795016 e	: 	: 	: 	: 	: 	: 	: 	: 	: 	: 	: 
NR,T,TOTAL,TRA12	236034	231511	226032	222918	223633	219996	217886	215277	224949	213288	210645	213538	212956 e	212284 e	211621 e	211001 e	210447 e	209805 e	208875 e	: 	: 	: 	: 	: 	: 	: 	: 	: 	: 	: 
NR,T,TOTAL,TRA13	82274	80417	90154	78550	80607	75620	75797	76724	74412	74710	75675	76609	76837 e	77022 e	77199 e	77383 e	77582 e	77737 e	77776 e	: 	: 	: 	: 	: 	: 	: 	: 	: 	: 	: 
NR,T,TOTAL,TRA2	1124898	1115810	1123161	1131570	1138766	1145257	1154277	1157546	1133660	1135856	1140575	1137671	1135778 e	1133374 e	1130994 e	1128812 e	1126955 e	1124604 e	1120683 e	: 	: 	: 	: 	: 	: 	: 	: 	: 	: 	: 
NR,T,TOTAL,TRA21	539657	536285	542255	547210	549435	551177	552404	555479	542022	537665	532180	530879	527458 e	523862 e	520338 e	516958 e	513790 e	510451 e	506456 e	: 	: 	: 	: 	: 	: 	: 	: 	: 	: 	: 
NR,T,TOTAL,TRA22	288878	287654	289786	292660	296466	300874	304821	305755	301766	306536	312128	312205	313885 e	315370 e	316809 e	318257 e	319743 e	321041 e	321841 e	: 	: 	: 	: 	: 	: 	: 	: 	: 	: 	: 
NR,T,TOTAL,TRA23	197456	194775	192785	192435	192056	190424	190409	188857	184418	183486	184025	181866	180479 e	179037 e	177625 e	176267 e	174986 e	173652 e	172100 e	: 	: 	: 	: 	: 	: 	: 	: 	: 	: 	: 
NR,T,TOTAL,TRA24	98907	97096	98335	99265	100809	102782	106643	107455	105454	108169	112242	112721	113956 e	115105 e	116222 e	117330 e	118436 e	119460 e	120286 e	: 	: 	: 	: 	: 	: 	: 	: 	: 	: 	: 
NR,T,TOTAL,TRB	3929719	3854869	3827576	3824817	3801911	3774582	3756322	3709838	3647531	3638401	3618056	3558432	3525590 e	3491860 e	3458839 e	3426991 e	3396791 e	3365677 e	3330466 e	: 	: 	: 	: 	: 	: 	: 	: 	: 	: 	: 
NR,T,TOTAL,TRB1	1762077	1726199	1711847	1700468	1690843	1681719	1673852	1663811	1625158	1626357	1623891	1598897	1586694 e	1574043 e	1561649 e	1549730 e	1538491 e	1526779 e	1513151 e	: 	: 	: 	: 	: 	: 	: 	: 	: 	: 	: 
NR,T,TOTAL,TRB11	797036	786676	781305	772904	769544	762538	762366	757930	740643	736884	733789	722065	715347 e	708473 e	701743 e	695252 e	689095 e	682754 e	675584 e	: 	: 	: 	: 	: 	: 	: 	: 	: 	: 	: 
NR,T,TOTAL,TRB12	595638	583671	578789	574304	568753	568239	562703	558556	552646	550667	547562	541258	537862 e	534287 e	530781 e	527421 e	524275 e	520951 e	516956 e	: 	: 	: 	: 	: 	: 	: 	: 	: 	: 	: 
NR,T,TOTAL,TRB13	281205	273354	269560	267184	266019	265514	262507	262263	255170	255745	256091	251552	249792 e	247952 e	246150 e	244419 e	242792 e	241086 e	239074 e	: 	: 	: 	: 	: 	: 	: 	: 	: 	: 	: 
NR,T,TOTAL,TRB14	88198	82498	82193	86076	86527	85428	86276	85062	76699	83061	86449	84022	83693 e	83331 e	82975 e	82638 e	82329 e	81988 e	81537 e	: 	: 	: 	: 	: 	: 	: 	: 	: 	: 	: 
NR,T,TOTAL,TRB2	2167642	2128670	2115729	2124349	2111068	2092863	2082470	2046027	2022373	2012044	1994165	1959535	1938896 e	1917817 e	1897190 e	1877261 e	1858300 e	1838898 e	1817315 e	: 	: 	: 	: 	: 	: 	: 	: 	: 	: 	: 
NR,T,TOTAL,TRB21	1123784	1106891	1100190	1096397	1085542	1070113	1051975	1022532	1035418	1022310	1004369	979671	967356 e	954869 e	942657 e	930835 e	919544 e	908079 e	895585 e	: 	: 	: 	: 	: 	: 	: 	: 	: 	: 	: 
NR,T,TOTAL,TRB22	407992	404544	406501	408728	411216	412553	413260	414706	406886	404484	404309	405509	404496 e	403312 e	402141 e	401050 e	400082 e	398946 e	397259 e	: 	: 	: 	: 	: 	: 	: 	: 	: 	: 	: 
NR,T,TOTAL,TRB23	349396	341474	341225	340449	338023	337156	337253	336624	328767	328489	326897	327886	326496 e	324981 e	323493 e	322079 e	320778 e	319355 e	317504 e	: 	: 	: 	: 	: 	: 	: 	: 	: 	: 	: 
NR,T,TOTAL,TRB24	286470	275761	267813	278775	276287	273041	279982	272165	251302	256761	258590	246469	240548 e	234655 e	228899 e	223297 e	217896 e	212518 e	206967 e	: 	: 	: 	: 	: 	: 	: 	: 	: 	: 	: 
NR,T,TOTAL,TRC	8847980	8665165	8508887	8385540	8250718	8096352	7958473	7816173	7592772	7462893	7350752	7170849	7033111 e	6895304 e	6760663 e	6629825 e	6503998 e	6378024 e	6245978 e	: 	: 	: 	: 	: 	: 	: 	: 	: 	: 	: 
NR,T,TOTAL,TRC1	2795617	2756910	2715553	2665265	2616082	2570208	2519139	2471979	2414833	2364249	2318281	2261242	2216052 e	2170885 e	2126759 e	2083867 e	2042597 e	2001321 e	1958184 e	: 	: 	: 	: 	: 	: 	: 	: 	: 	: 	: 
NR,T,TOTAL,TRC11	2028563	2005515	1974244	1931836	1889466	1844438	1799558	1753596	1700763	1653670	1612223	1560023	1517498 e	1475271 e	1434036 e	1393881 e	1355113 e	1316610 e	1277168 e	: 	: 	: 	: 	: 	: 	: 	: 	: 	: 	: 
NR,T,TOTAL,TRC12	624513	615076	610484	602774	597835	597184	595261	593931	590935	588475	585067	582762	581056 e	579109 e	577189 e	575388 e	573770 e	571915 e	569278 e	: 	: 	: 	: 	: 	: 	: 	: 	: 	: 	: 
NR,T,TOTAL,TRC13	142541	136319	130825	130655	128781	128586	124320	124452	123135	122104	120991	118457	117498 e	116505 e	115534 e	114598 e	113714 e	112796 e	111738 e	: 	: 	: 	: 	: 	: 	: 	: 	: 	: 	: 
NR,T,TOTAL,TRC2	3768205	3685654	3613746	3546516	3480715	3409417	3354242	3287197	3192329	3128748	3067052	2983813	2918636 e	2853625 e	2790121 e	2728358 e	2668867 e	2609500 e	2547846 e	: 	: 	: 	: 	: 	: 	: 	: 	: 	: 	: 
NR,T,TOTAL,TRC21	2035809	1985753	1940627	1892320	1845667	1801980	1762075	1716254	1663371	1613737	1574224	1523099	1480639 e	1438494 e	1397339 e	1357259 e	1318554 e	1280131 e	1240820 e	: 	: 	: 	: 	: 	: 	: 	: 	: 	: 	: 
NR,T,TOTAL,TRC22	1732396	1699901	1673119	1654196	1635048	1607437	1592167	1570943	1528958	1515011	1492828	1460714	1437997 e	1415131 e	1392782 e	1371099 e	1350313 e	1329369 e	1307026 e	: 	: 	: 	: 	: 	: 	: 	: 	: 	: 	: 
NR,T,TOTAL,TRC3	2284158	2222601	2179588	2173759	2153921	2116727	2085092	2056997	1985610	1969896	1965419	1925794	1898423 e	1870794 e	1843783 e	1817600 e	1792534 e	1767203 e	1739948 e	: 	: 	: 	: 	: 	: 	: 	: 	: 	: 	: 
NR,T,TOTAL,TRC31	829195	809719	796237	796591	788996	779738	773026	764033	744606	737852	750697	745778	741523 e	737009 e	732582 e	728347 e	724396 e	720191 e	715048 e	: 	: 	: 	: 	: 	: 	: 	: 	: 	: 	: 
NR,T,TOTAL,TRC32	599103	585252	576899	566633	557593	547581	534205	524499	510200	497998	485616	472487	461602 e	450758 e	440166 e	429861 e	419929 e	410031 e	399787 e	: 	: 	: 	: 	: 	: 	: 	: 	: 	: 	: 
NR,T,TOTAL,TRC33	524190	503236	483788	490184	488966	475255	466982	457997	430109	430424	429287	416001	407036 e	398092 e	389355 e	380858 e	372674 e	364506 e	356014 e	: 	: 	: 	: 	: 	: 	: 	: 	: 	: 	: 
NR,T,TOTAL,TRC34	331670	324394	322664	320351	318366	314153	310879	310468	300695	303622	299819	291528	288262 e	284935 e	281680 e	278534 e	275535 e	272475 e	269099 e	: 	: 	: 	: 	: 	: 	: 	: 	: 	: 	: 
NR,T,TOTAL,UK	66647112	66273576	65844142	65379044	64853393	64351203	63905342	63495088	63022532	62510197	62042343	61571647	61073279	60620361	60182050	59793759	59501394	59239564	58999781	58785246	58579685	58394596	58239312	58094587	57943472	57788017	57649210	57511594	57338199	57156972
NR,T,TOTAL,UKC	2656980	2648215	2640686	2630654	2621766	2614782	2606603	2599436	2591626	2581096	2572348	2565644	2557242	2549800	2543746	2540442	2540504	2540317	2541756	2546868	2555598	2564474	2572258	2579582	2585688	2591304	2592640	2589200	2585700	2583200
NR,T,TOTAL,UKC1	1201543	1197992	1194437	1190177	1186123	1183175	1179963	1177121	1173646	1168781	1165178	1161826	1157100	1152783	1149222	1146883	1145885	1145691	1146454	1147178	1148544	1150270	1152180	1154560	1156646	1157601	1157829	1157900	1156000	1153100
NR,T,TOTAL,UKC11	290998	290209	289143	288222	287333	286590	285439	284333	283277	282071	280939	279652	278459	277406	276380	275906	275375	274433	273138	271426	269814	268522	268026	267888	267978	268276	267818	266800	266200	265700
NR,T,TOTAL,UKC12	276988	276687	276244	275232	274379	273990	273802	273629	273274	273080	273764	274740	275448	276222	276872	277337	278104	279487	280918	282004	283488	284787	286043	287854	288936	288905	289287	290200	290300	290500
NR,T,TOTAL,UKC13	106522	106426	106349	106169	105948	105822	105617	105534	105273	104658	103992	103135	102032	100870	99780	99095	98657	98154	97991	98130	98722	99222	99380	99388	99306	99324	99286	99300	99300	99300
NR,T,TOTAL,UKC14	527035	524670	522701	520554	518463	516773	515105	513625	511822	508972	506483	504299	501161	498285	496190	494545	493749	493617	494408	495617	496520	497739	498732	499428	500426	501097	501439	501500	500200	497600
NR,T,TOTAL,UKC2	1455437	1450223	1446249	1440477	1435643	1431607	1426640	1422315	1417980	1412315	1407170	1403818	1400142	1397017	1394524	1393559	1394619	1394626	1395301	1399690	1407054	1414205	1420078	1425022	1429042	1433704	1434812	1431200	1429600	1430100
NR,T,TOTAL,UKC21	319010	318440	318254	316981	316661	316621	316448	316389	315858	314964	314260	313493	312151	311049	310431	309785	308965	307919	307356	307419	307366	306998	306280	305868	306238	306337	306108	305800	305200	304100NR,T,TOTAL,UKC22	858694	854140	850712	846421	842164	838554	834248	830379	826475	821268	816418	813019	809906	807193	804460	802978	803393	802903	802785	805648	811070	816950	822262	826076	828211	831278	832100	829300	828500	829900
NR,T,TOTAL,UKC23	277733	277643	277283	277075	276818	276432	275944	275547	275647	276083	276492	277306	278085	278775	279633	280796	282261	283804	285160	286624	288618	290256	291536	293080	294593	296088	296604	296100	295900	296100
NR,T,TOTAL,UKD	7300075	7272136	7241212	7199476	7153981	7118192	7093959	7070201	7038003	7003144	6972458	6944041	6915555	6885901	6855292	6827646	6799855	6779061	6773604	6773669	6782644	6793276	6802012	6818793	6833422	6842822	6843884	6842000	6836200	6827100
NR,T,TOTAL,UKD1	498083	498216	498641	498745	498545	498463	498860	499524	499952	500458	500823	500819	499778	497890	495949	493086	489963	488214	487698	487874	488589	488602	487458	486768	486896	487084	487205	486800	486700	487000
NR,T,TOTAL,UKD11	232618	232951	233496	234066	234182	234226	234676	235599	236221	236582	236797	236690	236221	235661	235446	235073	234475	234491	234933	235754	236494	236920	237393	237738	238274	239318	240495	240900	241000	241600
NR,T,TOTAL,UKD12	265465	265265	265145	264679	264363	264237	264184	263925	263731	263876	264026	264129	263557	262229	260503	258013	255488	253723	252766	252119	252095	251682	250065	249030	248622	247766	246710	245900	245700	245400
NR,T,TOTAL,UKD3	2822003	2808080	2789735	2767348	2741974	2721819	2707445	2693358	2673791	2651011	2630100	2609479	2590604	2573330	2557067	2544360	2531076	2519852	2516218	2515914	2518702	2521919	2526639	2535770	2542920	2548336	2551097	2552400	2549700	2544100
NR,T,TOTAL,UKD33	553230	549785	543394	535562	524322	516265	512092	506702	497777	488209	480622	473993	467163	459763	450353	440857	432505	425593	: 	: 	: 	: 	: 	: 	: 	: 	: 	: 	: 	: 
NR,T,TOTAL,UKD34	492658	488890	484573	480248	476004	471339	467047	463404	459356	454569	449898	445314	441094	437165	433539	431234	428879	427292	: 	: 	: 	: 	: 	: 	: 	: 	: 	: 	: 	: 
NR,T,TOTAL,UKD35	517992	516210	514040	511298	508359	506248	504696	503465	502228	500586	498804	496811	495235	494726	495398	496265	496609	497230	: 	: 	: 	: 	: 	: 	: 	: 	: 	: 	: 	: 
NR,T,TOTAL,UKD36	612383	610593	608251	605543	602967	600985	598949	596619	593464	589463	584973	580106	576301	573020	570337	568588	566194	563738	: 	: 	: 	: 	: 	: 	: 	: 	: 	: 	: 	: 
NR,T,TOTAL,UKD37	645740	642602	639477	634697	630322	626982	624661	623168	620966	618184	615803	613255	610811	608656	607440	607416	606889	605999	: 	: 	: 	: 	: 	: 	: 	: 	: 	: 	: 	: 
NR,T,TOTAL,UKD4	1495318	1490434	1487102	1480296	1473818	1469371	1466592	1463274	1459318	1455120	1452056	1450334	1447726	1443073	1437098	1430877	1423873	1418686	1415703	1412500	1411773	1412180	1411924	1413434	1414304	1412802	1408516	1403900	1400900	1396700
NR,T,TOTAL,UKD41	148753	148708	148595	148132	147613	147561	147800	147749	147279	146542	145516	144393	143502	142597	141751	140898	139936	138968	138324	138214	138900	139158	138763	139168	139536	139214	138344	137600	137300	137100
NR,T,TOTAL,UKD42	139098	139586	139932	140072	140537	141262	141827	142053	142390	142631	142722	143264	143659	143679	143385	142874	142385	142196	142652	143015	143558	144817	146546	148586	150158	150910	150660	149400	146900	146800
NR,T,TOTAL,UKD44	254791	253180	252325	251015	249547	248376	247569	246320	245293	244565	244072	244398	244932	245046	244104	242569	240996	239963	: 	: 	: 	: 	: 	: 	: 	: 	: 	: 	: 	: 
NR,T,TOTAL,UKD45	391144	389876	389102	387252	385295	383807	383267	382885	381590	379797	378863	378313	376865	374493	371960	369109	365721	362856	: 	: 	: 	: 	: 	: 	: 	: 	: 	: 	: 	: 
NR,T,TOTAL,UKD46	330381	329088	328662	327466	326389	325760	325267	325173	325047	324836	324709	324387	324156	323645	323160	323594	324238	325223	: 	: 	: 	: 	: 	: 	: 	: 	: 	: 	: 	: 
NR,T,TOTAL,UKD47	231151	229996	228486	226359	224437	222605	220862	219094	217719	216749	216174	215579	214612	213613	212738	211833	210597	209480	: 	: 	: 	: 	: 	: 	: 	: 	: 	: 	: 	: 
NR,T,TOTAL,UKD6	931347	927799	924261	919711	915471	911368	907796	904677	901375	898513	895916	892773	887944	882454	877286	873257	869716	866490	: 	: 	: 	: 	: 	: 	: 	: 	: 	: 	: 	: 
NR,T,TOTAL,UKD61	210829	210443	209336	208365	207228	205920	204480	203252	201976	200654	199091	197346	195562	193783	192390	191887	191780	191392	: 	: 	: 	: 	: 	: 	: 	: 	: 	: 	: 	: 
NR,T,TOTAL,UKD62	380694	379276	378077	376510	375148	373788	372680	371551	369874	368539	367589	366084	363527	360930	358571	356442	354432	352706	: 	: 	: 	: 	: 	: 	: 	: 	: 	: 	: 	: 
NR,T,TOTAL,UKD63	339824	338080	336848	334836	333095	331660	330636	329874	329525	329320	329236	329343	328855	327741	326325	324928	323504	322392	: 	: 	: 	: 	: 	: 	: 	: 	: 	: 	: 	: 
NR,T,TOTAL,UKD7	1553324	1547607	1541473	1533376	1524173	1517171	1513266	1509368	1503567	1498042	1493563	1490636	1489503	1489154	1487892	1486066	1485227	1485819	: 	: 	: 	: 	: 	: 	: 	: 	: 	: 	: 	: 
NR,T,TOTAL,UKD71	457712	455965	454634	452689	450854	449280	448146	447438	446716	446193	445908	445518	445226	444959	444806	444940	445282	446105	: 	: 	: 	: 	: 	: 	: 	: 	: 	: 	: 	: 
NR,T,TOTAL,UKD72	496784	493633	489577	484229	477721	473172	470998	467927	463529	459459	455993	454041	453324	452678	450188	446522	444372	442835	443954	447234	450828	454835	458910	463028	466381	469688	472428	474600	475200	475600
NR,T,TOTAL,UKD73	275562	275062	274748	274489	274007	273632	273589	273886	273872	273973	274427	274896	275457	276395	277881	279369	280367	281867	283110	283750	284660	285808	286974	288222	289710	291332	292507	292900	293400	294300
NR,T,TOTAL,UKD74	323266	322947	322514	321969	321591	321087	320533	320117	319450	318417	317235	316181	315496	315122	315017	315235	315206	315012	315754	316757	317820	319506	321565	324512	327588	329850	331744	333500	334600	335200
NR,T,TOTAL,UKE	5486230	5462595	5437756	5407699	5375167	5349043	5327399	5302562	5271538	5239130	5211063	5181446	5149113	5121277	5085823	5044818	5013295	4988442	4967626	4957467	4957014	4957632	4959408	4960914	4960331	4957114	4951588	4942600	4928600	4916700
NR,T,TOTAL,UKE1	932645	931065	929189	926818	924558	922928	921510	919564	916612	914144	912723	910195	905900	902286	897815	890940	883649	877984	874791	874433	875815	877431	879215	881526	882916	880626	876845	873600	869700	865700
NR,T,TOTAL,UKE11	261149	261049	260359	259308	258020	257317	257115	256582	256122	256107	256390	256235	255609	255305	254081	251807	250017	249671	251100	254079	257818	260834	263310	265452	266310	265696	265170	264400	261900	259300
NR,T,TOTAL,UKE12	339625	338591	337923	337270	336982	336640	335981	335290	334121	333161	332602	331657	329722	327920	326175	323483	320243	316740	313182	310328	307994	306168	304812	304261	303368	300809	297609	295200	294400	293200
NR,T,TOTAL,UKE13	331871	331425	330907	330240	329556	328971	328414	327692	326369	324876	323731	322303	320569	319061	317559	315650	313389	311573	310509	310026	310002	310428	311092	311814	313238	314120	314066	314000	313400	313100
NR,T,TOTAL,UKE2	824054	820874	818141	814066	810048	807558	804925	801039	796538	791442	787264	783385	778641	774256	769411	763325	757696	753342	748051	741937	736770	732402	729297	726508	722634	718406	717074	715900	712200	709100
NR,T,TOTAL,UKE21	210235	208886	207538	206339	204716	202875	200840	198675	196405	193714	191560	190253	189359	188577	187402	185271	183010	181668	180199	178126	176711	175615	174712	173664	172766	172177	171669	172000	172000	172000
NR,T,TOTAL,UKE22	613819	611988	610603	607727	605332	604683	604085	602364	600133	597728	595704	593132	589282	585679	582009	578054	574686	571674	567852	563811	560060	556788	554586	552844	549868	546230	545404	544000	540100	537200
NR,T,TOTAL,UKE3	1404971	1397266	1389426	1380458	1370817	1362340	1355465	1348096	1338373	1328405	1319708	1310906	1303030	1296474	1288363	1280024	1273968	1268932	1266406	1268130	1271764	1274901	1277415	1279414	1282016	1285440	1287664	1288500	1288700	1288600
NR,T,TOTAL,UKE31	820943	817158	813490	808811	804450	800470	796703	793588	790167	786899	783475	778929	774248	769790	765669	762527	759178	755273	752568	752677	754799	757333	759578	761976	764330	765740	766894	768000	768300	767300
NR,T,TOTAL,UKE32	584028	580108	575936	571647	566367	561870	558762	554508	548206	541506	536233	531977	528782	526684	522694	517497	514790	513659	513838	515454	516965	517568	517836	517438	517687	519699	520770	520400	520400	521300
NR,T,TOTAL,UKE4	2324560	2313390	2301000	2286357	2269744	2256217	2245499	2233863	2220015	2205139	2191368	2176960	2161542	2148261	2130234	2110529	2097982	2088184	2078378	2072966	2072664	2072898	2073480	2073466	2072764	2072642	2070005	2064600	2058000	2053300
NR,T,TOTAL,UKE41	536986	535328	533670	531191	528708	526739	525144	523748	520568	515209	509868	504357	498518	493515	488011	481924	477188	472975	468938	467028	467467	468600	470002	470984	471250	470849	469930	469200	467600	465900
NR,T,TOTAL,UKE42	792525	788325	782935	777117	769294	763150	759219	754120	749160	745770	742808	740130	737397	735684	729075	720357	717016	716030	714488	714122	715402	716117	716042	714734	713298	713097	711859	708600	705000	703500
NR,T,TOTAL,UKE44	651117	648752	645456	642500	638869	635531	632260	628835	624279	619144	614834	610021	604655	599534	594766	590503	586907	583363	: 	: 	: 	: 	: 	: 	: 	: 	: 	: 	: 	: 
NR,T,TOTAL,UKE45	343932	340985	338939	335549	332873	330797	328876	327160	326008	325016	323858	322452	320972	319528	318382	317745	316871	315816	: 	: 	: 	: 	: 	: 	: 	: 	: 	: 	: 	: 
NR,T,TOTAL,UKF	4811065	4781284	4748491	4701311	4657381	4617902	4583149	4552652	4522260	4489370	4456375	4422902	4385722	4347877	4310294	4273230	4238370	4205676	4178849	4160260	4142544	4126482	4114195	4099866	4081692	4063806	4046292	4024100	4002200	3984500
NR,T,TOTAL,UKF1	2210381	2199851	2187643	2170611	2155431	2141903	2129007	2116662	2104311	2090780	2076533	2062927	2050500	2039897	2027643	2013740	2000834	1989015	1981105	1978407	1976334	1973261	1970894	1968876	1966416	1963788	1960282	1954500	1948100	1942700
NR,T,TOTAL,UKF11	258746	258148	256607	255041	253087	251804	250943	249768	247966	245491	242912	240873	239003	237272	235468	233648	232383	231334	230760	231023	231072	230685	229851	228438	227099	225882	224673	223500	222300	221000
NR,T,TOTAL,UKF12	285393	284668	283831	282602	281502	280561	279880	279273	278410	277337	276323	275407	274320	273265	272218	271019	269541	268158	267274	266779	266507	266429	267076	267978	268486	269032	269398	269000	268400	267300
NR,T,TOTAL,UKF13	510300	507715	505553	502291	500273	497993	495314	492947	490900	488809	486446	483499	480298	477556	475004	472830	470785	468487	466118	463226	460148	456995	454012	451757	449688	448163	446922	445600	444800	444300
NR,T,TOTAL,UKF14	331297	329448	326963	321827	316650	312505	309560	306185	301813	297266	292782	289452	287304	285632	282211	277574	273641	270335	269839	272138	275451	277980	277649	277158	277414	277954	279238	279600	278300	276400
NR,T,TOTAL,UKF15	475079	472688	469747	465610	462183	459047	455777	453045	451136	449147	446846	443939	440850	437971	435045	431761	428098	425007	422588	421126	419086	417776	418690	419418	419597	419641	419242	418300	417900	418100
NR,T,TOTAL,UKF16	349566	347184	344942	343240	341736	339993	337533	335444	334086	332730	331224	329757	328725	328201	327697	326908	326386	325694	324526	324116	324070	323396	323617	324126	324132	323116	320810	318500	316500	315700
NR,T,TOTAL,UKF2	1843764	1828762	1812852	1789613	1767307	1747794	1732295	1719017	1704627	1689857	1676611	1662694	1645620	1626570	1607741	1591648	1578132	1565018	1553842	1545416	1536858	1529646	1524108	1516140	1506283	1496870	1487904	1477600	1467700	1459300
NR,T,TOTAL,UKF21	357394	355165	351506	346759	341221	336530	333331	330846	327256	322297	317565	313368	308917	304027	297819	291370	286953	283999	283272	284864	287974	289810	290325	291390	290622	287562	283784	281700	281600	282300
NR,T,TOTAL,UKF22	736439	729863	724555	715536	708320	701796	695980	691022	686391	681852	678211	674210	668895	663534	659401	655664	651475	647147	642326	637439	630811	627305	627180	623914	619944	617486	614888	609700	604200	599400
NR,T,TOTAL,UKF24	403687	400857	397393	392939	387940	383543	380251	377438	374724	372342	369861	367173	364163	359931	355266	352381	350404	347503	: 	: 	: 	: 	: 	: 	: 	: 	: 	: 	: 	: 
NR,T,TOTAL,UKF25	346244	342877	339398	334379	329826	325925	322733	319711	316256	313366	310974	307943	303645	299078	295255	292233	289300	286369	: 	: 	: 	: 	: 	: 	: 	: 	: 	: 	: 	: 
NR,T,TOTAL,UKF3	756920	752671	747996	741087	734643	728205	721847	716973	713322	708733	703231	697281	689602	681410	674910	667842	659404	651643	643902	636436	629352	623575	619193	614851	608992	603148	598106	592000	586400	582500
NR,T,TOTAL,UKF30	756920	752671	747996	741087	734643	728205	721847	716973	713322	708733	703231	697281	689602	681410	674910	667842	659404	651643	643902	636436	629352	623575	619193	614851	608992	603148	598106	592000	586400	582500
NR,T,TOTAL,UKG	5907872	5873091	5835748	5782942	5734320	5694326	5658977	5625705	5587184	5546881	5512061	5474043	5433639	5398060	5363510	5335902	5313303	5290941	5275176	5270792	5271656	5266815	5262662	5259978	5253103	5247612	5241652	5233500	5224100	5216000
NR,T,TOTAL,UKG1	1352539	1344393	1338055	1327386	1319504	1312357	1305682	1299764	1293901	1288952	1284388	1277162	1267120	1256718	1247460	1240657	1234211	1226855	1218863	1211678	1207186	1201692	1194033	1188310	1183993	1177764	1170902	1163800	1157300	1154000
NR,T,TOTAL,UKG11	192214	191274	190298	189039	188142	187087	185803	184410	183216	182597	182053	180835	178992	177319	176285	175812	175422	175035	174248	172804	171506	169740	167512	166249	165553	164341	162786	161200	160200	159800
NR,T,TOTAL,UKG12	592158	589076	585980	581270	577538	574268	570950	567907	565322	563191	561566	559421	556385	553029	550014	547986	545898	543370	540923	538496	536360	534022	530769	527790	525359	522050	518276	514400	511000	509000
NR,T,TOTAL,UKG13	568167	564043	561777	557077	553824	551002	548929	547447	545363	543164	540769	536906	531743	526370	521161	516859	512891	508450	503692	500378	499320	497930	495752	494272	493081	491374	489840	488200	486200	485200
NR,T,TOTAL,UKG2	1626956	1619877	1613788	1603003	1594600	1588088	1581454	1575136	1567473	1558437	1551138	1543007	1532695	1522425	1513156	1505553	1498214	1491916	1486606	1482312	1480057	1476078	1469902	1466884	1464414	1459331	1455329	1452500	1448400	1443600
NR,T,TOTAL,UKG21	177450	175986	174753	172716	170740	169210	168235	167336	166199	165232	164461	163698	163004	162085	161046	160194	159596	158952	157210	154788	153315	151285	147962	146198	145290	143842	142746	141800	140700	139300
NR,T,TOTAL,UKG22	319189	317237	315963	313333	311521	309944	308769	307770	305793	303280	301264	299056	296062	293020	290156	287854	285892	284067	282366	280386	278334	276034	275362	275273	273602	271265	269587	269000	268600	268200
NR,T,TOTAL,UKG23	256127	255553	254495	252692	251339	250576	249977	249252	248029	246617	245663	244584	243363	242263	241265	240546	239979	240172	241206	243060	244714	246329	248168	249120	249368	248991	248696	249100	249300	249100
NR,T,TOTAL,UKG24	874190	871101	868577	864262	861000	858358	854473	850778	847452	843308	839750	835669	830266	825057	820689	816959	812747	808725	805824	804078	803694	802431	798411	796292	796154	795233	794300	792600	789700	787000
NR,T,TOTAL,UKG3	2928377	2908821	2883905	2852553	2820216	2793881	2771841	2750805	2725810	2699492	2676535	2653874	2633824	2618917	2602894	2589692	2580878	2572170	2569708	2576802	2584412	2589044	2598726	2604785	2604696	2610517	2615422	2617200	2618400	2618400
NR,T,TOTAL,UKG31	1148862	1142772	1132613	1120531	1107271	1096887	1088705	1079752	1067738	1055635	1044585	1034058	1024982	1017813	1008583	999439	993423	987582	984880	987416	990546	992515	997368	1000098	999624	1002780	1004839	1004400	1003800	1002700
NR,T,TOTAL,UKG32	215055	214096	213052	211504	210526	209696	208298	207155	206565	205879	205098	203954	202734	201937	201338	200821	200257	199778	199294	199602	200463	200722	200400	199890	199528	198941	199022	200000	200500	201200
NR,T,TOTAL,UKG33	369461	363346	356670	348752	339665	331742	325466	319709	314285	309526	306268	303291	300768	299237	298263	299400	300962	302048	302935	303953	304922	304870	305581	304761	302396	302140	302762	303400	304600	305400
NR,T,TOTAL,UKG36	320320	319401	318489	316945	315995	315025	313967	313420	312728	311638	310725	309519	308244	307421	306571	305866	305601	305321	: 	: 	: 	: 	: 	: 	: 	: 	: 	: 	: 	: 
NR,T,TOTAL,UKG37	328774	326722	324039	320870	317692	315119	312610	310139	307598	304226	300306	296463	293543	291468	289628	287978	286377	285103	: 	: 	: 	: 	: 	: 	: 	: 	: 	: 	: 	: 
NR,T,TOTAL,UKG38	283663	281888	280067	277369	274882	272927	271399	270168	268164	265784	263893	261974	260179	258793	257414	256003	254811	253802	: 	: 	: 	: 	: 	: 	: 	: 	: 	: 	: 	: 
NR,T,TOTAL,UKG39	262242	260596	258975	256582	254185	252485	251396	250462	248732	246804	245660	244615	243374	242248	241097	240185	239447	238536	: 	: 	: 	: 	: 	: 	: 	: 	: 	: 	: 	: 
NR,T,TOTAL,UKH	6235410	6197813	6148608	6102398	6046485	5984503	5928877	5884137	5835002	5779529	5730000	5681075	5629997	5584574	5535748	5491472	5453490	5416651	5387718	5356847	5320375	5284472	5249838	5219230	5191808	5166142	5148479	5131800	5104500	5079000
NR,T,TOTAL,UKH1	2521676	2509078	2493326	2475882	2456564	2434456	2416785	2403234	2385006	2361712	2341273	2321845	2300885	2281263	2257246	2231970	2208463	2188252	2177336	2165948	2151809	2137794	2121715	2106092	2091270	2079874	2074297	2070500	2057100	2039900
NR,T,TOTAL,UKH11	201799	199901	197826	195202	192081	189436	187494	185516	183087	180336	177472	174208	171141	168512	165322	162107	159756	158080	157028	156568	156198	156142	157268	158434	158382	156844	155551	154800	154200	154000
NR,T,TOTAL,UKH12	653412	650190	646421	643068	638360	632047	627404	624114	618614	610573	603538	597591	591630	586293	579074	571612	563837	556812	553036	549475	546264	541936	534664	526543	520690	518856	517601	513400	507200	499300
NR,T,TOTAL,UKH14	760472	758050	754039	749409	745096	739140	734335	731470	727080	721118	716294	711775	706077	700427	693504	685284	678027	672278	671210	669924	665688	662047	657900	653670	648206	643218	642554	646300	644800	639600
NR,T,TOTAL,UKH15	370822	369269	367260	364764	361984	359497	357457	355458	353411	350974	348410	346386	344590	342586	339822	337037	334529	332672	: 	: 	: 	: 	: 	: 	: 	: 	: 	: 	: 	: 
NR,T,TOTAL,UKH16	257538	256860	255705	254931	253785	252164	250836	250000	248770	247464	246727	245539	243660	241664	239807	238210	236493	234821	: 	: 	: 	: 	: 	: 	: 	: 	: 	: 	: 	: 
NR,T,TOTAL,UKH17	277633	274808	272075	268508	265258	262172	259259	256676	254044	251247	248832	246346	243787	241781	239717	237720	235821	233589	: 	: 	: 	: 	: 	: 	: 	: 	: 	: 	: 	: 
NR,T,TOTAL,UKH2	1871847	1859787	1841673	1827766	1806939	1784776	1763546	1745325	1726575	1706697	1688942	1671667	1654898	1640939	1628689	1621121	1615722	1607705	1598494	1588428	1576494	1563982	1553115	1545002	1538846	1531728	1525397	1518400	1510200	1504700
NR,T,TOTAL,UKH21	218045	217468	215285	214760	211884	208796	206451	204565	201591	197492	193738	190902	188512	186326	184459	184257	185297	185733	185690	185240	184627	183211	181868	181482	181104	179728	177244	174800	173000	171400
NR,T,TOTAL,UKH23	1194634	1188520	1178654	1170831	1159721	1147378	1134946	1124535	1113800	1102186	1091087	1079257	1068139	1059398	1051498	1046424	1042921	1038021	1032670	1026912	1020204	1013050	1006175	1001218	997602	993252	989976	986600	982100	980000
NR,T,TOTAL,UKH24	173237	171457	169372	167613	165210	162791	160464	158610	157153	155644	154467	153603	152693	152027	151503	150966	150105	148824	: 	: 	: 	: 	: 	: 	: 	: 	: 	: 	: 	: 
NR,T,TOTAL,UKH25	285931	282342	278362	274562	270124	265811	261685	257615	254031	251375	249650	247905	245554	243188	241229	239474	237399	235127	: 	: 	: 	: 	: 	: 	: 	: 	: 	: 	: 	: 
NR,T,TOTAL,UKH3	1841887	1828948	1813609	1798750	1782982	1765271	1748546	1735578	1723421	1711120	1699785	1687563	1674214	1662372	1649813	1638381	1629305	1620694	1611886	1602471	1592072	1582696	1575008	1568136	1561692	1554541	1548785	1543000	1537300	1534500
NR,T,TOTAL,UKH31	183453	182529	181198	179918	178810	177298	175661	174678	173171	171034	169058	166769	164568	163183	162041	161433	161278	160731	160974	162250	163368	164456	164216	163634	164157	163936	162958	161800	160900	160300
NR,T,TOTAL,UKH32	173405	171427	169404	167242	164930	162568	160575	159041	157392	155767	154287	152663	150947	149348	147773	146490	145321	143986	142405	140491	139084	137014	135004	134014	132916	132064	131274	129800	128100	126900
NR,T,TOTAL,UKH34	492514	488881	484356	479733	474327	468809	464562	461073	457985	455006	452754	450428	446902	443392	439007	434662	431277	428514	: 	: 	: 	: 	: 	: 	: 	: 	: 	: 	: 	: 
NR,T,TOTAL,UKH35	308522	306031	303245	300935	298469	295110	291560	288558	285696	282806	280054	277533	275229	272933	271030	270098	269582	269051	: 	: 	: 	: 	: 	: 	: 	: 	: 	: 	: 	: 
NR,T,TOTAL,UKH36	319145	317602	315560	313144	311084	308777	306342	304765	303347	301665	299694	297909	296546	295366	293760	291176	288425	286303	: 	: 	: 	: 	: 	: 	: 	: 	: 	: 	: 	: 
NR,T,TOTAL,UKH37	364848	362478	359846	357778	355362	352709	349846	347463	345830	344842	343938	342261	340022	338150	336202	334522	333422	332109	: 	: 	: 	: 	: 	: 	: 	: 	: 	: 	: 	: 
NR,T,TOTAL,UKI	8982256	8899823	8797265	8718245	8603110	8478369	8363095	8256568	8133525	8002621	7877924	7753358	7646200	7558958	7476424	7414336	7386268	7350091	7279558	7195312	7109704	7040168	6994622	6943765	6893325	6859009	6836950	6829400	6814100	6775200
NR,T,TOTAL,UKI3	1190513	1173602	1163136	1153642	1138443	1120811	1108567	1099576	1089392	1081014	1074595	1070507	1069622	1067469	1055913	1040785	1033084	1023389	: 	: 	: 	: 	: 	: 	: 	: 	: 	: 	: 	: 
NR,T,TOTAL,UKI31	270016	263267	258711	253459	246322	239339	233951	229465	224784	221229	219045	218408	218712	218241	216343	212910	211312	210589	: 	: 	: 	: 	: 	: 	: 	: 	: 	: 	: 	: 
NR,T,TOTAL,UKI32	253137	246701	243396	240016	233979	227609	224524	221657	218393	217091	217838	219668	221737	222999	218856	212799	209563	205728	: 	: 	: 	: 	: 	: 	: 	: 	: 	: 	: 	: 
NR,T,TOTAL,UKI33	339909	338633	338648	339672	340132	339046	338798	339847	341017	341681	340858	339536	339666	340818	339772	337331	336310	333723	: 	: 	: 	: 	: 	: 	: 	: 	: 	: 	: 	: 
NR,T,TOTAL,UKI34	327451	325001	322381	320495	318010	314817	311294	308607	305198	301013	296854	292895	289507	285411	280942	277745	275899	273349	: 	: 	: 	: 	: 	: 	: 	: 	: 	: 	: 	: 
NR,T,TOTAL,UKI4	2430890	2402934	2367065	2337518	2294960	2248524	2205293	2165178	2121080	2076113	2032253	1984546	1940802	1906096	1880782	1866665	1861855	1851970	: 	: 	: 	: 	: 	: 	: 	: 	: 	: 	: 	: 
NR,T,TOTAL,UKI41	638859	631042	620856	611330	598021	585049	573712	563057	549323	532036	515325	499187	484507	474285	469203	468360	467474	461488	: 	: 	: 	: 	: 	: 	: 	: 	: 	: 	: 	: 
NR,T,TOTAL,UKI42	319821	311945	304440	297363	289198	279094	268620	259823	252266	244512	236194	228579	221832	215892	212265	209902	207836	204068	: 	: 	: 	: 	: 	: 	: 	: 	: 	: 	: 	: 
NR,T,TOTAL,UKI43	516586	512109	505189	499943	490781	481353	473034	465487	457383	449724	441559	431023	421976	415636	410063	406649	405300	402649	: 	: 	: 	: 	: 	: 	: 	: 	: 	: 	: 	: 
NR,T,TOTAL,UKI44	627380	621457	613046	606995	598287	588370	578896	569897	561013	553964	547560	538694	529713	521179	513283	508489	508612	510541	: 	: 	: 	: 	: 	: 	: 	: 	: 	: 	: 	: 
NR,T,TOTAL,UKI45	328244	326381	323534	321887	318673	314658	311031	306914	301095	295877	291615	287063	282774	279104	275968	273265	272633	273224	: 	: 	: 	: 	: 	: 	: 	: 	: 	: 	: 	: 
NR,T,TOTAL,UKI5	1940638	1924106	1899556	1880090	1853173	1826033	1800748	1778692	1752126	1720016	1689986	1661514	1636886	1617931	1602478	1592431	1585087	1574401	: 	: 	: 	: 	: 	: 	: 	: 	: 	: 	: 	: 
NR,T,TOTAL,UKI51	538801	533542	526582	520585	512901	504881	497602	491277	484118	475899	469144	463817	459254	455118	450532	446246	442501	438442	: 	: 	: 	: 	: 	: 	: 	: 	: 	: 	: 	: 
NR,T,TOTAL,UKI52	476061	471305	464135	457004	448569	440711	433574	427691	422047	415431	408010	401566	397116	394347	392347	391451	391465	390924	: 	: 	: 	: 	: 	: 	: 	: 	: 	: 	: 	: 
NR,T,TOTAL,UKI53	587575	583179	576407	572056	565113	558052	550776	544126	535158	523876	513110	501639	491026	482362	476090	472697	469827	466022	: 	: 	: 	: 	: 	: 	: 	: 	: 	: 	: 	: 
NR,T,TOTAL,UKI54	338201	336080	332432	330445	326590	322389	318796	315598	310803	304810	299722	294492	289490	286104	283509	282037	281294	279013	: 	: 	: 	: 	: 	: 	: 	: 	: 	: 	: 	: 
NR,T,TOTAL,UKI6	1316772	1308866	1295666	1288011	1276233	1263221	1249370	1234689	1220637	1208538	1197733	1185864	1175104	1167132	1159646	1154550	1153565	1153332	: 	: 	: 	: 	: 	: 	: 	: 	: 	: 	: 	: 
NR,T,TOTAL,UKI61	334536	332040	328464	326422	323432	319860	316086	312286	309571	307747	305959	303801	301810	300204	298380	297290	296963	296459	: 	: 	: 	: 	: 	: 	: 	: 	: 	: 	: 	: 
NR,T,TOTAL,UKI62	389473	387699	384082	381706	378588	375358	371411	367011	361410	355377	351058	346693	342254	339771	338105	336551	335692	335286	: 	: 	: 	: 	: 	: 	: 	: 	: 	: 	: 	: 
NR,T,TOTAL,UKI63	592763	589127	583120	579883	574213	568003	561873	555392	549656	545414	540716	535370	531040	527157	523161	520709	520910	521587	: 	: 	: 	: 	: 	: 	: 	: 	: 	: 	: 	: 
NR,T,TOTAL,UKI7	2103443	2090315	2071842	2058984	2040301	2019780	1999117	1978433	1950290	1916940	1883357	1850927	1823786	1800330	1777605	1759905	1752677	1746999	: 	: 	: 	: 	: 	: 	: 	: 	: 	: 	: 	: 
NR,T,TOTAL,UKI71	395839	391527	386330	381819	376287	371032	366036	360647	354516	348662	342546	337046	332840	329205	325660	322798	321203	320045	: 	: 	: 	: 	: 	: 	: 	: 	: 	: 	: 	: 
NR,T,TOTAL,UKI72	331616	330001	327763	324931	321774	318600	315862	313423	308517	301446	294505	287085	279881	273710	269632	268321	269091	269736	: 	: 	: 	: 	: 	: 	: 	: 	: 	: 	: 	: 
NR,T,TOTAL,UKI73	344837	344882	343745	344520	343615	342527	341203	339821	336720	332050	327023	321372	317028	314081	311442	309116	308700	308285	: 	: 	: 	: 	: 	: 	: 	: 	: 	: 	: 	: 
NR,T,TOTAL,UKI74	559903	555710	549894	545726	539688	532741	526066	519578	511498	503087	494944	487019	480727	475327	468802	463418	460636	457582	: 	: 	: 	: 	: 	: 	: 	: 	: 	: 	: 	: 
NR,T,TOTAL,UKI75	471248	468195	464110	461988	458937	454880	449950	444964	439039	431695	424339	418405	413310	408007	402069	396252	393047	391351	: 	: 	: 	: 	: 	: 	: 	: 	: 	: 	: 	: 
NR,T,TOTAL,UKJ	9175033	9120911	9055647	8989881	8911571	8833374	8758925	8688804	8615530	8534609	8458920	8389142	8311342	8237107	8168243	8110839	8066827	8034561	8007024	7972861	7921981	7870970	7826754	7781692	7737286	7692383	7664883	7642900	7613600	7583300
NR,T,TOTAL,UKJ1	2417428	2402507	2385514	2368548	2347205	2325301	2304318	2284847	2264895	2242650	2221257	2200859	2178786	2158009	2137192	2120767	2110108	2103552	2098584	2088952	2075422	2062464	2048748	2032531	2012392	1992900	1981839	1969900	1958800	1945800
NR,T,TOTAL,UKJ11	915157	909896	903632	897691	889996	882129	874499	867353	860798	853118	844806	835645	825233	816006	807878	802831	801551	802340	801974	798727	796284	794300	789607	782552	773422	765504	759989	754500	751300	747900
NR,T,TOTAL,UKJ12	271677	269861	266865	264700	261708	258296	254574	251318	247644	242795	237887	233302	229115	225325	221467	218536	216307	213864	211255	208234	204762	201262	198156	194504	190148	185930	182159	179300	177300	175600
NR,T,TOTAL,UKJ13	543128	539043	534519	530094	524010	518187	513250	508777	504692	500816	497600	494954	491423	487436	483830	481149	479474	478945	478158	476534	473980	471613	469964	468342	465991	462996	460954	457900	455200	452300
NR,T,TOTAL,UKJ14	687466	683707	680498	676063	671491	666689	661995	657399	651761	645921	640964	636958	633015	629242	624017	618251	612776	608403	607196	605458	600396	595290	591022	587134	582831	578470	578737	578200	574900	570000
NR,T,TOTAL,UKJ2	2909838	2892767	2871387	2852269	2827820	2802800	2778314	2755648	2733391	2709001	2686149	2665296	2640736	2615748	2595072	2580452	2569157	2560911	2553980	2545994	2527532	2507523	2491949	2477664	2466810	2455809	2449512	2445100	2436300	2427000
NR,T,TOTAL,UKJ21	292169	290134	287676	285637	282362	279321	276854	274334	271211	267524	263777	260077	256839	254188	251333	249832	249778	249839	249370	248400	247412	245780	243622	242200	241364	240734	240772	240700	240300	239900
NR,T,TOTAL,UKJ22	558626	555379	550928	547293	542765	537686	532961	529179	525444	522023	519792	517553	513729	510041	506776	503091	499047	495035	492403	490528	487190	483555	481070	479011	477106	474826	472875	470600	467100	465600
NR,T,TOTAL,UKJ25	791570	788522	783976	780069	774131	767984	761796	755837	749841	742750	735988	731011	725110	717520	711370	708610	707236	706569	: 	: 	: 	: 	: 	: 	: 	: 	: 	: 	: 	: 
NR,T,TOTAL,UKJ26	404293	401936	399192	396622	394088	391128	387277	383880	380817	377057	373050	368993	364186	359863	357156	355429	353962	353315	: 	: 	: 	: 	: 	: 	: 	: 	: 	: 	: 	: 
NR,T,TOTAL,UKJ27	457549	454686	450736	447306	443417	439630	436004	432154	429012	426549	424279	421887	418913	416044	413708	411257	408731	406274	: 	: 	: 	: 	: 	: 	: 	: 	: 	: 	: 	: 
NR,T,TOTAL,UKJ28	405631	402110	398879	395342	391057	387051	383422	380264	377066	373098	369263	365775	361959	358092	354729	352233	350403	349879	: 	: 	: 	: 	: 	: 	: 	: 	: 	: 	: 	: 
NR,T,TOTAL,UKJ3	1993050	1985074	1973952	1961230	1946199	1932133	1920223	1908507	1894162	1877812	1862903	1850318	1838375	1828056	1815819	1802994	1792758	1784935	1777435	1769786	1761444	1752242	1743873	1734445	1724164	1713120	1704860	1699300	1692200	1687200
NR,T,TOTAL,UKJ31	216023	215351	214027	211936	209287	207362	206598	205968	204040	200816	197481	195447	195411	196108	194873	191863	189355	188231	187932	187794	188444	189273	189462	189210	188412	187646	187502	187200	186500	186100
NR,T,TOTAL,UKJ32	254361	253418	251383	248236	244091	240985	239186	237195	234444	231537	229210	227814	226942	226638	225104	222754	221197	219977	218406	216665	215794	214610	213306	212051	210152	207808	205958	205100	204400	203700
NR,T,TOTAL,UKJ34	141606	141110	140621	140010	139535	138920	138677	138604	138348	138338	138483	138458	137979	137428	136510	135308	134319	133387	132178	130714	129286	127940	127001	126432	125803	125333	125424	125800	126300	127100
NR,T,TOTAL,UKJ35	460523	458471	455994	453370	451107	448506	445501	442727	439661	436320	433455	430614	427082	423816	421694	420614	419554	418449	: 	: 	: 	: 	: 	: 	: 	: 	: 	: 	: 	: 
NR,T,TOTAL,UKJ36	551640	548744	545509	542641	539086	535267	531459	527876	524838	521411	517813	514388	510620	507163	504353	501834	499562	497309	: 	: 	: 	: 	: 	: 	: 	: 	: 	: 	: 	: 
NR,T,TOTAL,UKJ37	368897	367980	366418	365037	363093	361093	358802	356137	352831	349390	346461	343597	340341	336903	333285	330621	328771	327582	: 	: 	: 	: 	: 	: 	: 	: 	: 	: 	: 	: 
NR,T,TOTAL,UKJ4	1854717	1840563	1824794	1807834	1790347	1773140	1756070	1739802	1723082	1705146	1688611	1672669	1653445	1635294	1620160	1606626	1594804	1585163	1577026	1568128	1557584	1548742	1542184	1537052	1533920	1530554	1528672	1528600	1526400	1523300
NR,T,TOTAL,UKJ41	280894	279725	277282	276079	274197	271955	269415	266511	263795	261460	259204	257011	254636	252763	251767	251297	250693	249971	249089	247428	245862	243828	241800	241352	242002	242601	243151	243100	242600	241700
NR,T,TOTAL,UKJ43	366135	362224	358254	353972	349687	345393	341156	337460	334066	330459	326798	322786	318406	314874	311747	309025	306993	305474	: 	: 	: 	: 	: 	: 	: 	: 	: 	: 	: 	: 
NR,T,TOTAL,UKJ44	538428	534973	530794	525848	520451	515570	511155	507104	502600	497396	493529	490660	486156	481878	478237	473675	468707	464736	: 	: 	: 	: 	: 	: 	: 	: 	: 	: 	: 	: 
NR,T,TOTAL,UKJ45	300082	296667	293430	289819	286360	282780	279200	275817	272444	269000	265784	262652	258903	254767	251135	248201	245804	243419	: 	: 	: 	: 	: 	: 	: 	: 	: 	: 	: 	: 
NR,T,TOTAL,UKJ46	369178	366974	365034	362116	359652	357442	355144	352910	350177	346831	343296	339560	335344	331012	327274	324428	322607	321563	: 	: 	: 	: 	: 	: 	: 	: 	: 	: 	: 	: 
NR,T,TOTAL,UKK	5616381	5578303	5538113	5494303	5447407	5400450	5358575	5320318	5281091	5244033	5215946	5187813	5145224	5103024	5062212	5022479	4991402	4959781	4930219	4899016	4865211	4838392	4810204	4787473	4769467	4745356	4723778	4701100	4678200	4660900
NR,T,TOTAL,UKK1	2516568	2496022	2474784	2453872	2429519	2404752	2382428	2362209	2342716	2324183	2307856	2291124	2269956	2248953	2227452	2206808	2191319	2178352	2168292	2157968	2143665	2130318	2116824	2104902	2096908	2087798	2078248	2068000	2056200	2047100
NR,T,TOTAL,UKK11	467099	462938	457635	453320	447241	441110	435725	430563	425553	421004	416896	413354	410163	406908	400586	393593	390605	389894	390248	390716	390192	389280	389180	390261	391161	390780	390586	391400	390700	387500
NR,T,TOTAL,UKK12	690838	684079	677946	671781	664313	657530	651205	644946	640403	636774	633614	630612	626153	621367	616919	612758	609105	605672	602504	598233	592848	587556	582355	578366	576024	573556	570107	566400	564000	565500
NR,T,TOTAL,UKK13	635249	630457	625630	620363	614691	608894	604123	600273	596199	592313	589060	586525	583073	578832	574792	570981	567885	565733	564790	562802	558370	556502	554016	548910	545387	542508	539862	537200	534400	531700
NR,T,TOTAL,UKK14	222517	221067	219463	218076	216769	214998	212973	210818	208294	205636	202919	199205	194615	190985	188009	185348	183218	181096	179871	179471	178566	176492	173936	172320	171860	171962	172116	171800	171100	170200
NR,T,TOTAL,UKK15	500865	497481	494110	490332	486505	482220	478402	475609	472267	468456	465367	461428	455952	450861	447146	444128	440506	435957	430880	426746	423689	420488	417338	415044	412476	408993	405578	401300	396000	392000
NR,T,TOTAL,UKK2	1336003	1329868	1322286	1313859	1304470	1295993	1288448	1280933	1271821	1261896	1255012	1248807	1237825	1227304	1219046	1211551	1205467	1197243	1188367	1180186	1173310	1167905	1160398	1153797	1147669	1139276	1132590	1126200	1120100	1115600
NR,T,TOTAL,UKK21	348309	347520	345189	343018	340505	338000	335727	333142	328781	322857	317923	314580	310406	306851	304426	303092	303360	302757	301453	300460	300208	299900	297946	296502	295728	294578	293522	292100	291100	290300
NR,T,TOTAL,UKK22	427063	425418	423796	421887	419650	417760	415970	414414	412923	411428	410942	410300	407708	404653	402114	399725	397140	393556	390590	387540	384714	382956	380682	378156	374912	370980	368074	366200	364000	362900
NR,T,TOTAL,UKK23	560631	556930	553301	548954	544315	540233	536751	533377	530117	527611	526147	523927	519711	515800	512506	508734	504967	500930	496324	492185	488388	485050	481770	479139	477029	473718	470995	467900	465100	462500
NR,T,TOTAL,UKK3	568612	564588	560526	555014	550437	546137	542252	538254	534024	530325	527976	525791	522278	518794	515683	512391	508789	504464	499775	495030	490310	486572	482997	480600	478861	476069	473889	472300	470600	467800
NR,T,TOTAL,UKK30	568612	564588	560526	555014	550437	546137	542252	538254	534024	530325	527976	525791	522278	518794	515683	512391	508789	504464	499775	495030	490310	486572	482997	480600	478861	476069	473889	472300	470600	467800
NR,T,TOTAL,UKK4	1195198	1187825	1180517	1171558	1162981	1153568	1145447	1138922	1132530	1127629	1125102	1122091	1115165	1107973	1100031	1091729	1085827	1079722	1073784	1065832	1057926	1053596	1049986	1048174	1046028	1042213	1039050	1034600	1031300	1030500
NR,T,TOTAL,UKK41	264135	263789	262723	261876	260961	259546	258164	257162	255399	253645	252790	251846	250188	248335	245750	243684	242950	241724	241338	241849	242436	244468	246909	249038	249912	251646	253531	252300	253100	255800
NR,T,TOTAL,UKK42	136051	135496	134820	134084	133523	132711	131816	131336	131290	131509	131824	132095	131979	131989	132023	131557	130838	130214	129220	127393	125618	124725	124630	124832	124300	122592	121514	121700	121300	121100
NR,T,TOTAL,UKK43	795012	788540	782974	775598	768497	761311	755467	750424	745841	742475	740488	738150	732998	727649	722258	716488	712039	707784	703227	696590	689872	684403	678446	674304	671816	667976	664006	660600	656900	653600
NR,T,TOTAL,UKL	3136383	3126522	3119255	3106222	3095703	3087359	3078358	3068915	3056650	3044206	3032140	3015844	2995800	2977257	2963141	2947316	2930091	2916333	2908551	2903734	2900060	2897196	2893088	2889910	2887982	2885502	2880616	2875300	2867300	2858300
NR,T,TOTAL,UKL1	1968383	1963646	1960764	1954376	1948946	1944635	1940620	1936308	1930295	1924712	1919910	1912884	1902611	1892334	1885170	1876909	1866411	1858041	1853859	1852710	1852937	1854382	1855698	1857981	1860724	1860980	1859388	1857400	1855000	1851500
NR,T,TOTAL,UKL11	70073	70036	69732	69807	70039	70122	70067	69975	69837	69824	69864	69759	69504	69200	68892	68406	67966	67802	67852	67938	67835	67900	68350	68509	68806	69480	69576	69300	69400	69600
NR,T,TOTAL,UKL12	124147	123763	123549	122983	122283	121775	121825	121767	121308	120719	120011	119530	119213	118823	118647	118334	117654	117066	116772	116530	116873	117495	117546	117506	116928	116024	115572	115200	115000	115100
NR,T,TOTAL,UKL13	212675	212317	211913	211541	211277	210854	210009	209414	209011	208925	209058	208686	207634	206646	206282	205675	204590	203395	201960	200504	199626	199106	198655	198686	198657	197990	197209	197100	196500	195800
NR,T,TOTAL,UKL14	386480	385582	383991	383446	383585	383914	383624	382653	381027	379614	378825	377445	374689	372018	370298	368270	365571	363181	361240	359198	357206	355676	354438	354011	353556	351990	350470	349000	347600	346800
NR,T,TOTAL,UKL15	299239	298524	298473	297234	296258	295541	294857	293882	293085	292915	292649	292022	291364	290705	290148	289131	288035	287937	288352	289504	291021	292518	293458	293856	294352	294739	294976	294700	294000	292400
NR,T,TOTAL,UKL16	343280	342706	342361	341781	341334	340777	340289	339982	339367	338575	337681	336399	334900	333381	332354	331684	331108	330694	330627	330760	330646	330748	330934	331326	332484	333460	333786	334100	334800	334400
NR,T,TOTAL,UKL17	286272	285385	285732	284147	282487	281080	280140	279560	278684	277704	276978	275767	273684	271512	269808	268170	265948	263874	263086	263500	264339	264706	265334	266606	267938	268504	268320	268300	268400	268800
NR,T,TOTAL,UKL18	246217	245333	245013	243437	241683	240572	239809	239075	237976	236436	234844	233276	231623	230049	228741	227239	225539	224092	223969	224778	225391	226233	226982	227482	228002	228794	229480	229700	229300	228400
NR,T,TOTAL,UKL2	1168000	1162876	1158491	1151846	1146757	1142724	1137738	1132607	1126355	1119494	1112230	1102960	1093189	1084923	1077971	1070407	1063680	1058292	1054692	1051024	1047123	1042814	1037390	1031930	1027258	1024523	1021228	1017900	1012300	1006900
NR,T,TOTAL,UKL21	244891	243493	243936	241782	240223	239330	238517	237652	236533	235041	233562	231886	230289	228915	227670	226419	224919	223364	222008	220992	220922	220850	220183	219686	219058	217784	216315	215700	214400	213800
NR,T,TOTAL,UKL22	497646	494565	491731	487751	484140	481198	477647	473920	469976	465833	461162	455716	450182	445647	441547	436710	433271	430833	430042	429492	427581	425584	422972	419392	416523	416085	415634	415000	413600	411000
NR,T,TOTAL,UKL23	293370	292539	290399	289781	289654	289407	288673	287997	286897	285671	284560	282960	281237	279769	278896	278375	277804	277344	276376	274657	273085	271360	269956	269954	270056	269418	268559	267200	265500	264300
NR,T,TOTAL,UKL24	132093	132279	132425	132532	132740	132789	132901	133038	132949	132949	132946	132398	131481	130592	129858	128903	127686	126751	126266	125883	125535	125021	124279	122898	121622	121236	120720	120000	118800	117700
NR,T,TOTAL,UKM	5454238	5436926	5414723	5388865	5360273	5337613	5320664	5306795	5280584	5246559	5216921	5185976	5151079	5121130	5096767	5075851	5066792	5064592	5063564	5067418	: 	: 	: 	: 	: 	: 	: 	: 	: 	: 
NR,T,TOTAL,UKM2	2085169	2085169	2085169	2071557 e	2059154 e	2047902	2038225	2029125	2014403	1997342	1983494	1969549	1953468	1938765	1925409	1913711	1908104	1905474	1902374	1898002	: 	: 	: 	: 	: 	: 	: 	: 	: 	: 
NR,T,TOTAL,UKM21	265263	265263	265263	265267 e	264810 e	264614	264169	263676	262428	260714	259373	258000	256535	255381	254082	253004	252962	253488	254652	256494	: 	: 	: 	: 	: 	: 	: 	: 	: 	: 
NR,T,TOTAL,UKM22	421321	421321	421321	419810 e	418648 e	418297	417788	417117	415370	413320	411969	410301	408085	405695	403158	400598	399184	398349	397182	395888	: 	: 	: 	: 	: 	: 	: 	: 	: 	: 
NR,T,TOTAL,UKM23	192698	192698	192698	190809 e	189229 e	187205	185592	184219	182409	180854	179599	177444	174870	173288	172564	172129	171897	171502	171072	170376	: 	: 	: 	: 	: 	: 	: 	: 	: 	: 
NR,T,TOTAL,UKM24	114423	114423	114423	114111 e	113953 e	113957	113791	113782	113754	113604	113445	112744	111502	110514	109822	108894	107940	107204	106594	106031	: 	: 	: 	: 	: 	: 	: 	: 	: 	: 
NR,T,TOTAL,UKM25	507921	507921	507921	501316 e	495356 e	490009	485006	480239	473940	466590	460882	457285	454051	450763	447675	445584	446391	448251	448725	447811	: 	: 	: 	: 	: 	: 	: 	: 	: 	: 
NR,T,TOTAL,UKM26	159477	159477	159477	158724 e	157959 e	157420	156965	156512	155675	154651	153714	152772	151668	150582	149191	147516	146332	145569	144958	144620	: 	: 	: 	: 	: 	: 	: 	: 	: 	: 
NR,T,TOTAL,UKM27	244285	244285	244285	242905 e	241437 e	239722	238852	237943	236150	234076	232332	230598	228502	226511	224677	223409	222394	221437	221148	220881	: 	: 	: 	: 	: 	: 	: 	: 	: 	: 
NR,T,TOTAL,UKM28	179781	179781	179781	178615 e	177762 e	176678	176062	175637	174677	173533	172180	170405	168255	166031	164240	162577	161004	159674	158043	155901	: 	: 	: 	: 	: 	: 	: 	: 	: 	: 
NR,T,TOTAL,UKM3	2349308	2349308	2349308	2341746 e	2339246 e	2335115	2332594	2332336	2326753	2317233	2309167	2300139	2290746	2284882	2282364	2280652	2282633	2286155	2287840	2293410	: 	: 	: 	: 	: 	: 	: 	: 	: 	: 
NR,T,TOTAL,UKM31	222493	222493	222493	221874 e	222397 e	222192	221436	221601	221907	222124	222666	223221	224002	224392	225021	226464	227852	228910	229823	230506	: 	: 	: 	: 	: 	: 	: 	: 	: 	: 
NR,T,TOTAL,UKM32	149155	149155	149155	149408 e	149710 e	150112	150542	151103	151226	151095	151059	150658	150050	149670	149130	148239	147734	147693	147663	147880	: 	: 	: 	: 	: 	: 	: 	: 	: 	: 
NR,T,TOTAL,UKM33	251729	251729	251729	251964 e	252259 e	252999	253800	254465	254380	253910	253462	252595	251432	250702	250390	249950	249513	249494	249774	250482	: 	: 	: 	: 	: 	: 	: 	: 	: 	: 
NR,T,TOTAL,UKM34	611177	611177	611177	605996 e	603682 e	599181	596831	595101	589790	584081	578935	573996	570125	568878	569418	570922	574376	577594	577860	579980	: 	: 	: 	: 	: 	: 	: 	: 	: 	: 
NR,T,TOTAL,UKM35	347677	347677	347677	346701 e	346498 e	346134	345855	346347	346170	345132	344590	344147	343570	343658	343974	344316	345349	346174	346899	347795	: 	: 	: 	: 	: 	: 	: 	: 	: 	: 
NR,T,TOTAL,UKM36	337839	337839	337839	337257 e	336783 e	336760	336711	336686	336995	335713	334205	332220	329945	327914	326272	324538	323105	321846	321283	321768	: 	: 	: 	: 	: 	: 	: 	: 	: 	: 
NR,T,TOTAL,UKM37	112410	112410	112410	112388 e	112381 e	112693	112884	112944	112759	112517	112511	112456	112216	112029	111906	111659	111592	111892	112226	112569	: 	: 	: 	: 	: 	: 	: 	: 	: 	: 
NR,T,TOTAL,UKM38	316828	316828	316828	316158 e	315536 e	315044	314535	314089	313526	312661	311739	310846	309406	307639	306253	304564	303112	302552	302312	302430	: 	: 	: 	: 	: 	: 	: 	: 	: 	: 
NR,T,TOTAL,UKM5	495365	494624	491323	492173	490875	487150	482660	478294	473634	468596	463461	458850	453837	448538	444381	441522	440026	439179	439594	441113	: 	: 	: 	: 	: 	: 	: 	: 	: 	: 
NR,T,TOTAL,UKM50	495365	494624	491323	492173	490875	487150	482660	478294	473634	468596	463461	458850	453837	448538	444381	441522	440026	439179	439594	441113	: 	: 	: 	: 	: 	: 	: 	: 	: 	: 
NR,T,TOTAL,UKM6	470990	470743	469420	468903	467889	467326	466737	466605	465794	463388	460799	457438	453028	448945	444613	439966	436029	433784	433756	434893	: 	: 	: 	: 	: 	: 	: 	: 	: 	: 
NR,T,TOTAL,UKM61	94917	94841	93795	93817	93746	93916	94178	94374	95216	94898	94471	93808	93066	92336	91348	90246	89461	89091	89121	89204	: 	: 	: 	: 	: 	: 	: 	: 	: 	: 
NR,T,TOTAL,UKM62	204193	203819	204114	203463	202069	200697	199420	198742	197175	195568	193930	191475	188215	185536	183010	180608	178412	176607	175737	175582	: 	: 	: 	: 	: 	: 	: 	: 	: 	: 
NR,T,TOTAL,UKM63	100012	100161	99530	99671	100078	100611	100914	101154	101420	101532	101698	101955	101997	101769	101478	100986	100469	100554	100956	101403	: 	: 	: 	: 	: 	: 	: 	: 	: 	: 
NR,T,TOTAL,UKM64	26688	26816	26919	26984	27158	27324	27480	27627	27595	27469	27310	27207	27096	26953	26747	26503	26356	26354	26617	27009	: 	: 	: 	: 	: 	: 	: 	: 	: 	: 
NR,T,TOTAL,UKM65	22055	21949	21929	21765	21624	21568	21541	21482	21279	21037	20803	20618	20417	20161	19901	19642	19394	19243	19252	19350	: 	: 	: 	: 	: 	: 	: 	: 	: 	: 
NR,T,TOTAL,UKM66	23125	23157	23133	23203	23214	23210	23204	23226	23109	22884	22587	22375	22237	22190	22129	21981	21937	21935	22073	22345	: 	: 	: 	: 	: 	: 	: 	: 	: 	: 
NR,T,TOTAL,UKM7	1998699	1988307	1976392	1961928	1946564	1933992	1924614	1915517	: 	: 	: 	: 	: 	: 	: 	: 	: 	: 	: 	: 	: 	: 	: 	: 	: 	: 	: 	: 	: 	: 
NR,T,TOTAL,UKM71	265465	265352	264882	264954	264979	264628	264193	263705	: 	: 	: 	: 	: 	: 	: 	: 	: 	: 	: 	: 	: 	: 	: 	: 	: 	: 	: 	: 	: 	: 
NR,T,TOTAL,UKM72	423970	423227	422262	420560	418935	418307	417837	417143	: 	: 	: 	: 	: 	: 	: 	: 	: 	: 	: 	: 	: 	: 	: 	: 	: 	: 	: 	: 	: 	: 
NR,T,TOTAL,UKM73	197947	195767	193814	191564	189376	187199	185600	184229	: 	: 	: 	: 	: 	: 	: 	: 	: 	: 	: 	: 	: 	: 	: 	: 	: 	: 	: 	: 	: 	: 
NR,T,TOTAL,UKM75	520483	515655	510193	502983	495714	490039	485044	480295	: 	: 	: 	: 	: 	: 	: 	: 	: 	: 	: 	: 	: 	: 	: 	: 	: 	: 	: 	: 	: 	: 
NR,T,TOTAL,UKM76	161029	160517	159757	158928	158077	157425	156978	156524	: 	: 	: 	: 	: 	: 	: 	: 	: 	: 	: 	: 	: 	: 	: 	: 	: 	: 	: 	: 	: 	: 
NR,T,TOTAL,UKM77	246780	245885	244764	243594	241610	239716	238875	237965	: 	: 	: 	: 	: 	: 	: 	: 	: 	: 	: 	: 	: 	: 	: 	: 	: 	: 	: 	: 	: 	: 
NR,T,TOTAL,UKM78	183025	181904	180720	179345	177873	176678	176087	175656	: 	: 	: 	: 	: 	: 	: 	: 	: 	: 	: 	: 	: 	: 	: 	: 	: 	: 	: 	: 	: 	: 
NR,T,TOTAL,UKM8	1541998	1536415	1531216	1520628	1510438	1504303	1500987	1499887	: 	: 	: 	: 	: 	: 	: 	: 	: 	: 	: 	: 	: 	: 	: 	: 	: 	: 	: 	: 	: 	: 
NR,T,TOTAL,UKM81	223516	223582	223862	223155	222551	222195	221458	221628	: 	: 	: 	: 	: 	: 	: 	: 	: 	: 	: 	: 	: 	: 	: 	: 	: 	: 	: 	: 	: 	: 
NR,T,TOTAL,UKM82	627479	623085	619172	611807	604115	599196	596895	595150	: 	: 	: 	: 	: 	: 	: 	: 	: 	: 	: 	: 	: 	: 	: 	: 	: 	: 	: 	: 	: 	: 
NR,T,TOTAL,UKM83	351257	350432	349624	347955	346759	346140	345893	346384	: 	: 	: 	: 	: 	: 	: 	: 	: 	: 	: 	: 	: 	: 	: 	: 	: 	: 	: 	: 	: 	: 
NR,T,TOTAL,UKM84	339746	339316	338558	337711	337013	336772	336741	336725	: 	: 	: 	: 	: 	: 	: 	: 	: 	: 	: 	: 	: 	: 	: 	: 	: 	: 	: 	: 	: 	: 
NR,T,TOTAL,UKM9	947186	946837	946372	945233	944507	944842	945666	946492	: 	: 	: 	: 	: 	: 	: 	: 	: 	: 	: 	: 	: 	: 	: 	: 	: 	: 	: 	: 	: 	: 
NR,T,TOTAL,UKM91	115230	114980	114762	114286	114027	113960	113809	113807	: 	: 	: 	: 	: 	: 	: 	: 	: 	: 	: 	: 	: 	: 	: 	: 	: 	: 	: 	: 	: 	: 
NR,T,TOTAL,UKM92	148871	149160	149359	149600	149812	150124	150555	151128	: 	: 	: 	: 	: 	: 	: 	: 	: 	: 	: 	: 	: 	: 	: 	: 	: 	: 	: 	: 	: 	: 
NR,T,TOTAL,UKM93	251307	251687	252036	252245	252445	253002	253837	254492	: 	: 	: 	: 	: 	: 	: 	: 	: 	: 	: 	: 	: 	: 	: 	: 	: 	: 	: 	: 	: 	: 
NR,T,TOTAL,UKM94	112461	112559	112576	112437	112459	112700	112889	112954	: 	: 	: 	: 	: 	: 	: 	: 	: 	: 	: 	: 	: 	: 	: 	: 	: 	: 	: 	: 	: 	: 
NR,T,TOTAL,UKM95	319317	318451	317639	316665	315764	315056	314576	314111	: 	: 	: 	: 	: 	: 	: 	: 	: 	: 	: 	: 	: 	: 	: 	: 	: 	: 	: 	: 	: 	: 
NR,T,TOTAL,UKN	1885189	1875957	1866638	1857048	1846229	1835290	1826761	1818995	1809539	1799019	1786187	1770363	1752366	1735396	1720850	1709428	1701197	1693118	1686348	1681179	1678599	1674733	1666710	1655654	1646641	1639839	1629620	1615490	1601451	1593021
NR,T,TOTAL,UKN0	1885189	1875957	1866638	1857048	1846229	1835290	1826761	1818995	1809539	1799019	1786187	1770363	1752366	1735396	1720850	1709428	1701197	1693118	1686348	1681179	1678599	1674733	1666710	1655654	1646641	1639839	1629620	1615490	1601451	1593021
NR,T,TOTAL,UKN01	287498	287498	287498	285540 e	284066 e	282752	281125	280717	280682	279726	278325	276562	274842	273973	274148	275035	276150	276894	279058	282072	285014	287240	288134	288764	289729	291923	293479	293290	293759	295437
NR,T,TOTAL,UKN02	403293	403293	403293	400117 e	397429 e	395458	393557	392247	390397	388254	385249	382250	379913	377712	375059	372858	371733	370771	369559	368484	368036	367879	366044	362611	359077	355556	352029	347740	343026	339748
NR,T,TOTAL,UKN03	456982	456982	456982	451893 e	449181 e	446713	443818	441222	438209	435560	432178	427431	421534	415814	410709	406230	402787	399760	396830	393708	390656	387911	385304	382683	379847	377066	372732	367220	363602	361857
NR,T,TOTAL,UKN04	294894	294894	294894	293197 e	291916 e	291106	290168	289557	288667	287933	287068	285787	284191	282530	281007	279499	277926	276116	275197	274149	272919	270873	268227	265311	263314	261702	258817	256145	254613	253928
NR,T,TOTAL,UKN05	432561	432561	432561	427793 e	424508 e	421273	417988	415192	411584	407546	403367	398333	391886	385367	379927	375806	372601	369577	365704	362766	361974	360830	359001	356285	354674	353592	352563	351095	346451	342051
NR,T,TOTAL,UKN06	341506	340377	339905	339271	337895	335998	334552	333928	: 	: 	: 	: 	: 	: 	: 	: 	: 	: 	: 	: 	: 	: 	: 	: 	: 	: 	: 	: 	: 	: 
NR,T,TOTAL,UKN07	215246	213219	211116	209067	206782	204768	203083	201348	: 	: 	: 	: 	: 	: 	: 	: 	: 	: 	: 	: 	: 	: 	: 	: 	: 	: 	: 	: 	: 	: 
NR,T,TOTAL,UKN08	180825	179777	178427	177111	175902	175134	174271	172978	: 	: 	: 	: 	: 	: 	: 	: 	: 	: 	: 	: 	: 	: 	: 	: 	: 	: 	: 	: 	: 	: 
NR,T,TOTAL,UKN09	160975	160397	159862	159206	158378	157802	157641	157300	: 	: 	: 	: 	: 	: 	: 	: 	: 	: 	: 	: 	: 	: 	: 	: 	: 	: 	: 	: 	: 	: 
NR,T,TOTAL,UKN10	150557	150449	150325	149811	149335	148923	148633	148415	: 	: 	: 	: 	: 	: 	: 	: 	: 	: 	: 	: 	: 	: 	: 	: 	: 	: 	: 	: 	: 	: 
NR,T,TOTAL,UKN11	148378	147300	145915	144703	143458	142113	140846	139675	: 	: 	: 	: 	: 	: 	: 	: 	: 	: 	: 	: 	: 	: 	: 	: 	: 	: 	: 	: 	: 	: 
NR,T,TOTAL,UKN12	144367	144105	143746	143363	142756	142028	141577	141181	: 	: 	: 	: 	: 	: 	: 	: 	: 	: 	: 	: 	: 	: 	: 	: 	: 	: 	: 	: 	: 	: 
NR,T,TOTAL,UKN13	142565	141994	141368	140752	140222	139774	139358	138908	: 	: 	: 	: 	: 	: 	: 	: 	: 	: 	: 	: 	: 	: 	: 	: 	: 	: 	: 	: 	: 	: 
NR,T,TOTAL,UKN14	144771	143286	141917	140691	139426	137722	136571	135791	: 	: 	: 	: 	: 	: 	: 	: 	: 	: 	: 	: 	: 	: 	: 	: 	: 	: 	: 	: 	: 	: 
NR,T,TOTAL,UKN15	138948	138441	138000	137492	136904	136332	135924	135604	: 	: 	: 	: 	: 	: 	: 	: 	: 	: 	: 	: 	: 	: 	: 	: 	: 	: 	: 	: 	: 	: 
NR,T,TOTAL,UKN16	117051	116612	116057	115581	115171	114696	114305	113867	: 	: 	: 	: 	: 	: 	: 	: 	: 	: 	: 	: 	: 	: 	: 	: 	: 	: 	: 	: 	: 	: 